Size (sq. ft.),Bedrooms,Bathrooms,Age of House (Years),Distance to City Center (Miles),Price
2247.976522928395,4,4,10,18.061995814965922,3077421.2632691963
4783.142948203631,2,3,27,16.928083019283637,3482682.732
3820.7733439701824,5,3,4,17.874385140190657,3997571.8872855953
3234.097330466961,3,1,11,0.21468283648207698,3022427.926608157
1286.4820179467206,3,2,2,14.863879262491173,2000636.341827854
1286.3758894792916,3,4,40,11.023868471816614,2287383.493407631
855.5678935400776,1,4,37,11.506270731792553,1477331.4502385051
4411.175041409715,1,3,1,9.437119548319837,3276518.0478427783
3244.906051670119,3,3,25,14.879270663189564,3064540.530675586
3715.5193423026003,4,4,1,19.99680188048045,3817496.5516460086
690.5717749015307,4,3,11,14.239713349555851,2170164.538563966
4867.603349512775,1,1,39,13.593203279182525,2831610.5272770543
4262.747619521856,3,4,1,13.12331054203361,3928580.5170245734
1534.2920869844152,4,3,40,13.934712229962415,2453124.7169972765
1400.0298557112428,1,1,15,6.908038101873565,1351527.0839224677
1406.9798433551089,3,1,29,6.472372898961732,1893715.3818026371
1938.665869021966,2,4,46,15.708325767583075,2189839.337263639
2908.9282991818463,3,1,45,1.156451545324014,2671008.0367887607
2500.5580820253094,3,4,35,15.209029990247338,2835771.359312026
1881.4082168713844,5,1,3,16.295447544874413,2664468.0756425215
3292.1527367784697,5,4,10,10.479799395766728,4051153.2985782176
1213.7729868689842,2,4,23,18.2119471,1892320.4695644293
1885.4364535549598,2,4,17,9.514439999228971,2432102.344897218
2211.9921104922437,3,4,26,3.643924695107303,2967790.479448294
2606.7079305549582,4,1,36,7.291833109262789,2742190.2211965406
4054.7742301292596,2,4,1,18.126763368028616,3424524.765808375
1478.5646414967828,3,3,14,19.87539194,2136447.4000996025
2862.631529019891,1,1,10,8.494893943,2076090.8037524482
3206.624102992987,5,4,26,3.4202462573137913,4069580.0444545355
804.381816,4,1,48,5.797952676659342,1810904.7725551254
3273.1973483663287,3,1,47,11.110597216027882,2644059.647966924
1350.3061442240828,1,1,46,11.484708773715216,1080131.8147420546
886.2270091352299,5,1,22,12.63818219320224,2145022.778807887
4775.096363914667,1,4,34,16.723532114193684,3347750.457777777
4848.780945528061,3,1,29,14.25316161859175,3459000.158496513
4156.948331712429,2,3,46,5.290720507399888,3307332.673812534
1940.300584362831,5,1,23,7.9613768078504075,2760595.6741287247
1029.757301628089,1,1,18,16.812350017699867,953304.5685643645
3610.6253166534902,2,3,28,12.70431514505365,2975899.2735299896
2536.6709724542457,4,4,12,3.4117191600699974,3504774.0211300408
1136.968233317027,3,3,47,6.578222201198338,2066592.590738864
2778.778404489589,3,2,22,15.842709157374935,2627207.937201613
751.3094929069609,5,3,11,3.5246730541352735,2714834.2034750925
4601.009769146641,1,4,48,13.85190798914351,3248139.6428947677
1738.6319190400745,4,3,47,11.314377071008304,2572701.336204189
3515.098051157521,5,1,40,3.034750637382788,3561526.9309354224
1971.5287347934081,5,4,28,13.808690588215633,3234263.4737367085
2888.2992931823674,1,2,5,2.9327445160378773,2425167.6743747434
3005.5252291104302,4,4,50,8.028868024282655,3456858.172
1413.3596043123189,1,1,22,6.240342498037953,1336545.8702997176
4866.172362164058,3,2,30,13.831198058470454,3671135.1380169373
4010.5844227889042,2,4,44,15.66901089647238,3236584.911569322
4733.795342882432,3,4,20,3.449499980922678,4262580.59
4537.240341881655,3,1,23,16.25873517771894,3293118.3854907663
3230.7599067687747,5,3,7,0.24355971429170065,4040181.6772028706
4656.246634101714,3,3,43,10.648165092116406,3764832.9333128463
989.3670090284458,4,2,8,10.38409890850601,2211674.4444484203
1462.324594644239,3,1,21,12.514046471961212,1840554.2859872126
799.0000712063675,4,1,3,4.870040553660032,2051772.1426343005
2031.453455358363,1,3,12,0.29615091561100837,2214476.6274712784
2310.180074633721,5,3,33,9.149782031213848,3271767.3147969013
1793.935739805142,4,2,2,1.520983604039265,2821221.1159261027
4246.445040268489,3,3,36,17.854658347456674,3450802.2712894287
2169.714637451793,5,2,27,3.5559598812145503,3143411.039205923
1836.1118426244755,5,4,25,8.562136053223345,3286486.118352088
2987.8627658962932,4,2,49,8.736607765783635,3038872.1457367917
1220.0665898889556,4,2,45,11.102006491980275,2127666.0832091896
4129.666715317774,2,2,33,15.672393740530904,2951058.400952587
928.0228321909916,2,4,14,9.495748195124712,1968769.3702973188
4942.302521042276,5,3,7,0.6124900176874148,4888574.378271706
3997.876984905293,2,2,47,15.44509718238428,2819709.4669092786
1474.3489987503585,3,3,34,1.7352489609557409,2397142.438260382
624.2973153438505,1,2,23,12.866910515951396,1004483.3654572146
4188.030285,5,3,36,16.08824722217272,4056923.116261498
3710.172312929515,1,2,3,5.725534432372771,2790248.3859216194
3807.6315393803443,2,3,11,9.037218986,3232744.308084245
3993.5895254181614,4,1,18,0.3852832594977509,3663762.0156234433
925.7964676299976,5,4,14,16.097116471838717,2735628.8224825417
2177.2492055947996,2,2,29,14.094895689424302,2026399.607113231
1109.8238619105707,3,4,44,4.7046091483180765,2305492.666093241
4397.655073852611,5,2,36,7.8655013375292055,4126190.4282800388
3342.511758041255,5,1,11,13.936798385842115,3402192.8294081027
2055.9513093516566,4,1,18,7.2274461248390125,2558099.6502833655
879.6567413,5,4,33,3.3320540335982254,2872860.2080616048
1968.3222155489136,4,2,6,10.418260024670372,2710468.825385367
2030.806616917687,2,3,27,14.498994648700151,2155096.3335891576
3810.267184687482,3,2,27,6.484109189358622,3305124.326660886
3405.252873962938,3,3,28,2.523268206,3376833.9909712924
4503.736067335837,5,4,36,16.607928820058337,4404382.375371069
2677.745670712577,5,4,19,5.130757142,3805930.610614651
1126.2146821285276,2,1,10,10.305017586721469,1471679.9074341517
3738.277063781178,4,3,49,13.857728674835935,3511656.8764981874
3947.4542139143487,3,2,49,6.409796487844993,3265204.095304592
3069.6196693057836,4,1,38,13.007867093711123,2849325.410882987
3992.2555918000685,2,4,41,9.248219178186412,3370836.3304406237
2772.7006240033193,3,1,22,11.451689436964537,2511989.4413666865
2900.0244492807738,3,2,45,11.852464461977158,2652635.8535051616
2481.1804807776184,1,2,19,16.500598669248035,1880251.185108166
711.8441576740188,2,4,19,13.160892841363195,1762377.1401140627
1074.7222787705396,2,1,10,5.359703174469768,1544839.9940001916
738.2884170216307,1,3,1,1.2861263886550804,1603094.598842031
3400.205809560634,4,3,12,0.1395123270951415,3801985.5763427317
1983.1663167358374,1,3,12,18.097905956863208,1834297.957334972
2837.711041124692,2,2,40,18.847990030863905,2206568.6380493855
4593.292485274809,4,1,48,1.9728186045268916,3781862.788651184
1696.8858082550498,3,3,14,9.792367003816736,2447268.482155508
2405.684861356771,1,1,30,3.1167445488646353,1855180.4578054098
3924.425009589414,4,4,22,18.980106825411283,3837283.2863907986
1606.7119281631387,4,3,21,5.011967084768222,2762789.5404905225
938.7116032466892,4,1,15,10.082777202380278,1957373.1756800564
1874.9063928205794,1,2,41,3.3958418154850434,1729209.278204906
1309.3736639176195,3,4,28,6.721945582,2444920.8384309085
4690.669670307321,4,4,19,5.409446582,4506818.822
4155.729670083435,1,4,27,9.560978255146493,3216318.1880431054
3386.9765286458633,2,4,26,8.453661044240754,3159087.9615424345
4434.426596825958,1,2,43,6.682876112547468,2933228.694266347
4136.157138356104,1,2,28,2.206964591,2948612.195458302
1420.9082590985577,1,3,4,9.741291737938267,1760301.2128948309
4527.259593355902,4,2,48,17.01913956002189,3647919.9235818307
2973.1058644288632,1,2,41,14.631444398052762,2053596.9623576936
4152.736682721875,2,4,37,14.439440194837122,3367252.4555685124
4542.80172,4,2,37,7.385225561231643,3903369.2667113696
1999.215289876201,2,4,43,14.197539705572822,2265329.7689309614
1084.2284679217778,5,1,50,9.36407648,2169505.6224680385
1602.9147151845434,1,1,1,3.0904942076795687,1599320.3915429974
2479.274269955528,4,1,44,8.439090024563214,2615528.2525908174
4199.26497,4,1,19,2.741498757528789,3714475.4279832267
4387.214566327911,1,1,42,2.378208096240064,2800716.0393434716
630.5893743372391,3,1,46,0.5588802383064535,1538790.0005068078
2847.288131341289,3,1,12,5.728800589291389,2713740.971989135
2436.6084138546275,2,4,25,6.684408206414702,2724288.9609033368
1577.274366071213,1,4,34,14.018929887476002,1802931.5033904037
1127.4076162682043,1,4,45,10.806295219207193,1587250.8218542757
2085.506754175963,5,4,7,17.18314926986091,3328763.3097950807
4748.802697215085,3,2,27,3.611765471442564,3831838.957283009
2022.092900891323,3,2,40,5.392537252610299,2367868.623497773
2882.678735670811,1,3,14,18.827414611753973,2259463.993704643
3693.2834191387824,2,2,49,8.936500430818304,2787584.6190573424
2199.9702504688935,1,4,7,15.80211376666825,2213615.768005399
4875.841163972227,2,4,10,9.894136208124833,3954710.7759279343
4834.768097745289,3,1,28,9.474604574812377,3552564.8754807147
1707.8421016316022,5,1,4,3.047514131789883,2837643.686284321
2787.893425926496,4,3,46,17.038872257876864,2987842.1859100284
1923.8645631937866,3,2,46,1.659270082897929,2363419.7980432524
1853.2981752608575,2,4,6,6.274195783595526,2535838.0900628357
762.3025683599443,1,2,17,13.502014627231569,1090783.909739658
3282.083069511546,3,3,27,10.194425261079793,3166825.9476384944
2811.7877022069906,5,1,11,17.639428706733568,3062778.1950731413
826.5065054999532,2,4,11,0.8820292604795268,2105285.5856447034
1826.0444426410904,1,1,35,13.02320963804463,1342230.9466639701
4596.369898253276,4,4,28,9.601562865479783,4330826.61
1654.0723189346786,2,1,10,3.1708052870062535,1878292.9718315315
1237.5374372013816,1,1,5,14.890712951540609,1160627.377674196
2753.5921452212774,4,3,20,8.285006422579876,3275768.862263359
4936.861998086643,1,2,9,10.678479894310001,3274534.319261439
1665.043194650602,4,1,31,19.348594720625854,2055222.621017101
3557.3964085858656,4,4,46,9.775978612401252,3717851.550149225
3951.1263074463573,4,2,32,16.48512002461699,3450533.671335156
1645.6051935665585,1,2,16,15.41459271449076,1499183.6605977812
3804.151933892182,4,1,2,13.28881637,3390972.5576279163
2218.245783964714,2,1,42,17.94656165267164,1704864.5770332415
3382.1456546117497,5,1,17,5.106872774,3568608.2899291944
3387.5307273479366,5,2,9,16.433347506206495,3584771.331654156
2957.4086099289375,4,3,40,7.617971019107117,3291017.802686644
997.2749882393965,5,1,38,16.268568712616304,2047939.0379716894
4275.330980592647,5,2,42,9.926394822,3993810.511951528
2011.4322858756377,4,2,7,17.16841413357039,2592020.7783707287
1420.6814457593587,4,4,33,17.907386400090427,2551865.912982188
779.4106228409612,2,1,36,11.993113126113897,1134515.967
3199.928950028264,3,3,40,10.201776440941773,3060601.864299614
3581.2831921060424,1,4,32,15.687274852313449,2781569.0171110695
672.9864473,4,1,48,5.413025443265549,1752905.6328802898
2853.2094565168363,4,4,9,0.4054387568533969,3738168.8712256677
1596.581410870927,5,1,39,8.201182196819913,2503939.9796033823
3438.7602778015794,2,4,17,10.20470524464586,3194958.952
1367.2122876219623,5,3,24,6.015528116831254,2907968.4995786734
3640.126048,4,4,41,7.728901446581571,3825157.912998111
2301.6355237223647,4,4,40,2.747858835030283,3260533.5032648942
4721.611950441632,5,4,35,5.618069077019101,4738117.511784751
1205.0921542423703,4,1,1,4.877897423500013,2264661.0467555025
2100.6919446211373,3,1,18,6.089638391152725,2303226.1225918317
1099.283493458592,1,3,9,6.051176799758983,1648291.1288384337
4668.6519204256765,1,4,48,11.223470583847506,3334529.4666402056
4460.293154876316,1,2,2,5.086879109901846,3183081.9133444387
1734.9431619466848,3,4,18,18.82512914046378,2465641.9162683845
3503.9298025503876,4,2,50,10.274369124230363,3261150.436894904
4195.777681,5,2,25,2.6664235275543713,4184233.2879959047
3042.8835710376343,2,4,50,5.6641647834332485,2922831.408
2930.4625447664284,4,2,50,14.622174173099513,2887460.7070255415
1664.1500799619873,3,2,46,0.3718148637764765,2259311.6608097814
1009.6521783459565,3,4,24,18.762577925319324,2074247.4487709089
4547.749334994638,1,1,49,8.959020742343542,2714367.1707547656
4561.839451518654,4,4,16,10.469472556724835,4356203.192729148
3385.646412002379,1,3,9,19.769403493206607,2517108.054241375
2091.731080614283,2,2,45,10.117721411386698,1983184.0301837248
2136.5221282957077,1,3,50,18.960105489793253,1703731.872456306
3794.2049870290534,2,2,49,18.313099204283766,2650513.427533169
4547.285144,3,1,10,18.83217902045763,3311671.9095908348
4503.180266766516,1,2,10,16.26622384409804,2940938.574605615
4031.452401773545,1,4,11,5.998321882698851,3305432.681337113
3424.939243078866,5,2,39,6.993011427341031,3642282.311
970.2158459782148,3,3,47,7.363182956794753,1967517.1819575296
1311.1663420163006,5,4,7,19.58569870828268,2893542.114946814
4553.638429519148,2,3,23,7.279034529045757,3580911.4422829766
3268.287862502196,2,1,13,2.2629172534457718,2688558.504
640.4670271131705,3,3,22,15.588745003239517,1763131.531596112
1046.4747886105413,2,3,49,7.384659502482845,1695217.122359931
3519.4077840754458,3,3,35,12.456624643344282,3200244.317275155
622.2709689233623,2,4,16,18.494772204052943,1625912.9584849395
1307.555426236994,4,1,44,11.55256097788308,1967399.4116651525
3014.428673212979,1,1,4,12.79023354932197,2096082.5837243674
3644.33887,4,1,2,12.892965032856205,3318983.0523711187
3468.6295418114423,3,3,8,12.286743796594452,3313252.8130781497
1586.784961626463,3,4,19,3.2794106118709863,2697477.1866801293
3733.588573929158,4,4,49,9.182666753500234,3802813.869998892
1643.8959849859202,1,4,19,0.25251399754346326,2186570.630646408
2031.758671900778,1,3,50,12.56266960109913,1779298.8620327238
3884.562182519306,5,1,18,11.549630071022154,3685961.407943527
3458.3847558077446,2,3,20,6.430930662892338,3065246.682750343
4336.583006174383,5,4,15,10.525520513087054,4547454.010929767
3493.4967261215106,1,3,32,9.911849859970726,2653184.283965659
3100.5578546760753,4,2,4,5.093212797250798,3393087.589497339
1012.1689784436069,2,1,23,5.936422207042599,1437028.9631852687
2217.9495334615076,4,1,14,15.274565832912137,2498156.3681768286
1766.890417799592,5,4,25,15.139073151716405,3120336.6639697854
1673.5544308679678,3,3,43,9.448664789772863,2297476.837742844
4881.246440910761,4,4,24,14.378428153077992,4397727.575498138
2329.6299885337457,5,3,27,9.070945476595629,3313069.0028392775
4525.004842779298,5,2,32,17.042343294433028,4026328.4736053064
3377.009954387957,5,1,45,6.722852975951405,3393720.835779268
4097.169735583253,3,1,17,18.55312074692348,3057195.3709574747
2811.603209662845,3,3,17,10.89144464623695,2967645.630011001
3138.377092,3,1,37,10.76018843548704,2633657.6955725667
2767.077852803001,2,3,32,13.449126648088269,2519229.311544053
1459.0691463113958,3,4,26,6.883034615212219,2526546.798955771
3778.7893071506232,3,2,48,14.514158461051972,3023784.4024585895
1835.3983947397655,3,3,49,6.476459542418986,2407842.9246258205
706.9902522983969,4,2,14,8.011022716179834,2087947.589929919
3440.0781019915385,3,4,43,13.526598392181828,3299180.001
1379.2869893910154,2,4,12,7.631137116,2241693.670481875
4738.017771152823,5,4,33,4.079485041492408,4787092.102850881
4797.285738811384,4,3,3,17.450839029632583,4199299.006917358
4625.403316969973,1,2,34,18.450892077798333,2838356.7350333375
2228.6982811239554,3,2,18,12.571947891168225,2437583.1008429304
668.0091127270167,5,1,30,16.241900346837284,1923839.468
4684.601675385991,5,3,24,19.73438186001758,4292286.118596962
2484.010252596183,4,1,39,12.334017561214532,2564997.693178118
4853.281203792146,1,1,11,18.184973600675267,2872614.047986885
4839.927899192712,2,3,11,7.2491695194349175,3784653.4773119753
4353.241604056384,5,1,41,14.039401474155003,3755505.691
1895.575125106177,5,1,24,1.2105287793072423,2868249.9050712613
2294.430005848471,5,1,32,15.800533956641882,2735877.2418957152
4345.001355,5,4,36,16.61308258011839,4324911.943839034
1994.4568226876218,4,3,27,8.083391185832438,2865233.5057314797
1345.768085418807,1,4,42,12.81520481595886,1671252.8644945438
3049.9255548167407,5,1,8,17.181385937607935,3206007.976760529
4719.081006307436,2,1,13,17.683802473730097,3105537.3717834335
3662.531105369881,2,4,2,2.219977333900359,3541538.924111251
3108.269148393206,3,1,4,16.567006156004656,2667467.3691808274
1027.5765725913816,5,3,25,5.557442703329395,2742312.35
3306.031797476347,5,2,40,14.573407237121092,3426220.6721000695
4956.236940458758,5,4,17,6.570766654501851,4926376.055243659
1216.3696670407057,5,2,37,1.220960445548485,2663438.542713701
2880.6504704004415,5,2,20,4.276427126,3519469.610783797
4460.441516483004,2,2,38,8.232568338958972,3240242.3095666403
3859.3819181184995,1,4,15,14.850449539214745,3022354.886379272
3666.869260379179,1,1,39,2.104002183515916,2461027.5046235886
3690.9299695432805,3,3,22,16.277389085513178,3274590.121165694
2181.7610653669226,2,1,28,19.93932673005197,1716766.916186739
1891.8041147637707,5,3,9,15.786327099264595,3049848.4335009106
4161.189084,1,1,4,9.527356749,2734720.3251855527
4164.498936588396,4,2,10,11.406388195834332,3768794.6224818286
4415.118201752456,4,2,28,0.22259411522322375,4027780.136676081
4618.258431248474,4,3,44,4.264549373322409,4168511.1462621065
2849.906554988126,5,4,26,17.989863816054903,3599828.9192772824
2806.671696623678,5,1,33,0.5324151144301987,3292360.4641275527
4112.498787453811,3,2,13,18.10541956264994,3293813.9205782246
3459.8412954221667,3,3,40,2.353726901750531,3347519.0277803903
3688.6542599338945,3,1,41,2.7481751861808017,3049036.5443476485
4101.487745518844,4,3,9,3.589463226052756,4098627.526342685
4516.023503997291,5,4,41,16.007767966608405,4397529.310770796
2087.1786901467576,4,4,50,9.615912849,2965944.006191429
2252.5649916157536,3,1,10,2.989412941577843,2481167.1550806374
1013.5205352998236,5,4,10,13.767356211339965,2846086.062
3144.4326203831656,2,1,34,18.819698489882967,2190495.258498241
758.1460047056652,1,1,18,11.49178433752469,923910.2337066561
2648.6312797828245,1,4,23,2.064130113838716,2632705.9557189555
2987.636392713337,3,3,0,1.189537062933042,3334700.3732023253
1860.7815093644515,4,3,11,15.937859961527638,2721306.4735559905
3199.666346503647,2,1,46,12.559064682251256,2283324.797711116
734.2010997318175,5,2,13,18.460881048579566,2197555.846998635
764.3320304965434,4,1,2,10.99027800585496,1917033.3732354897
4219.442466902497,3,3,44,1.341668524536762,3727560.7810648303
2184.838822209557,4,1,49,8.133368314973138,2449424.9629096333
1159.066255668293,3,3,31,13.194014702969215,2025325.7518790795
2897.8703442411393,1,4,15,7.7592184836515345,2683423.7205518563
3987.971633633888,1,1,37,19.991868795130635,2273821.3590186485
1549.612521,4,1,9,8.167034412107526,2331138.490355222
3340.718093603601,2,4,16,10.970098916306247,3135629.9865799933
975.5288459725792,5,4,48,4.585301449211221,2820731.3121063826
827.3995731418738,3,2,39,3.127550265613615,1820821.6993629818
2937.960378899851,5,4,3,12.941580217408692,3859821.503206069
2978.794535084469,1,2,14,11.813393663622072,2247802.312374111
3404.6915665921088,2,4,32,0.18634326238505672,3303291.8361526704
3794.801868379711,2,3,38,5.767152542475069,3156730.801444671
4893.749149635152,5,1,9,12.907233502956995,4208402.822862754
2871.7215325252596,1,4,6,16.263761980075746,2545258.4447654327
2021.0084809414823,5,3,32,6.316136195492901,3188854.4346652003
4098.819256982296,4,4,16,12.98398374884819,4074402.8716185014
1791.6619055531266,2,1,11,5.378632810001839,1897931.2146808438
2531.474251104799,2,4,16,13.8385599,2673638.845594281
945.2080779059702,4,4,46,13.989165173383002,2327493.653589642
711.543271,1,1,15,2.691446963839842,1091615.614341527
4835.653025,2,4,13,13.335286701142397,3850793.696372905
4278.3125302537055,3,1,2,6.737986915439357,3459069.444922383
3662.286506812271,3,2,50,3.534639138693285,3175123.388736587
2399.3929554227875,1,4,43,10.057188532198106,2248225.625171749
1362.4950083117214,4,3,50,9.100704009783552,2413906.3420645073
1288.3229877527785,5,4,49,15.500108740133738,2753832.237178032
1701.0687519242194,1,1,29,1.7818586323082486,1534570.1214202621
3016.597325,5,1,45,15.816090049752438,3031649.7794627342
3744.222059880274,1,3,40,2.2110390059749836,2892563.167924955
3504.868457558018,3,3,34,4.228434658773332,3362538.4537078594
1831.7091465621486,4,1,25,10.366054154760452,2348206.4082901827
4801.407234918054,3,2,11,9.317174540446247,3824033.0447544195
3846.7464334613815,4,2,30,19.778293597207558,3342480.2628908567
3039.157831050163,5,1,16,11.830526893922542,3267641.295750948
3291.571283,1,2,36,6.615968345413586,2398139.1929116207
2446.2402746822754,2,3,7,18.012962484025312,2392533.805764949
1690.0163538050929,2,2,18,6.313077639971822,1993419.5422074273
2166.279786065551,4,3,25,5.548135140246972,3011850.1083321534
3934.522886043224,4,4,3,9.937998724457302,4118174.386636784
663.3313499709258,3,3,14,18.27217821101427,1760895.0288694946
1110.7196182304315,2,4,50,14.199433679650888,1786044.0536265152
802.4116248957121,3,3,46,13.581915987799876,1764240.4107961757
779.2067302034686,5,3,13,14.548937574271381,2498297.531720624
4364.026569648432,2,2,29,13.226848154440175,3137149.2398397303
3696.0945812721043,5,3,47,15.219947557392123,3773321.2575925277
2686.364847984231,1,1,41,3.935964232409756,1924136.0574482377
1030.4703068644064,3,4,23,3.6274399065558693,2392359.2734054034
2763.109850514062,4,4,45,7.307050541448935,3375086.8325323695
2683.275791434489,2,3,42,17.034099598037066,2355628.8218608205
1362.0882276040668,3,1,33,14.317638888384522,1694364.2541386604
2508.9472566470813,4,3,18,11.372819522571106,3101690.155976436
2353.4208313484432,1,3,2,0.48700400581458464,2421643.253662247
3309.7404314297523,2,2,3,4.7924654503237445,2908693.8248127187
3394.4120638176328,5,3,10,16.089927456742988,3790080.4008782743
799.3376429969959,1,3,12,4.925485192375951,1505832.035755296
2248.2955043564734,4,2,49,14.63277492409985,2551165.1718005575
3353.783629,2,2,17,3.7742218721046914,2881080.295233544
2813.7995377523857,2,1,18,12.166714408167236,2238238.3988171658
4368.555301228618,1,2,43,12.601406197339983,2781922.4447718267
3498.251979123358,2,4,32,15.064127891160984,3052516.3498427765
1316.9114791582906,4,4,37,8.823013777823233,2661668.382126998
910.5024885618913,1,1,2,12.690226511800901,1056119.632149245
3426.6448241077887,5,3,48,9.790698796,3742181.3542475384
716.6497664,1,1,34,18.952027103426424,673957.2592273569
3177.4125576032384,1,2,0,10.485426467668297,2443670.6675525703
4737.013062269813,5,3,34,4.270997874250938,4577759.491754206
3132.0863826538675,4,1,35,13.391061727858864,2887894.874874074
2307.9476753086965,3,1,37,11.014499831347427,2213356.7591317175
3430.468161146354,3,4,38,16.096206994680916,3267982.858783876
2616.3127181626733,5,1,24,3.6205407921055475,3180418.4613435427
3000.713872990114,4,3,39,5.2926980932107055,3364175.892735161
4742.445158616711,2,1,12,18.44041923721467,3107087.112668379
2298.8516063234065,5,1,3,18.60751965360129,2826948.3281939947
4829.238480825223,3,2,5,8.900909653,3876273.9654599223
4583.542825,4,1,10,1.0502485241567545,3985439.3599245227
1461.4809930729043,1,3,0,6.200445865656598,1871404.4973276376
905.1897239,4,4,7,5.017740822983434,2681912.9635700127
1043.4232060606773,4,4,33,8.352069354698942,2554343.1340406775
680.1760328668188,3,4,39,6.424232315683892,2081276.288224049
1015.5490273260849,3,4,8,16.59694764266384,2200508.478914083
3605.2298030319703,2,2,35,0.16041678059653533,2989079.484008372
913.2300532250075,2,3,48,12.928173884878813,1522724.4670192448
2003.4927732925498,5,2,38,13.31897748060526,2810039.755138487
4317.451368,1,4,41,13.246468848251952,3153469.2252720785
702.3965172376338,2,2,36,10.459834142239936,1326674.4938783355
4183.661323391318,3,1,41,12.260971054885077,3106284.1587022753
1840.1610090029596,4,3,43,16.228836799588095,2545176.686614035
1119.9252415352876,5,1,20,15.705515895898788,2210525.220953985
3665.643527602263,2,2,19,0.7890450058503671,3086713.7817884414
3367.3485258314895,4,1,37,0.7056870611724464,3249233.439796613
4460.876859519033,4,2,0,16.795001774132775,3859211.3123811786
3834.3125927370975,2,2,34,11.53712078,2881086.7988357022
4135.316093693334,1,3,27,19.152803971856923,2814274.885513846
1840.9521193137484,1,3,6,8.688672778637867,1981375.5221884341
1380.7339926307804,5,3,42,3.6171622457753014,2872696.669504202
3902.7049072197765,1,4,43,9.517374757,3010677.876583858
4150.072852775962,5,3,8,8.787231728434309,4323964.709923612
4958.222624802963,3,1,0,10.391829890626473,3735947.6326932693
2415.5177784102766,2,3,35,16.17814995,2273868.8082264294
2236.879577488246,4,3,33,13.146121359941842,2855190.279649603
4016.217027264786,5,3,33,3.7869790152475584,4232041.851431759
2099.5355771132786,1,2,16,14.716097401465719,1740118.7586316422
4695.3322326556845,5,2,31,11.878734644240787,4219764.341547344
4377.016108109252,5,3,1,11.608383537699858,4416013.301404946
2487.5737204500806,1,2,35,13.597311960469137,1861513.5391199747
3903.8326982825884,1,2,24,11.32291262726498,2670131.014700312
3919.988645972602,2,4,42,9.204523353128057,3330576.774028057
1053.7450228781036,4,1,50,12.84356762800051,1784674.076983359
4571.232789390094,2,2,25,14.502168684056443,3235245.9391182354
2823.1104387705714,2,1,44,4.5927621623406925,2264372.8942427896
4236.412850874063,1,2,25,9.991292895338438,2858053.4856345807
2008.2182445346916,1,3,20,9.217632018975959,1984429.399992144
4540.302205383282,4,2,17,0.8940750851646369,4131942.519092666
2312.4873864303177,5,2,28,16.705329262837715,2946810.026062722
647.6856665133128,2,1,50,7.609902276374644,1086317.7058334807
4583.680696,4,3,23,1.5465157407040548,4310582.951412616
1001.6613778589876,2,4,46,9.212192031821978,1851259.7663973714
2004.9800053978254,5,1,27,3.3134680412227864,2865893.5599787747
4780.272655023542,2,3,11,14.117846851229828,3617452.308591492
4782.671446525247,3,3,10,11.478254345836264,3976443.554450216
3123.126707742459,4,1,26,5.475264759,3086730.976798329
3380.083733547117,1,2,22,19.01442979710438,2264426.188935789
2573.160296704607,2,3,32,5.905732430286056,2573138.418
1890.1273954714839,4,4,15,11.144438448840722,3011847.8468632447
2046.1239996276302,4,2,27,16.051199703391877,2531710.923850295
3559.081206738969,2,1,27,10.32645672929431,2602684.386887916
3910.447929525792,1,1,44,19.22102794792817,2215476.3239086503
4082.9477923937334,1,1,37,16.892705882892336,2383292.696643337
4074.319828296037,2,1,5,18.42827837861783,2808267.2646799795
1001.3068534142376,4,4,41,7.516781416713335,2509990.7164771697
2775.4493406913584,1,4,28,11.012272806484045,2492152.1323203156
853.2585440732348,2,3,33,16.81930928031867,1489916.0045345612
3017.927082224436,2,4,2,18.079650682624642,2902043.445564043
2542.7342060428587,2,1,5,18.892835201573575,2033183.317094275
4505.898404136519,4,4,47,17.59512466626714,4030719.6268472346
2144.026055229146,1,2,37,14.642022591097161,1658845.493896947
1115.0948722814658,4,2,12,0.5818746300854071,2450582.8616433423
1229.1634010324779,3,3,35,6.367573644561715,2176903.145729322
3950.646779556878,1,1,14,2.665832069379266,2716679.666495171
3320.1594785915486,4,4,5,3.179696166668951,3936158.7340667127
1044.9397749402772,1,3,32,5.889053028919551,1509361.744996065
970.0699469059887,3,3,40,1.5873350980521967,2117961.1895962674
3684.264178420128,5,4,11,4.9363330652518895,4353078.346009344
920.1572280024516,2,3,42,19.143878847128903,1431873.955162965
4216.184260877568,4,1,12,6.307677213905095,3686611.504264999
3707.4657994885833,3,4,32,3.278290091488069,3692840.016018848
957.9346348243589,3,2,50,14.394173590354173,1605756.7637094131
973.2859419748445,1,2,27,16.58725248603977,1084570.839370944
4941.214145405172,1,4,35,6.349353206970021,3633292.9266675026
2246.7915013269294,2,3,4,5.642096480509581,2555226.7391575905
2230.825447,1,3,24,4.911015003310166,2161865.341585274
4176.318095933011,4,2,16,7.925898657420829,3814313.992922406
4767.893740488978,4,2,36,1.8359119809939468,4131901.5487289275
4938.404680820632,4,1,18,13.415671608468505,3875561.8263452635
3914.8640151393433,5,3,34,16.46230387260353,3922858.8482219186
2255.5421763360296,4,1,42,13.307277366810437,2416298.4589361236
967.4031534741425,1,2,33,8.481873828871663,1213737.0182639554
4019.4464300807217,1,2,45,5.850348722150361,2732389.158701671
3056.978698837542,4,2,5,8.247978673780315,3303202.694047482
2466.5768406866955,3,2,18,8.534365949256252,2637274.0194625403
4587.959294416838,3,1,0,13.353814486602891,3491576.2755806786
1089.268922147066,3,2,6,18.56840107744624,1807939.3576289255
2767.5504588797803,2,4,33,1.5046711400139836,2953354.724743928
649.9560369766439,5,3,18,19.071736498384077,2318216.2066249577
2662.1068247741555,4,2,32,18.213005542884485,2771466.2196337054
847.7344130000844,2,3,25,2.4428727768234877,1814682.6690678897
1122.7988315795164,3,2,40,3.7533421185981437,1951005.4915221126
1117.1154858192615,4,1,48,6.300752468793765,1957215.6116380726
3456.525329,2,3,41,11.237354215207318,2863188.498455511
3882.5974687678627,1,1,26,2.776076301964404,2620450.126448961
3166.8225664275024,3,2,37,4.086665570110551,2981350.889915858
4833.559213287985,2,4,25,18.063238349399615,3695187.7577603175
2249.430549904298,1,4,34,2.2750825523414226,2373886.542009638
1857.1331796401873,3,4,19,8.037677476272854,2737485.958398954
4421.836164033625,5,4,23,15.283735375408302,4454916.292612964
1583.8216894855916,3,4,46,17.782804026125685,2270927.6823245995
4838.179174,5,1,20,6.787246995674088,4248017.565
653.4796886351919,5,4,25,3.372306356615567,2798966.635289602
4867.466837513612,5,2,19,14.766532016001674,4308075.697
789.9036126,4,1,5,15.473899397596213,1825146.7364436605
4521.029700271512,4,1,2,19.602665536804828,3623134.457503977
2921.8848799797192,5,4,9,2.8768828437237444,4023077.701219702
4969.045102924922,1,3,11,14.217475565120084,3409845.9582643765
924.7048848,5,2,32,8.404121500919638,2398942.9305038024
3036.9588513658114,2,1,21,18.30112580759234,2212129.8276353762
4864.931156724036,5,2,15,8.215834598234377,4457821.804501647
2901.6305143486547,4,3,16,8.974611473697054,3355995.9458047035
3369.354007795155,4,1,9,2.6232523039160096,3351884.875923575
3661.2942315323157,2,2,11,6.486642023308509,3010587.1934043053
2599.980684978202,2,4,18,8.076725360806455,2813128.7533772895
3361.2555523698793,3,1,39,0.44842421211923356,2941332.2100468725
3170.982972461641,1,1,22,8.807731922012296,2164009.7658948917
4565.095246160352,1,1,39,6.792739170219394,2816365.7577801053
799.9640735024146,1,1,9,16.09641074242979,897726.7400069288
1836.2380342058134,4,4,9,2.231541007571279,3193161.1150557986
4781.810529936858,1,3,49,15.228201425765533,3106014.1545574362
4517.160649120032,3,3,9,14.308829711207007,3792076.6484401934
2604.889712257137,3,2,38,4.911468322883808,2678888.408
3328.5834303267616,1,4,29,1.7571062000017623,2948822.509267663
1820.477205116984,2,4,3,16.852485570538352,2322861.8092520423
1427.7331027845498,3,2,0,5.063657850623777,2277266.3124841168
2640.2729817359213,2,4,42,2.9966463821712552,2814876.481328853
2154.7498033146326,4,4,18,7.244828378072522,3207151.2522001835
3168.0868921438373,3,1,4,8.077568190815136,2867165.0003599334
942.0324026459333,2,1,29,6.589150797623752,1358906.103474809
4887.337153731132,1,1,25,19.53197413888833,2792702.012192117
4939.327275710252,4,4,39,17.62833131899737,4286769.929579496
3671.9115416868785,5,4,33,17.472212379535865,3986184.4413570394
2958.8240119141296,5,3,1,8.035475051,3778375.423034116
1961.921511659842,1,1,23,19.261105830796016,1345411.557318318
4180.698086710574,4,2,13,13.711904396204783,3715783.8735355088
3612.8171592370686,4,4,40,16.656693907231027,3637947.619578231
1315.5145331175218,4,1,41,10.067414988581804,2016081.884891442
4608.079611772907,4,3,12,3.2962841346671117,4342787.041297428
4219.163868861943,5,1,28,17.749021549195064,3679274.421551388
4779.119618484466,2,3,0,9.779892114,3758634.8850764246
3793.165836908784,4,3,45,19.374242690795416,3448770.982742801
3299.0268621174755,2,4,33,5.171734126910237,3145751.667
2440.269359678723,4,3,3,19.848341929481364,2972840.7593540517
4704.005326757659,3,3,27,4.526251171245765,3991150.558058231
4410.6811138017965,3,2,18,7.426518484667041,3631483.105311875
798.9621484672334,3,3,0,11.920928806206026,2025735.4162138135
716.0146877879088,4,2,35,13.897128877771452,1869737.6844428426
2256.4388142634184,2,2,42,14.433615163227502,1994220.0219714765
4166.4346554400645,5,1,12,9.577422937662673,3896341.7870710962
4944.014968985755,1,1,49,1.6288564415956277,3059103.2737652822
1261.834320855524,5,4,41,9.971358219150416,2891162.9141490716
3214.1751475493948,4,4,4,6.760290255474286,3816554.6867695292
2275.919769176495,3,4,32,13.18734661947259,2778885.870303113
4867.623350384254,3,3,13,3.7272841248976594,4158938.9107984914
4305.323261797118,2,1,15,7.938855262551921,3083557.443751838
4288.646300729007,4,3,31,19.325771164610607,3767480.6451766086
2662.2499030978693,5,1,49,1.8684612446830178,3113428.644759592
2425.205810285727,4,3,26,12.086449743029089,3005546.828386599
1802.9911164951075,4,4,34,1.9038997580658614,3058090.481190554
848.0521852640793,3,1,2,3.2242135532051996,1814214.739672253
4404.778455522234,5,1,3,12.138194333399836,4009298.259197438
4176.764440172341,1,2,6,8.935510899297949,2944344.920204529
4998.757762458975,3,1,12,11.015130039308392,3683749.198547637
4985.202083125184,5,1,40,17.609456194842345,4005084.8357700626
3043.8995046515606,2,3,2,16.36308082596835,2749361.053910731
3983.544626794246,3,4,16,17.77083084,3621028.6146288924
4756.969211482683,2,2,46,12.363472924680424,3265888.0653520506
4338.448519,3,3,9,9.843899077308883,3792019.196048445
1688.3316476700697,4,1,46,9.238031877422435,2194078.1043909034
2582.3941953644116,5,3,0,14.822190268826635,3459426.210409991
1168.301426666578,2,4,27,10.473867578666761,2004346.2798642712
4797.824519938378,3,2,9,2.204799045618154,3974489.1971611436
3267.168391583872,2,3,6,2.9245865787593996,3109765.3823210658
1606.028344215236,3,1,38,7.205947077506661,1933568.148661802
3555.4830113857697,3,3,2,1.4496851022266553,3603420.721752669
3319.7642580147417,1,1,6,4.860701267252611,2397341.0217666365
2175.9159593444983,1,2,8,13.162376978949574,1849383.358197575
1099.6534056783678,1,2,39,0.34736321471520654,1412552.356649197
3554.922060608318,2,3,34,12.121448025071809,2929704.9879070404
2889.3538839766907,4,2,25,15.469902771716418,2974951.8046583342
3998.200923636813,3,4,4,3.486059655468837,3974052.186813347
2888.719404892771,5,3,12,3.701274407727931,3775007.1323961443
4349.598601401576,1,1,44,0.6742416936182652,2805987.385
3028.3900906077365,2,3,29,10.297755772785884,2727912.847952468
3068.1270747556996,2,1,39,13.12629238176707,2241210.607846826
4457.275851696718,2,2,49,9.192500683483914,3164460.830282998
2375.324611334547,5,1,38,7.850031311561613,2905334.597540359
1189.6670051828191,5,1,9,9.142815064143978,2431650.119412848
726.6437757786915,1,1,41,15.65241155262064,709946.5749412503
3922.6039249639234,5,1,22,0.7669347161726437,3900636.1862628264
3329.3620259552445,1,4,10,15.697989360568906,2765394.143870562
3697.9509796365837,5,1,11,13.360208101769144,3591444.2458872264
1537.0423106392072,5,3,12,4.9043884277326555,3075106.304869268
1200.034492581787,5,4,39,10.542320552179625,2858843.753351618
663.9965289386805,1,1,48,1.080884345983646,935053.4956539846
2142.5852587490267,3,1,45,7.653814539752093,2157889.2566837887
3195.6378221603854,1,1,48,3.563445333634984,2151222.9225118104
2325.873798438822,3,4,50,0.5437776818110143,2966734.2636875086
2524.8896569044077,2,1,15,7.206081006,2207996.126445667
4578.298255772493,2,1,8,14.549637106149268,3122829.3038675785
2132.3240549025213,1,1,9,18.42833516043224,1517268.242346933
2861.5537523031676,3,2,28,13.27904391050393,2689868.916045823
4048.0732560610295,3,3,8,8.09920555,3686725.435138937
2344.7882422135885,3,1,32,19.989972636797365,2077267.5864751642
3337.1814810026435,2,3,23,5.730575811194185,3003652.1423817556
4394.400318485678,1,2,34,3.823915510892793,3015394.7671293006
4777.8907440936255,4,2,10,9.327277157595768,4117072.746999215
1247.1233160877669,3,1,38,10.147737167291973,1695279.832802361
4676.985550710576,3,3,49,7.160985262862192,3814945.9882023614
2765.311689549968,4,4,12,13.940431673001868,3408520.129419264
1736.2753085154168,1,1,22,3.7589017973715206,1547632.536414595
2620.197327,3,4,24,10.25576121904104,3049656.3574476712
4912.143331256099,1,2,49,10.052526474165685,3074694.0542490534
2767.519613568626,3,2,15,16.49334981136462,2643565.7286613383
2046.507085265036,5,3,47,18.546667155340014,2881993.117630035
3386.9637589935933,3,4,20,13.298990886842125,3392174.9798642714
1656.6407226240494,5,4,9,6.176894647659358,3324455.386463155
933.7986436781213,1,1,40,13.823259295378989,855107.0540357982
1167.0707764068566,3,3,39,5.102285471885969,2151162.596870026
1163.4016914141987,2,3,18,19.334233370542798,1669689.0964005608
1268.3718514540951,2,4,34,16.465006169745983,1899558.7204364452
1210.8395596574046,4,2,27,8.680686083774155,2261478.9762575366
3419.8488771341445,2,3,40,15.708435991117764,2760428.6368490346
1400.2723713562373,5,2,1,8.232247342701971,2795164.156928397
2120.936046624998,2,1,50,1.5847421597169824,1943446.0982224767
4545.869003586452,2,3,29,14.164700572712047,3409313.4084433024
2685.4312171566385,2,3,39,8.151815277265966,2549352.2211373174
3537.2540494925197,3,1,49,18.613364353998847,2616032.6557706003
1358.2074332871712,4,3,39,6.200568165152803,2524765.2714448473
1446.0716827581514,1,4,4,16.882323146946405,1830062.296544465
779.8219116,4,4,37,13.640713119614606,2296769.6114982786
1343.314277517524,5,1,41,17.081159860945036,2189706.8596441783
1825.797491740618,3,2,14,5.908449354161754,2389402.676891391
1378.846130817686,3,2,35,9.280773526041019,1993480.513
990.2911485310447,2,3,2,16.480267323585057,1720213.1458981384
1130.7978328426436,2,2,23,12.911994501772215,1556831.9444901946
2627.4265793439936,5,2,40,7.262445799957158,3233137.2917771707
1507.868360985487,3,1,47,10.28871295161507,1777832.8395647593
2202.787388611532,1,2,47,19.922352077829185,1532619.5708534997
2815.0359917613705,4,2,46,14.86277510873625,2844935.411810278
3637.7372459692074,3,2,40,12.329000790322578,3036961.525
772.9734153008353,1,4,48,16.57543647062696,1279650.8963421958
4117.405755199788,1,4,11,8.896403741566186,3290447.720872888
3362.761713759994,4,1,7,19.006273692469037,3030928.3011349337
959.7397405750364,1,3,13,11.085222451044272,1457838.3393709501
4443.745946,5,1,17,6.604755777563141,4069450.775587965
4651.838562339978,1,3,43,1.811797553675482,3339356.248200797
868.7430233614004,5,3,45,7.5763348630197465,2522517.7325246227
1818.2616518476964,1,2,19,11.41590370302775,1650485.6699676104
4147.2856310894695,2,2,22,14.094637960791559,3046422.974433221
3892.3426376880966,1,1,4,17.514822188930356,2440547.7931697587
1411.8924851680601,5,1,0,18.884820622943913,2392922.748229469
1521.1370226815254,1,1,44,2.1388315390044417,1362464.7986649913
2230.0772522820807,1,4,45,12.058009221356514,2113551.3598182276
2731.901134840494,1,4,1,13.365134018344216,2558320.805
3320.320994733302,5,4,15,3.524069958,4179352.0163076115
2223.2200141069984,1,4,4,10.957453537241959,2337133.854412977
2635.1527509858506,4,4,21,6.763189348047474,3441985.506636293
3888.872127788529,4,2,0,1.6406049065196762,3876296.8838681886
761.4060927186307,5,3,11,1.4107332242261297,2762161.2999791102
1710.7225551136912,2,4,18,15.208338310820677,2225867.4294447494
3738.7381778920308,4,1,21,12.347563492253228,3282090.7372052683
4538.910085823677,3,3,41,14.330921396784333,3642509.5330804694
2851.3807453089307,4,4,43,13.737035275274225,3300622.585253298
2941.299335167389,3,4,50,2.7728147656058146,3229866.290375896
1071.5568498950147,5,2,47,3.116148604822178,2503128.370955381
2568.6144140232004,2,2,16,5.124426111721618,2466491.602881485
2943.515972402102,3,2,12,8.042101680597325,2915588.8706934215
1666.8702159928105,3,4,38,18.789606876258876,2332315.888575545
1784.6702161772762,4,2,27,13.510457991520592,2451798.866362544
2260.0503176603397,3,4,2,5.1779214955556885,3081139.6470233733
688.3132702,5,3,4,1.2140836263640644,2764547.8806880345
2017.1483285659845,5,3,35,13.716056223046824,3023925.9579263735
1530.3712307847964,5,4,14,12.543837569239436,3108981.782111927
2040.9883495828244,4,1,16,13.547692025406525,2434213.2523875996
1126.9533800047054,2,4,43,5.297475115765738,2007200.1057913553
4518.320035255538,4,3,45,10.387568022784729,3991081.5752763916
3211.806795637814,5,3,28,7.297885747690631,3784618.600969412
3588.0502042357543,4,4,3,16.372208885020328,3816253.8425217886
4072.3534498722884,5,4,31,1.4809935761614912,4516229.771517232
2793.145675287852,1,4,48,5.581291609888554,2509619.9235504726
982.4492675846642,1,3,42,12.098779508990344,1303921.9617168426
2963.268784,3,1,37,4.183953163773028,2677628.246829662
3182.100919291868,2,4,3,13.486997375860199,3070983.430233048
3879.933686411052,1,3,12,2.8217728136830442,3088204.3050361825
2499.3020034105894,5,4,19,0.5539646083065922,3808244.628
1161.3533323004806,4,3,46,17.28354120361789,2169678.76
1848.6139855143877,4,4,17,6.735543588004877,3069269.039101414
2197.5621041539944,3,3,48,3.2212947629145434,2659028.074923024
3442.0358618590453,4,4,50,3.5369096123414163,3764952.6567870122
3111.4245405432125,1,2,41,17.72931834128784,2060798.8215501667
2166.8255939505234,4,4,36,13.123184982321561,3005622.015433148
4940.667094689111,1,3,11,19.131290705142792,3297380.651346017
3265.4092051703033,1,4,24,16.020802435220336,2656961.4719850626
1643.7978836383757,2,1,29,15.374099432060566,1534089.8712822937
1047.8428795297764,3,4,14,10.046431125544137,2317665.7353583225
1272.580212411061,5,4,35,16.434017484252294,2797282.674624802
1682.2140048918359,1,4,7,8.311785514992847,2104544.2102503786
1306.998042342045,3,1,27,16.557309890943852,1652025.7414564628
1420.8949058257454,5,1,21,15.179051704573743,2366539.336925715
1854.4187422529271,4,1,48,13.600928649361416,2179863.7162435525
1362.8438192969213,3,2,37,6.6613521006727865,2027867.7857393224
4545.767868356271,3,1,15,12.651161582440347,3409533.620633646
953.0284809112258,3,2,4,10.185073733024076,1917485.6838994487
2907.8501141091206,4,4,45,9.284703051825604,3407903.914122366
2405.7460387545107,4,2,33,19.80590203433116,2606427.8967949497
4922.465914397868,3,4,48,10.137516813626354,4083155.5390307247
1092.9711695394303,2,2,37,0.736525488,1711427.9931233728
2350.564635801263,1,1,10,12.566710594729692,1738621.024110355
4865.669906411623,4,1,1,14.587415816049994,3900759.554989129
4408.231353933513,2,2,24,17.715158999403204,3094485.415
4195.117112176832,4,2,24,12.690426061784255,3688422.9529570485
1734.7724389977352,3,1,0,0.487196632,2322315.2049581786
1351.9053845162896,2,4,30,2.4829122826427215,2240967.364709608
3542.0301676674962,5,4,4,3.3086769782444727,4349514.462373176
4689.254352161377,1,4,39,4.304100925234189,3528218.075680322
3049.756729261291,1,4,3,16.01556025338456,2654240.0776672717
3115.0958336675594,4,3,50,6.264224995182513,3346936.3350344473
1831.9080121052505,1,4,4,6.316010223140126,2234306.7196941404
3985.7689060445223,5,3,4,15.13619007545679,4134833.569617443
1422.9924936531029,2,3,15,8.307487832974985,2035019.408271369
2024.1886401786721,2,1,17,1.3863266858806798,2064040.7044760396
2471.9203299122337,3,1,42,11.744016270636635,2255752.7576477015
2833.485666211602,2,2,16,2.688346961442536,2647648.8119812678
1666.6028226263531,4,4,34,11.476119171386664,2798451.945989761
1105.2820288524956,5,4,17,15.614798341675815,2820017.9656970487
3286.7281867431834,3,1,3,18.596843782812734,2721100.1358196544
1869.9744342571255,4,1,50,1.434346878289849,2420973.1976670832
3157.448174259494,4,1,30,6.148935016873564,3070418.304896593
1279.1959472064902,4,2,30,13.084033261858536,2192590.2264703913
2717.016448161197,1,4,8,6.377514756611304,2655630.847
2943.393503226978,4,2,30,9.075409662741468,3104861.476462977
828.0235620186784,1,3,4,0.4998081646314912,1648688.5358210267
2081.0588240532506,2,3,35,13.900610322620617,2152190.124
1191.4245785314868,1,4,15,17.677274617089054,1631839.7150282797
878.8498700801781,4,1,41,19.53950699,1608307.7133148503
4955.825022515759,5,1,40,16.627613644219682,4010033.1564778034
2018.356917888781,5,2,15,0.7323476222351764,3184204.4246040047
4163.447561760393,2,3,19,13.071893966718509,3289958.819650144
1720.418880960561,4,3,29,9.963619001646009,2680609.978551678
3598.6119777852887,1,4,25,18.764120314956912,2763696.5006978237
3945.0025835146207,5,3,48,18.052563407410304,3836122.9417134216
3220.810458674515,3,1,30,19.76211887020592,2529835.7700374564
2674.9352296206966,4,1,49,17.252491062807483,2512090.7116585164
2412.1000222479815,4,1,14,10.983153463757297,2681059.8599531623
2135.0203727891794,3,4,40,14.326520256661102,2645652.699365685
4689.928234690434,5,2,37,19.297077003694145,4038695.4953756514
4254.725394266008,3,3,37,11.604522882555191,3574945.157586218
4846.1184069326555,2,4,42,16.81558582154404,3641420.4051397643
1146.9077833363967,1,2,19,18.84997653482899,1166127.279075936
3815.8168908960347,1,4,34,11.453700055850998,2973507.3624353153
4728.698010012567,5,3,22,3.2671694969955203,4653678.533
1397.4254911289047,3,1,43,3.195711523490266,1884471.4331989642
892.5835764,4,2,46,2.3948117659424004,2133068.471
3860.930857,4,2,38,9.578831287,3513561.7207930214
3127.6816979916125,4,4,24,9.654817408,3615417.4189475677
4304.046617736397,2,4,49,12.385686648586955,3423982.494000777
1214.9984571556738,2,1,21,9.709169001002856,1472988.766662097
4099.176172183516,4,4,46,19.463794808132096,3794985.108033434
1487.160208210076,5,3,7,5.897085329919164,3055311.3156109722
1320.0861486090998,2,3,8,17.488950848338614,1834936.975442095
1322.769510896369,2,3,14,2.096575509582174,2114126.1633608583
4184.128769018082,1,3,47,12.078161792930938,2880174.0667547397
3526.8677710632805,1,1,19,13.001671825454716,2273073.367126864
2901.487868984125,5,1,34,15.467379518871374,3036069.262218952
2178.854130143411,2,1,36,10.110142037609492,1871897.142423833
4459.682379577676,2,4,2,4.024803111803521,3904018.0456570853
2326.7584726595956,3,1,33,7.443052490012455,2314191.104633866
4193.037533674939,5,2,33,5.516014178263021,4085871.401376527
2532.193597708961,5,2,35,8.440199761140525,3186965.7217359873
2258.5554894695933,3,2,34,10.646369323482734,2411023.2763694595
2635.7910569462683,3,4,8,12.538898798407262,3091790.4706093064
1926.0626463222252,1,4,29,16.91792670384357,1944345.7071885585
3889.4812727755047,5,1,25,18.209205389101076,3520229.4467100482
2811.9697164069084,5,3,11,9.30536757,3629550.424917027
1621.7358586459961,3,2,23,1.8645616033894532,2323249.6153595266
4558.128122408101,4,4,40,15.961597273074238,4124505.0338468836
2289.1213740421304,4,2,18,9.595438730293761,2827324.8305195076
2991.6325889015498,1,1,43,10.974287367288095,1926003.4652093302
4588.477288244007,4,4,15,11.956303385461473,4344785.494517091
3346.647182021565,4,3,25,13.390568398965604,3445185.141135788
1114.3513791168018,4,3,22,17.813007114646904,2255588.465
4735.261344,2,4,32,19.04770928,3591349.4043603064
3361.9154335142384,1,3,41,18.809369449259908,2364443.245876238
2073.584704491179,3,1,29,16.208326680432382,2032298.7367412595
1212.797119718904,4,3,22,17.795920846317674,2305153.0610374156
4093.7108327893025,2,2,9,1.0881299020723234,3344765.736457522
3328.3201260854594,4,2,35,16.997342062447682,3113886.1398980934
2947.2288046958147,2,2,30,1.538078213395088,2657525.756184323
4533.127365424214,1,4,42,14.949258760967501,3222251.4255970744
4069.8277293879355,4,4,21,3.4703360697139294,4225180.061404007
1267.3694708241053,2,4,42,7.266197871657691,2043033.696083216
1971.5770983004122,5,4,42,3.7652552151697964,3365156.362951128
1693.3522151836494,5,4,37,8.924886569,3147851.2943145055
3873.363687319779,2,1,46,8.293774132,2705479.279125192
747.5427128374292,4,4,1,1.0564505950576026,2712315.2626218805
3107.514613433793,4,3,22,16.626909107544723,3275892.043
3954.818217259038,1,1,34,17.09831126630906,2330115.8014076552
4457.7688017516975,1,4,36,15.771394155699411,3198129.435866178
2105.159694349993,3,3,31,16.96737140430225,2422905.337193269
4213.532140556857,1,1,42,15.042492802694722,2460589.1323288516
1086.7796426029117,4,2,11,18.75594046292556,2077943.9301472616
4324.390084,3,1,34,11.57020577897612,3225463.844340735
1160.9501142607226,1,4,40,11.694586677065104,1611256.2416933766
2348.064078465616,2,1,2,17.21220717766131,1984460.8137838992
4108.099609430036,5,1,33,7.053369379700075,3812655.335225334
1259.6366803346045,1,2,37,1.0966388486311631,1487558.4812989961
1608.7061390236224,1,1,23,15.022122368423437,1253583.54
3777.9113009294915,2,1,37,5.166324670266216,2765302.075163739
3768.160760802727,4,2,16,9.537292659396208,3578007.445317757
3421.049584695308,2,4,39,4.884752729922535,3182502.6558535206
3653.373156,1,3,0,16.55910795536115,2760177.3368247147
2987.987550729423,4,1,7,19.170030005081593,2840266.0933673973
1707.915859190592,3,2,14,1.1949597616516976,2424731.652
2121.0623714172457,1,1,49,4.744095466,1585322.1944904001
1399.029953926273,2,4,44,3.8722862639246713,2166742.1697889604
4597.182469867965,3,4,24,13.496749903555182,3973329.1549671963
3166.923897,5,2,7,8.630700155529308,3640520.863479196
2363.7462337600155,3,3,31,9.179607103933126,2707953.8929056632
2632.8255360341836,2,3,49,3.225873779168826,2571568.210538033
4768.0466942919875,3,1,12,8.353219366,3621631.8779214527
1274.7461737107528,2,2,45,6.134242784405311,1654361.1492715874
3179.411260873908,1,3,14,12.262699201946502,2539124.5645023417
2825.910187,4,4,5,4.423040752,3664167.1966129118
3290.3986359124506,5,3,32,12.334745688408342,3703177.322292376
679.6848088116982,4,2,6,7.617129317992607,2122172.736150314
4437.345199354267,4,4,32,6.991261784365087,4283520.282094149
4701.320442927895,4,1,46,6.180577019804171,3761721.5991721814
3086.5860077925195,2,4,28,13.509286531114014,2897780.191378297
3665.263625058326,2,3,37,11.292126268116219,2986462.205271156
4658.997277180101,5,3,36,17.04926183004262,4273186.320093516
3711.849990978954,2,3,43,4.908042533750259,3107437.0629187897
1271.171789,2,1,31,0.8983796302837864,1627291.2199100163
3135.668784733978,2,3,2,3.722267289,3048061.9646998183
3269.546204084566,2,2,19,6.932791650144639,2765790.1871437076
2466.1749537304986,1,1,13,3.6751343071395204,1959257.7088267761
3840.3546367487806,5,4,27,1.7618624823765658,4414612.986831176
4711.214864983665,2,3,37,8.962235616074416,3556035.638274662
4672.501456789816,5,2,3,13.57097990867354,4314504.048325755
2583.6932341781812,3,2,14,15.056258262384151,2585394.3699457254
1098.247401699323,1,1,16,8.034673761900208,1173103.1437159746
4933.301275434272,2,2,36,9.613087431,3459061.807191728
4291.1515803621105,1,1,23,15.13386281815853,2592571.451922202
1148.5157972943741,1,1,37,7.1188858231360665,1111553.100288783
4651.704283516438,3,1,41,15.716847604232655,3271188.1077778838
4427.543993073365,5,4,40,19.35078371,4291429.240532611
2882.887451354717,1,4,35,17.62156440449347,2378685.3556918064
3201.6119172776885,4,2,40,9.126547200071839,3182947.932741725
2355.6118970285734,3,4,7,11.632418048289603,2974830.505652812
840.9512108169379,4,1,2,14.356885094455722,1888010.8216236718
2074.867863241964,3,1,29,7.051078804479997,2216085.2736356994
4132.555173831251,4,4,21,16.00483818952809,4005853.741229381
620.3809012202526,4,2,32,8.794648206082565,1938970.4045927923
2067.3963554410343,1,1,24,16.952147006198636,1439328.1557008617
2351.9422518001506,1,4,29,5.169204509028702,2392259.953823819
2964.5406529268607,3,3,36,0.3264233210233625,3160414.778
4647.3647122161465,5,2,2,12.690499079850262,4324545.292615385
2123.9223752102293,1,2,3,9.092593438,1929782.236947168
2126.594088343402,1,2,28,1.2904800286494493,1962160.3617030291
3845.0054916828926,2,3,31,9.803485826154203,3136105.947
2589.7589399151516,1,1,22,3.4545399238881456,1980461.5895841303
1588.2612209359206,5,2,18,12.632008337353158,2716163.3618252142
2590.733870983851,2,4,14,8.956406995133998,2810911.7136935634
1219.7708896711194,4,2,50,3.505382562908543,2254450.711681706
1376.1027406273824,4,4,15,8.297585049520452,2811772.5874275994
2792.818200053711,2,2,22,4.730905282731628,2556463.912
2443.2719778200108,2,4,39,13.096625931411003,2529376.388386103
4625.321965,2,4,45,5.973353143510033,3732866.8375839368
2194.5331561131857,3,4,36,16.458145266020928,2652776.5908404915
3154.588741223391,5,3,0,0.38184778928109453,4034330.332930391
3381.9628668459336,5,3,18,8.128017733191667,3903093.996863451
657.615609,4,3,36,12.379901066200624,2065882.7012746388
3519.5644368735266,4,1,34,0.549904861,3343457.0393303144
1383.3582542269062,4,4,29,4.395253860228688,2823446.9680131967
4828.709396865603,1,1,16,6.615657194636252,3066714.472644394
1254.116002113697,4,3,38,0.5347066361886504,2591036.786437393
2424.3461443989045,2,4,48,10.979145026528343,2517263.089773203
975.5385395,4,1,25,12.65428094278121,1874356.5690217095
4986.2467081221685,2,3,12,4.627692811079354,3905242.415943815
2809.6580454574673,3,1,21,10.91530627383473,2546195.8153563566
3219.6940762081927,1,1,45,19.982625094234194,1849867.4543237297
895.1365005090809,1,3,22,17.74969382617166,1247247.2918354245
3899.8260697563824,5,4,43,1.2673505488497478,4374238.942005513
1523.5846096205773,3,2,42,2.6448610418848717,2163568.002076909
4551.438874,2,2,32,9.938626095,3281619.8329768553
1502.6144181208315,3,1,26,4.979502185807828,1986390.0834485763
1439.025970920133,1,1,34,1.711287819818935,1379960.1471680051
760.8185385316175,2,1,11,5.165634405639804,1386769.4992573299
2677.0945584839965,3,4,8,1.3174441437086708,3336871.314472142
3085.300986355512,1,1,33,10.645257598101413,2029418.259320045
889.1180134847505,2,1,13,9.855977063045646,1347112.3835857797
4012.3215134580464,2,1,36,0.22589045576738861,2986315.865717993
2594.4708728913215,1,3,2,9.702076273,2357866.8290836946
2907.3171850413523,2,2,43,10.444122430493719,2394449.062015119
2539.356086528204,1,2,43,12.153504446130816,1876280.872445803
2363.357467851434,4,3,20,19.40498451568944,2858251.961716246
3062.417457756159,4,4,6,19.655579298334807,3472770.061015701
1283.057082095135,2,4,32,10.58589328234936,2034483.5935048976
1400.483774179193,2,4,34,16.91921528243467,1956530.4995452205
4391.856732459476,1,3,10,1.7947988228071534,3374705.3078779127
4762.908033387984,2,2,44,10.669976986358499,3312727.3950711396
2242.560991630913,5,2,31,13.610111178556837,2958751.1903486378
1791.2765618316366,4,1,21,11.338103509434012,2328549.1288314555
3433.597990251669,2,2,41,4.691347789638282,2782644.9574373867
2398.430352831624,2,4,18,1.3468939274617577,2846950.215970895
711.6999649055174,3,4,35,7.794718763046272,2089628.5252961505
1287.0714284112375,2,1,36,12.988085705956498,1368446.9181908064
3750.277806928549,5,1,10,19.83509016574568,3493110.0182536785
3499.265344404666,4,2,40,4.807015683,3418165.2766558398
719.2223670153273,3,1,12,18.364019203256536,1397003.7175468502
1576.6775125049776,1,1,27,1.4584018505527534,1488843.637345751
1616.7291049875141,1,3,48,18.626686551087165,1460503.739576331
3556.328071834405,4,2,14,16.664098680613595,3339554.9804092483
686.7263661192022,1,4,12,0.516812519,1737699.8507766428
1058.077760732125,5,3,42,6.033888944364426,2663034.0195830916
4119.630775642033,2,4,32,1.114037408202817,3642207.5577612775
1385.596513039068,4,1,7,19.910566843438232,2024259.8377550868
3472.0828745482486,3,1,31,8.614095691217146,2873432.441554099
1648.0042366055966,2,4,36,13.277253040251683,2143129.975602082
1037.5421281411186,1,3,47,4.760392438965497,1453236.1333955666
1669.957640397598,1,3,3,18.68135114948428,1711024.7153134306
3777.9745001649003,3,3,50,5.556064361935486,3392538.880948058
4365.0644596676575,5,1,17,5.278270685,4056639.7342318315
4252.967404094763,3,2,22,6.360541909232921,3553945.7819670406
2347.607530321201,4,1,28,9.303534376549058,2612405.995733937
3539.574600910843,3,4,1,0.46880125197124944,3820084.1935203136
1501.9308998296124,1,3,12,11.99696625254888,1715699.0429681458
1889.8500131484584,5,2,15,0.7301493631006889,3119994.937416533
4543.877601492927,5,3,7,10.830129506017903,4485009.128730423
657.2084634472385,3,1,18,9.211909553424027,1519038.958759456
976.2375357596595,4,2,31,4.926686456914562,2199257.956845856
1514.6995226425202,1,2,2,6.662383541699451,1678775.0085915884
716.7416970448068,2,1,50,14.142630243768926,990191.1618
1398.3159143951082,5,3,48,0.29099064544078723,2918011.0623930558
3165.3828682666453,3,3,31,6.401278046712618,3164338.791303388
2454.268022606991,4,3,40,13.637915357880859,2919048.622250196
4527.7555287386895,4,1,20,3.130249921510746,3865945.6840434475
4196.751672,1,4,24,11.251674518303455,3218015.2635628185
2103.996347470654,5,4,16,3.4617652768059823,3567435.786303525
1741.4631070976868,1,3,24,3.179761349454292,1951809.2446640749
2270.6465959359743,2,2,32,15.46837390490276,2030628.737974249
3197.297747065154,2,4,30,5.403854531,3105244.7010230417
1779.4800196206556,2,3,35,7.577805467155295,2127856.818571539
3346.2551945361897,4,4,22,14.62735951,3635253.3252536743
2401.4112696414577,5,3,46,3.672440050805229,3361929.7519089417
3029.007595748713,1,4,43,10.681566724523865,2550545.381488197
2518.956728195393,1,4,24,18.364611308916793,2236859.0560236783
1895.6493419844378,2,2,48,11.121153705631924,1850074.5149838978
4773.194551,5,2,43,1.0720307558062456,4414829.578304937
3959.865494302948,5,4,47,11.834975766074502,4172906.149934301
1216.4979733723912,3,3,29,1.8940526503365165,2290040.8517837827
4421.259093950816,5,2,12,5.714278354622333,4301016.897987279
2744.697272,5,1,42,17.008534596335878,2886850.8623265293
4536.029798334002,1,2,46,0.3202756485654968,3096282.304300009
4119.363126168187,5,4,28,1.6325648424259704,4551703.184339892
2470.939419664627,5,4,15,7.330946160739381,3678523.7047218434
698.8649566085165,1,1,37,19.98797800999705,629345.8362086347
1782.1803812937628,5,2,26,5.908091730829679,2907601.274134605
2983.1905445078146,1,4,25,3.229764912847021,2766672.8921012846
3387.3041672350478,3,1,10,11.033500443680152,2887654.9928482384
1734.705816,4,1,46,10.433174929251026,2193362.3274723417
1213.1667259204262,1,3,36,9.047429809733867,1510307.684869853
4273.693041916916,1,2,2,18.938409665654678,2812751.245749682
4931.369595095629,5,2,25,5.674972481915322,4491858.266013825
2913.0368021318177,1,2,33,5.937152162313128,2237448.2759239636
1355.3888577325354,2,4,32,2.8911137306029744,2224545.0723585254
1798.1522366852234,2,1,14,13.976031556531888,1714228.4053162911
680.9189768088536,3,3,1,6.495252474502711,2070227.3570186899
4622.914748866196,1,2,27,16.074531831608486,2919639.655905246
1118.104764716621,5,3,19,19.43798175972111,2539965.665268206
3136.6724922627154,5,3,37,0.9693363156127804,3828622.4379234198
1805.8429710237065,4,1,43,19.863125612156683,2055331.891373037
3038.383211069491,3,2,15,5.156674105,3005731.041548943
3466.2497087482025,5,3,45,8.460196109365096,3803593.850291117
4250.863936311687,4,2,3,15.577092754404573,3763563.0311720697
1508.2535957466541,5,2,7,13.340089728572556,2716997.921406193
648.3816461,4,2,43,15.590894724613978,1762045.8466606948
1202.296772302752,2,3,45,9.380007112805288,1753221.1619995877
4560.082024131662,2,1,19,18.32973486359998,2983119.232898149
4445.1163412750675,5,1,25,15.819822027561694,3845834.648190617
3228.6176495493564,3,3,31,6.253636711130153,3198909.008656393
3242.2741859080747,1,4,12,18.97475640484032,2646314.882961549
3526.1613680035243,3,2,4,19.22497844918445,3023254.033122391
1371.6336259431782,3,2,43,8.359565759559208,1968298.4158847223
4623.412562069823,1,1,41,13.074013710953054,2709898.924920168
2442.5903095251215,2,3,50,16.313893850756678,2209690.195851744
2285.809524297789,2,3,12,16.364284265741798,2320291.994938376
2883.237903244485,1,4,40,0.3810585393460719,2698670.6989396387
806.6502538102422,4,4,10,12.617371297626175,2465650.619056915
1331.6468225267495,3,1,36,19.47661601926706,1560964.0089823508
3847.347912,5,4,31,4.703808241143806,4339270.709419456
964.3141388705565,2,4,44,15.932616297621076,1708177.6615871738
3253.869281652108,5,3,41,10.731527659431949,3671977.0057417327
1679.5360825978123,1,3,17,4.507257201664339,1929295.8153699369
2312.9007017846966,5,4,28,1.1156556842715206,3658810.155311235
1870.2524417910795,5,1,14,15.222442049238452,2625350.2980150883
2164.9599524457763,3,4,19,6.397759955544057,2924197.6952163246
3763.8019828106803,1,1,43,7.574161958495583,2380090.6703397455
1907.3355487419701,5,4,35,9.75609796,3248218.7332821963
3092.1804173063474,2,3,4,10.193178569129033,2886899.555
2694.6217696760386,1,3,39,4.203092982,2332921.943308113
3520.1531275956518,2,1,36,13.44577560475057,2475833.969807132
4722.050853028935,4,4,32,13.881545601121884,4288067.432596346
3823.3172277251015,5,4,17,2.931788397534945,4432695.764016169
1545.7376657993298,1,1,18,10.704899844260366,1333443.754118775
737.2057942696525,2,4,50,12.224261029723133,1638790.5946446809
1753.9617949192304,5,2,31,3.806405713665818,2910525.7012906163
3218.3428950811212,3,3,41,17.89979631793336,2910848.439286211
826.2735793307015,2,3,21,9.708234637388237,1678645.0150219032
2784.011488,2,1,40,2.3890643175537414,2308897.3755959626
3226.1085352343125,4,4,0,6.754483934661776,3842637.5070282384
2070.6731195946277,3,1,24,9.591512920665611,2188179.219488319
3992.0136964816165,4,2,19,0.30186864630600824,3859642.393419006
1069.032313788596,3,4,34,0.7350065263797336,2414488.9444710207
930.6062396375586,2,2,44,1.2048598466812968,1585878.8409894705
3804.030527295855,4,1,5,10.808890995398722,3425510.3618442705
2780.1617913072732,5,3,5,6.788155105126671,3693990.7116554207
3628.9705442820386,3,2,49,17.87277055631439,2876702.779119049
2513.2402898564833,2,4,36,11.228754059344997,2616717.981845659
1684.1689462520699,1,1,48,15.221936943536129,1162318.6523596297
4204.050197766479,3,1,2,13.77395021742594,3281219.0126390383
4117.429867463508,3,1,36,10.454382472030737,3134300.2023954573
3656.6644717594777,5,3,30,14.91993675132598,3844606.4189575366
1797.438603811836,3,1,34,10.939643487067805,1974599.3502688792
3197.0149342239833,3,1,44,7.770580473289964,2687768.776
2188.2851465361177,5,3,14,8.772516166902202,3313365.1680343323
1002.9611226371902,5,1,16,16.78617665692324,2150429.946284448
4636.179732033868,4,1,14,11.309143806658582,3786579.908
1202.0019760434302,2,2,4,7.608193348,1793510.0391574309
4781.044356811531,2,1,21,3.676888716566337,3376657.3221787564
2562.4254010150053,4,3,45,9.957621059813935,3021733.1974155414
1414.5848868899266,2,2,10,5.122841779696246,1919508.5259553557
2984.364168464776,3,1,27,19.116039574754566,2439534.2108416143
4440.961677856197,4,3,13,9.870543484556654,4122742.887341283
3821.789500202069,4,4,38,0.27807065039621665,4080006.2551974277
4148.869050590379,2,1,2,1.9482560709400367,3190142.3219807064
3498.646813527156,1,4,41,5.758057385039796,2893835.1771670994
3646.0168838785507,2,2,10,1.934040549796389,3099000.549047665
4336.460866887405,1,3,29,17.88984828735849,2930106.3858008506
1698.539238980418,4,2,37,17.101596179330564,2286910.6140079154
2753.469840029818,1,4,4,19.420144026647456,2433004.9575862773
1573.3215440062497,3,4,21,14.158665725441814,2463160.375598606
4945.739235185247,5,4,12,12.944744469619115,4818647.646304558
4753.861094621098,1,3,43,18.477583094125954,3057051.8035323475
773.4779700214259,5,4,50,18.93322358164585,2422747.4314821134
3704.530759069029,3,4,50,17.562008073383687,3315698.1361711584
4671.092597,5,3,20,17.24330959201447,4355353.024578493
1394.5315185602676,3,4,36,13.466894783330186,2312600.7817178476
3098.959014,5,1,24,0.13195835006893153,3491513.2583187236
4628.148509387384,5,4,20,8.647389301560088,4705799.386766808
749.3623057775148,2,3,27,12.749689146469015,1549360.2880636945
3668.6491758860957,1,4,40,10.987834870847633,2879240.8086304124
1908.3356324392234,5,3,3,16.44041993482836,3075032.3356273617
4667.343259656734,4,4,28,16.396155302631183,4230421.441880061
4872.656278727618,2,1,46,12.013771988285951,3130725.6177024073
4754.772552099109,1,3,34,0.5376816598553671,3461305.5609567645
2686.5425532928407,2,3,22,7.449666051460883,2648950.8737215204
4392.987664352979,1,3,6,4.653450048335131,3338097.749314104
4316.017354,3,3,45,6.841883364,3660843.927596883
2004.0420822703247,5,4,45,12.38412382486963,3194011.482742087
4247.2280862629805,4,4,8,1.4225918633862784,4419835.123968082
762.8335927481676,2,1,22,0.5426167760745335,1425237.3789569102
3223.5874653210335,2,1,2,8.793771028008058,2590591.2302046735
1612.0388840658934,2,4,8,15.892119261728132,2212849.9749027016
1130.4942974200267,2,2,3,0.7109016345111818,1900702.034124107
938.5940871685203,5,3,48,16.996066843351965,2354048.624821538
3663.670613863815,1,4,24,7.739204691725157,3021724.1312017217
2095.449840579491,5,1,5,2.4528850360144907,3038340.1376737733
3788.9737947265503,3,3,47,11.39320480308223,3296295.719405948
887.5678995153464,5,1,17,19.051975172345742,2042417.3644150759
1987.2774864546855,5,2,44,10.896006690872419,2820391.527514212
2973.761686451484,3,3,6,13.76403164014083,3046273.1285272427
4079.1819252914397,5,2,34,16.346783609131293,3807328.208567411
2002.5110129011077,1,2,30,16.006868432723653,1595791.0559003982
3353.922056,4,2,37,1.5550626974234196,3425532.6923172693
4498.302092239223,3,4,31,14.845808723295404,3861907.789758021
3309.798028,2,1,34,18.994046360870204,2269691.004887983
1625.0216889159885,1,3,27,14.042979456213487,1661324.1734380417
707.3634388487673,4,4,43,16.745213584838304,2168450.365831935
4428.435045164091,1,1,4,9.762439050121282,2863641.6596839377
693.5854077417034,1,4,29,6.449479594820141,1537476.0300787662
4448.687359810478,2,1,21,13.55716053950839,3012873.3872193885
2927.323389719733,4,3,16,9.894779564576362,3350439.0216726568
4731.897873456744,1,3,9,17.91624824065666,3227296.890019556
4114.6462374041275,2,3,6,19.490201175017802,3202192.0133060254
4990.910086346685,3,3,3,16.41406114342911,4016846.7384090777
2143.1319879875246,2,1,41,19.854324387960332,1634152.4243388728
3975.628471296958,5,4,26,7.032574908046633,4381835.655591864
2368.4960198806657,2,3,6,17.92553203721422,2360410.2873003655
2711.452729337199,2,3,22,6.665679213067852,2677085.699
3361.0240381608282,2,3,10,2.4489576985884756,3146205.7832129626
4444.1793024198905,1,2,7,12.465336536697828,3002455.838580306
4929.967264476899,4,3,7,9.154273822808726,4411571.073886592
3980.403021,2,3,36,18.441814745269294,3006038.1337008714
2438.1738415362684,2,1,4,9.894658362802499,2165866.6716164015
2453.9708100191087,5,2,6,18.55988832835463,3090460.557
3845.3621269911228,5,1,21,1.664813957182541,3849057.702456228
1650.6194413805304,3,4,35,16.62718553135206,2382438.9281675415
1086.0860977781365,3,2,1,15.206373942441207,1898588.4881445614
2160.337493619417,5,1,23,14.42756764222299,2741290.312069566
1863.8515632779597,4,1,50,7.167203515868915,2303254.629425919
1903.7557300063563,3,4,1,15.696816756351732,2697614.4479804607
1627.8741046196037,4,4,47,9.717601926971062,2749257.931874698
785.2100343999923,5,3,11,14.332549866606884,2515626.937972176
678.6453128270208,3,3,46,11.08932022102489,1752209.17
4945.978514838539,2,2,41,3.23305012,3568001.1731192893
2482.201788437794,5,2,25,1.3847159444487143,3353079.4934342406
2291.0372475025993,3,4,37,7.387114358947734,2877449.2546766624
3590.4480438495075,4,2,44,18.662497576622382,3166646.9884966235
1560.3171066062823,4,3,5,10.641726914348906,2706996.9331204807
4779.829209380991,3,4,22,16.063622145575728,4023315.079883299
4059.918063428429,4,1,1,11.561466105911745,3558402.627700297
993.4084101739419,3,4,25,19.16231519684141,2053130.8192544598
2437.355413453685,3,2,13,7.4521656868765564,2669307.311093629
4468.120553273525,4,3,17,1.2353040620216613,4289027.113500647
4756.8208980822055,1,3,37,15.635300827781133,3145377.3505897974
2656.5666494994266,2,1,31,14.138584515788718,2055184.5525382562
3299.010112527114,5,1,50,10.597934206543087,3252219.2902370123
1334.949362805131,2,4,13,6.5951857394872615,2235243.8847171376
4961.141955002697,5,3,29,3.846476439019841,4723314.366825268
1619.355486087151,5,1,12,9.697293279108655,2620404.7955657197
4748.019806194553,2,1,39,13.357408044880687,3076534.6603039806
3458.445255566421,3,4,30,11.619839944466838,3411498.7469981913
3274.041897,4,4,36,8.806061156,3645572.6437099073
2855.829448472638,1,3,44,10.839919442150979,2255789.253497617
1614.9471715581383,1,2,37,2.2483031132605094,1642180.4416181762
1376.7233408242364,1,2,21,13.947218066812434,1369090.2271801867
1570.1393199087715,2,3,27,14.711695271539075,1920508.6726279217
1420.328353,2,2,18,0.32790682153210277,1978278.9583910352
4030.1716836937144,3,3,42,5.483339161631291,3560091.9767185487
2140.5511403336122,1,3,15,1.9331255174481332,2221285.977922161
854.5077769,3,1,4,19.964819424302483,1472630.4180577397
4864.051573,1,2,43,11.90752239172775,3043548.256579547
4488.657893839073,2,3,48,9.368188075108591,3381638.1035216823
4682.110046058937,4,2,1,9.313720278,4114453.535579325
4977.594419644315,4,2,9,19.299000992652527,4022490.1080734245
1365.139096565744,4,4,46,13.231127199176012,2552619.9224036695
2343.4648831716986,4,2,18,3.4563252091170864,2977278.855507825
3936.2492930980015,5,3,19,9.018360677,4157430.351110963
3662.4907194366856,1,1,28,15.506517134823394,2245787.9351261924
1277.1419878953623,4,2,24,8.524666330489982,2312750.585442199
4189.665749958718,5,3,16,6.259715175148486,4354311.489580707
1587.5385160813069,5,4,50,19.82519992394708,2811938.1776660294
1584.7975052195416,5,2,50,18.719178978783358,2432688.091138421
2962.6874607310197,3,1,12,18.837051349546776,2509275.621478892
3208.9357133034937,3,2,44,2.7202833404874798,2994735.1079463144
3152.3793144863694,5,3,15,4.761679610502324,3870628.983137456
1002.5420845501214,4,2,34,8.897132467500235,2118001.3110293737
4460.827795573674,1,2,35,16.659372238827906,2786899.3711145963
1768.6401873903067,2,4,38,14.762868050529699,2163735.6507888767
1169.8656536443384,3,2,2,17.00838116353334,1899438.1216558197
4510.491551,4,1,8,18.42318949403168,3611454.903935434
4804.866592210915,4,2,39,15.63726017670535,3859361.010675668
4393.361515967983,2,4,49,5.309223201885067,3610169.2120506074
4161.870728789463,2,3,45,5.780369079504668,3305000.900908956
3483.0647148116955,4,2,28,7.114504864299658,3423915.178224172
3023.772430680213,2,2,4,6.131199799988989,2733935.1374446447
982.7417436102046,4,4,2,5.057069099,2744902.407927581
2397.194137511074,2,4,9,15.07447259152727,2616780.5350293093
2239.8294748541816,2,4,30,0.7764219129175866,2719059.2172730565
1742.9166485454352,4,2,10,14.595035388091793,2494230.534615199
3783.0485002297737,5,1,16,16.48891905314786,3546418.787156247
2781.8532343465918,4,4,39,1.414276462561875,3532314.006026376
956.6033499936509,1,3,40,1.3307574332998238,1516359.4444351462
1568.806089,2,2,7,5.780729677576689,1998461.3688423685
3606.338560102222,3,3,1,4.245305630473137,3577936.085545966
934.9757817573208,2,3,3,11.664560106434847,1783869.6068542807
4345.310421814583,1,1,15,13.541485715682509,2691498.4146979586
2778.644718861487,3,3,40,12.719425722476062,2799606.7630855395
2714.580940237251,3,4,40,7.2112126682182325,3077739.1348585784
3206.5942525018772,4,4,20,10.01811690881136,3667607.706179029
4228.596250070656,5,2,4,12.835817507131965,4102254.6929970067
2130.3605147696494,4,1,34,2.476582749246769,2610321.520504207
3583.2710712598796,3,1,13,4.667287097632491,3097962.7117816075
3089.220641581481,3,3,14,17.820873464325036,2982865.7696085577
1774.9243887454538,5,1,5,6.912294893327373,2788889.214610497
4465.971939962695,2,3,15,16.043012000202133,3401798.648081622
4108.674495070483,5,3,22,5.0946960715091665,4307116.244209376
3497.188072497072,4,1,30,0.9286429955668349,3344694.094441517
4342.559608014664,2,2,41,10.05797179022085,3129793.286307233
4416.094484,4,3,45,17.86039266689348,3790512.306878013
3716.797097546153,5,4,11,16.403762527928542,4139996.216318823
4282.858644800157,2,4,40,5.133489461597348,3603432.451272449
3668.874431344848,5,1,18,18.207721911044505,3444955.6955558513
3592.619395745322,1,1,11,9.646346308834433,2413055.69
3321.890064146811,3,3,44,1.075080175394534,3284116.3466698322
3911.953214053621,2,3,12,0.6556999333782595,3447535.526463563
1297.8624632895244,3,4,48,9.753763306666167,2278528.8836157564
4475.831340475285,1,3,1,10.971824828704943,3278152.0917678615
4436.111522079021,2,4,19,1.6902671195935481,3853923.336751957
728.6880453520603,3,3,30,18.45258900913106,1709965.1605977262
4233.593702484955,3,2,8,14.392514886967378,3453619.4716074476
1167.0274168831588,2,2,20,16.04551893388616,1527276.2478681733
2074.5229587402246,3,4,7,11.722062699205395,2832493.143490322
3871.436327683074,3,2,38,13.30452711547484,3144300.539636358
1307.3435426125561,2,2,36,7.818418573559693,1681976.3179394016
4199.0549061238735,3,1,28,13.618011990387455,3151840.131358505
4261.390383014064,3,3,18,19.56583953894496,3514051.3188324505
2832.858028547679,4,1,34,12.98954662115828,2751310.9999549915
628.0978355540677,4,4,44,6.898511085176077,2320751.614
1862.9677859696162,1,1,37,5.776258535,1495631.640380903
3314.4784408532655,4,4,25,19.270584222856552,3511500.4540738193
4917.219183320663,4,2,10,3.781545712450494,4297651.5955156395
3379.979518873341,1,1,35,16.143312572225433,2056796.4260964792
1743.135756682303,3,2,34,9.358719611,2179066.4042259827
3389.625094,3,3,3,8.930819112,3365869.082691048
2975.935670749764,4,2,2,14.976001980779094,3143120.7138636177
4031.3197386650318,1,3,44,3.0459647579142737,2999413.4922785475
1070.714810838617,3,2,46,9.379288930283916,1782444.5449179476
3948.5227710089234,5,1,11,0.8130903865781913,3967672.4958772156
2981.572946174885,2,1,31,13.44109574807824,2231637.4762301953
4837.164816979576,2,2,46,1.2617079506779607,3528021.1675805463
2104.237530570219,2,4,25,1.8370470737103506,2655050.7419152195
3383.536329789372,4,4,42,16.91204498646114,3508200.1832697806
4700.9236642440765,2,3,42,8.914808221616966,3526838.5857940163
1051.0428031589888,2,3,12,4.099416202110026,1948205.995641611
4723.805343840385,5,2,43,11.892433061512058,4173726.928794269
3626.697178123579,3,1,37,10.433736965232175,2884346.767861463
898.4830600627564,5,3,28,8.277075702182877,2608372.9340920383
1924.2396945659916,4,2,50,18.117799628312014,2314436.772821073
3715.957190039239,2,3,18,15.014214163231685,3032367.229859303
896.3426464625954,3,1,34,3.1166981379804026,1680510.2785760069
3161.550024775602,2,3,47,11.458415533953655,2681279.6198130455
2121.8854505930094,2,2,40,1.8660036240248656,2188295.570920325
3332.028278176899,4,3,26,4.968614011811851,3601314.777
801.2649487750565,2,4,45,18.206220899740742,1576180.9744970307
4434.761947070456,1,3,30,9.295390521594019,3146146.081207665
4883.3514643805465,3,1,2,17.85291142219226,3539290.4218507456
4863.062563257043,3,1,34,3.4033794152721257,3658136.611427396
3898.4680596688686,1,1,23,4.186300775481614,2615180.9324291195
1172.3794565747808,4,1,6,7.121211989035146,2178438.406611005
3936.358062087699,2,2,50,7.3898802809633874,2935054.344
708.1824324187266,2,3,34,14.931017677589422,1450143.780761892
697.3436267275879,3,3,20,12.028270183170601,1872779.3278046993
2023.8849642579814,4,3,0,11.109663576337937,2954422.1287065498
2750.0300377805293,4,3,43,12.087272585879068,3082942.4852770003
3989.792638,4,2,5,14.670608313215839,3641157.0710171456
3606.499657068623,2,1,38,17.867051108320865,2420581.7244722117
2561.971908057693,4,3,33,8.353325134,3113592.3694552304
1803.9573316393298,1,3,17,16.078226264176962,1760087.058640443
4987.3478006939295,5,1,24,9.952427973411968,4239298.258983042
2475.197729838281,4,4,14,14.469357026735812,3242884.642488742
2586.102907050572,5,4,46,17.508993382389374,3377544.503981816
1319.9448132433445,2,1,31,0.7410749650601915,1654823.8254247857
4097.162014,4,3,41,10.97793213120193,3788695.2827301235
3652.201793,3,1,48,19.78867446656346,2655000.3254923234
1571.3862962705457,2,3,49,9.974865848997036,1905868.7492596493
962.4766007097079,1,3,17,17.299643283773673,1314918.352783698
3594.196929128738,1,4,30,3.7994070630949044,3035783.2414067886
3479.849342836995,5,4,28,12.1253131,4022091.327604775
1802.341918792121,5,3,14,17.419088668365458,2947462.104133069
4783.799673901805,3,3,22,8.687509319213545,3972822.5686709494
1264.654723835961,3,3,37,9.785768972,2116284.901
2502.2731245874484,1,4,40,1.7321562985354542,2481166.3544273325
4751.910048737435,4,3,10,0.9392246298170396,4471843.449876694
2446.800194474938,1,1,14,9.427295161701366,1829527.1121077589
3409.5141697219765,1,2,22,16.885159099658562,2321726.8209721344
2349.415351036295,3,2,2,18.633353015082825,2456713.533320809
1806.5468903341482,5,3,18,13.207194768879384,3013802.467893804
4929.501651023244,3,1,0,16.545332126758883,3598517.101080762
2401.0696277861894,3,3,23,14.723597836902265,2655735.7752593667
4534.036496188191,3,1,48,14.059567955318146,3210499.8070920506
1611.800265920779,1,4,10,15.403758665856499,1912497.877747577
1537.6606977103665,4,4,29,10.155528752977489,2785392.691899951
736.9899647,1,3,49,9.212968259587404,1203908.535258494
3467.3340316538943,2,4,10,3.2669560926130163,3383000.812079004
2221.515912384549,3,3,38,16.891924802490987,2447592.378246772
4403.176299294403,3,2,0,0.9878162140677026,3846504.743470165
2682.1235894428514,2,1,11,5.422138012622848,2342291.952573286
4860.051082824775,3,1,3,10.446331328200008,3670771.8329527047
1416.312269093733,3,2,24,19.434802439188786,1864133.0038674083
4421.941939004688,3,2,7,15.740861551688353,3525826.656572894
4017.0261522836636,2,2,14,7.436557370507697,3154454.846835995
3992.0561164338287,1,2,42,14.307572971197457,2564549.516897283
4317.046203714306,3,4,29,18.634250821501606,3705511.0035314388
3948.505560149195,4,1,39,10.82378068558781,3327450.0844671587
3355.369415178228,2,1,31,9.29260989,2501505.427884054
1177.4774618025053,5,2,43,11.104566118259116,2416320.3266403875
743.1151897615084,2,3,34,6.299447818964256,1640241.5566057863
4651.7305303890225,1,3,20,18.15624133261539,3127413.3566465206
3313.2613838912475,2,3,30,15.965908067983392,2751985.4486902733
4104.7640802951755,5,3,35,14.139133835830211,4059272.281535301
2718.698347,4,4,26,11.822932403196587,3357563.443367996
1116.1560314345356,5,1,43,19.392548091198545,2019899.9719976143
1150.817485691222,2,1,7,6.024344016540966,1584594.7806191088
3616.487263807474,5,1,22,5.734389781646305,3648228.754375128
2493.345937557636,2,3,22,4.9185528239773255,2602974.8304035887
1482.3087974814816,4,2,41,14.861342174034155,2203600.473364375
2763.016005662322,4,3,32,15.965984233498574,3066861.236265507
882.5193231,1,1,12,11.98257210571717,1006281.1375552688
3160.674168423355,4,3,38,13.074475835728533,3293520.4856014242
1783.5709795144298,3,2,34,7.044319215667216,2245572.0235481877
4109.260042803628,5,2,15,0.8911750952103582,4226479.437601924
1965.5926192637246,5,3,11,5.147353288460935,3289522.161966961
2602.9686559599254,2,1,30,11.727634219895474,2081604.5616863705
651.1303755956428,4,4,4,16.277360379449334,2344690.8983131517
918.7663063,1,1,49,15.566180070816644,767732.4698360139
2326.9716481894134,1,4,39,3.6717985474443062,2359722.771250138
2711.7308727553436,1,1,43,1.123779580516943,1983062.7628716503
3240.0904117249365,3,3,24,17.026144795921223,3024195.2280483614
1883.3153463209342,4,4,20,1.604225730782767,3174246.0766491294
3657.920298956787,1,1,2,7.926894129502422,2525095.1849926626
4384.538548,3,3,47,1.9750905700198218,3782440.380520171
4031.344351130739,5,1,9,11.324569337927272,3808853.7069111415
774.3228315327715,2,2,22,7.3303949806315725,1495226.4342580717
2714.230567934447,4,2,16,4.1296229942500995,3159195.7421865393
1061.6927850399695,4,1,41,11.94383659753902,1851642.5786735218
1664.998069795121,5,3,34,7.331496618605822,2980542.0206297613
4941.315410375444,4,1,24,3.419086209243949,4046948.8991071605
1226.9803887666583,4,3,1,14.031719610028832,2492528.72
2795.107875185967,4,4,26,16.75248536665929,3297177.148364115
3319.885230999724,4,2,45,5.547477164641152,3288665.9903113563
3690.8458703940573,3,4,8,3.809858411456621,3793898.6850722134
3062.4542073424223,3,3,48,1.5975120535110532,3123949.780705307
642.9917286444081,2,1,3,10.605252288897109,1259063.7366485794
2036.4297562735644,4,2,25,16.642744624958716,2525032.903741925
2877.931231,5,3,31,5.0907189105063875,3646824.1553405547
986.6125962372668,1,3,28,9.266691655,1432645.3831140406
2142.7584973203952,2,2,21,3.299988723610818,2265052.392292299
746.0936786820129,1,1,46,8.143596397,844847.8295
945.7453874820912,1,2,12,0.40735764035395716,1469398.4590382837
2346.462415287023,4,1,22,18.22350845028371,2463433.956742155
1183.9493177894656,5,1,30,13.563780710511317,2235371.9627888235
3097.179732350856,1,3,50,6.7229929809319575,2428802.9246611064
3633.6458642039693,1,1,40,17.63584537511486,2128778.9427040042
4122.581476079965,2,1,35,3.7402996257175802,2976157.6636299486
1480.6610746771644,5,2,39,1.6668012639279193,2776667.4301643413
1336.923361939907,5,2,30,18.858169464803257,2405971.209778206
1060.098497471361,1,1,14,6.249437538544286,1199733.416069112
3400.2930979920015,5,3,13,18.725870542758226,3725302.0562451533
3708.4931965423652,2,2,34,12.788497093528854,2793149.574504923
738.9790372,2,4,23,19.60285436302788,1627105.3494601722
4719.333883472235,2,3,29,15.093241323027165,3477475.0333798914
828.6736480664786,4,2,29,2.1991289518731305,2190027.163100094
2981.703875,1,2,26,17.05935047,2084337.8463104304
3719.866285584032,5,4,48,3.0427825983065686,4223750.408930203
4432.264144482777,2,1,39,13.874732354908847,2908310.3432475287
3741.982501382682,1,2,13,10.058108243524948,2669502.0039251596
4127.603565507084,1,4,44,14.18372766207523,3024800.147616355
2093.5808471883465,4,4,46,15.323291700097146,2874997.5076965475
4185.230500484654,5,2,10,16.09293770712499,3985429.4142041444
952.5053240925706,5,3,46,16.716104640644726,2376603.487337708
4537.193286666322,2,2,43,16.95976797883791,3079074.2018607203
3009.4064550764397,2,4,25,8.310231087796152,2978171.523886614
4196.110187834973,1,2,20,17.79563863662493,2706815.239289305
2590.2004518805206,5,3,8,14.419647045557173,3431380.203133434
3431.7418588647097,5,1,46,16.795521535224623,3214633.4168321798
2916.171708118898,2,1,0,19.78490792200554,2227060.6137236557
3818.9938957234604,3,2,43,2.4166533684377622,3310836.7985972925
959.1719209345941,1,2,5,7.474535983939621,1369768.158892822
865.5491695584807,5,4,0,16.150285712054675,2774441.788642464
1687.2542296446443,4,3,21,1.8174390807855327,2866951.2513109287
1301.9965924980288,4,4,50,10.861543202901958,2548440.3502952927
4435.847693005688,3,4,12,17.18211938,3878954.3769537653
1564.541544375395,2,1,37,0.4779261378424994,1752385.1675351649
4893.807125604178,2,4,48,18.79642608132554,3595647.9592798958
2082.341484,2,4,44,19.565081995701593,2194542.02
1401.318829030277,4,1,40,6.513390501193937,2135064.522595577
4074.6734314269083,2,1,39,15.359144708662017,2699826.7396445316
3498.314212203855,4,3,30,2.630804443022584,3711213.935345793
2792.0611523938114,3,3,14,15.479998983490779,2881103.514631408
3043.5996241255775,1,3,49,9.682281448596703,2347827.101195172
3764.487824397961,5,2,1,17.21943426271142,3797528.1450490695
1605.2008618577145,3,1,30,4.330867902796396,2030655.9909772463
4983.869230649664,4,2,25,13.485893269520563,4061889.6680387384
4889.089913445846,3,2,1,15.743771570875428,3789342.443409732
3461.4330199265223,5,3,10,4.129596079,4062797.506497152
1477.9867840882387,1,1,32,16.383916823639446,1115987.9736756478
3593.004266697682,5,2,17,19.163911468743194,3592896.8220782946
917.6729995083737,4,4,20,12.359964138420555,2476310.135090093
734.8710097055467,5,4,30,15.718523294131954,2567737.957074452
1733.8047094493402,3,1,25,10.698418801256949,1992606.8968038484
2635.5410096529918,2,2,29,12.002256883813052,2297398.285254552
4420.399023796875,3,3,38,0.365713447,3877558.1610615347
3799.5439069717554,4,2,20,10.53331661003694,3553778.5393894566
3867.9086932799164,1,4,48,11.553718621498398,2927552.892314308
2472.170671571532,5,4,15,13.43394616073119,3557079.331
2122.113967206637,1,3,6,3.4708731157705035,2226312.439392226
2232.570557132252,4,1,21,4.903347821463341,2677891.2402411764
4945.658080438655,5,2,6,15.144492170676028,4404612.114910124
776.4804422,3,4,1,3.436012518544576,2379192.888840887
4414.938582938774,3,2,36,8.378918840476565,3524563.832764173
3146.171797718531,4,3,13,5.084755357879021,3571063.709806002
2529.907844434198,5,3,7,10.94916366207289,3475643.5670799585
3791.133705826601,3,1,28,19.73873053498338,2825465.1603179504
2741.3433422686926,4,3,43,17.055554163798035,2979233.505962703
4443.062247559306,4,1,6,5.462539365235642,3846953.2545792577
4563.088201649537,1,2,37,7.435375030511008,3012509.518318866
2455.572078243204,3,4,44,18.380808291707005,2704842.791391779
1818.042307834227,5,4,21,17.976069949859294,3109172.673024245
3206.3414458107936,3,1,43,3.294507965,2786953.482
4614.3987207134405,3,4,16,16.602495521915216,3959822.3680227334
1526.913631624933,3,1,15,6.022397305270291,2032681.787811378
3341.0529676793244,4,1,32,10.921682870433562,3056765.7445353083
3378.8649684070906,2,2,38,0.20145794687494267,2860076.243370364
3825.6972986272363,2,2,34,19.971944798833484,2708082.6714412663
1178.897814559943,1,3,37,15.245819746004125,1364205.4304642063
3749.6298446011897,3,1,31,4.9104878919846175,3086278.083
4599.7430909288205,2,2,2,13.70751839,3380394.095701382
1390.6056790290647,1,1,2,5.93681652,1431239.4272151047
1645.1906296650616,4,1,7,1.880170698321729,2514664.818970414
4874.138413783214,3,1,45,8.563668131705892,3505468.762361807
1396.298591921755,5,2,30,12.313005362628537,2566562.1068126243
4359.294410826148,4,1,8,1.886571418400458,3866588.6951493826
2766.022568371353,1,1,4,10.41628534072596,2019358.4954754745
1687.816727373979,4,3,27,10.345798225665646,2666665.317277994
4431.299566,5,1,14,12.61004028821269,3958121.8951395885
2559.343122011728,4,3,48,4.968448206756228,3104975.5149750574
2865.196357290637,1,1,26,0.5107655165927402,2157055.7864177814
2180.626825358969,5,3,41,6.564664383839538,3218693.0431070114
3208.9837463136805,5,2,30,8.031765731261366,3558529.477
1319.505039,4,2,39,12.751246988140489,2174400.4980285577
2320.758761267747,5,4,17,18.61042006,3367843.8975526416
4865.414218275265,4,1,37,4.1473719033920045,3929432.589
1735.7871038849612,3,4,48,13.777939212489963,2417007.685796999
3489.6413239816857,5,4,3,2.0382780965280696,4353728.018164598
2030.8362825886575,4,3,20,3.8933729355408597,3002223.600687829
4003.2817530210427,3,2,46,10.23177678023487,3231678.2590101412
1175.8441071607392,5,1,41,14.196713825279476,2163660.6951790974
4867.212598345597,3,1,22,17.185513865224678,3444568.939972623
2596.6739820880125,5,3,44,14.903678296395993,3244936.343220404
1638.6220387244414,1,4,21,0.4055204585243148,2170873.5282960515
923.3856882520557,1,3,0,13.710233385795206,1452161.0945144412
1346.9347823851792,4,4,24,16.5106883,2587926.5432241852
2887.005373646478,2,1,40,10.558116200043846,2197013.2809266793
2082.813976,1,3,27,19.315413950231545,1784771.6272485163
4247.086809883482,2,4,36,0.18581720663227907,3704499.978913413
2495.905104111946,3,3,10,16.391293217423648,2734799.6058118176
1694.3427993855717,3,2,21,6.762912665191969,2271586.064493264
3315.437941057732,2,3,24,13.043950656582764,2841512.8755015284
3709.8197542959615,4,1,20,13.900289698928143,3241577.0012737354
1334.9843947641793,5,3,35,6.194355425907513,2833278.006968257
1337.5245516685977,2,1,19,19.90894755,1340256.243
761.3542785075891,2,1,15,2.1546755586004265,1427256.5461861035
3840.168866288818,2,3,27,3.2248787948562008,3285259.7753516026
3520.7399215359424,2,3,28,17.854614934496134,2827950.580182366
2688.375853299181,2,3,49,2.471679541252949,2614427.253928849
4314.349975464467,4,2,25,7.687596668444774,3843095.9724676553
4144.948672980234,1,2,39,14.689530016734407,2648356.6542597464
3175.5592033457096,5,4,1,15.850688030631192,3930438.7591645485
4420.393634258338,1,3,48,19.09791661857457,2852911.402861995
1505.7013241617803,2,4,9,15.81251931001658,2156273.1939848755
1092.4463253500026,1,4,12,16.90619444398317,1612772.1918996552
1786.8982906747542,4,1,14,18.992582513318773,2208270.4131753193
851.1821667929853,3,4,8,11.11838507625487,2227896.2999757123
2937.145923204541,1,3,26,6.934325855961032,2464559.3625873677
4721.065046,5,2,7,15.25610157886341,4285083.409575964
773.1115789414424,4,4,5,3.354477569788978,2659139.156179259
1137.2836216441178,3,4,35,1.4578102330807265,2429158.5242647617
2589.675724447115,4,2,49,15.728084215943102,2699949.096009013
4709.050077122782,2,4,23,19.018360025450747,3623830.756156693
1991.0868618977022,3,3,2,8.904694205,2672122.4649565513
2831.8331582289265,5,4,25,3.3065557236175573,3889458.3827464296
782.9205798217253,3,1,35,9.990717424128565,1481318.8595326087
1252.710084233191,5,4,20,7.927025253872887,3032487.4551434554
4941.1725410189265,2,1,12,7.5122314011940645,3425014.5605898993
4846.522264318601,5,2,10,12.59880871554659,4385957.875952685
621.7359161114023,4,2,7,3.577240722735092,2168996.0617053164
4787.971855862252,1,4,45,7.671582819077867,3480227.189653886
3412.1277263882016,4,4,45,17.386669098223933,3498003.3993339394
4418.840495888097,4,2,47,14.620335442580718,3646686.4571967516
2600.855365,3,1,13,1.2062104890969039,2675976.390716869
2868.6225257487013,2,2,32,10.326685539653496,2432450.4701855984
2750.924953130449,1,2,1,1.9167768263468776,2396799.8581426046
3534.2027332028592,5,1,0,19.154178936076406,3448690.7059842194
1214.4655209277769,3,2,10,4.968348753571805,2122538.7034967695
731.8837954,2,4,5,18.65915841169693,1732431.6475902703
1954.891743,1,4,31,16.69676732898114,1953183.4430253147
3700.5953560412454,4,2,14,11.072152250476258,3523527.551115415
1488.1551893409728,2,4,11,6.7924609995750735,2317901.2927833027
3563.102706629636,2,3,36,17.173138945743943,2822761.4925042563
4867.613003,2,2,28,3.140395648637173,3595671.506567569
1013.1631494734409,4,3,43,3.6814848665907025,2382624.795509224
3559.4493201905557,5,2,21,4.571981279599506,3847957.9526076056
2552.500964940113,3,2,45,11.994168267139122,2476040.0352315917
4419.825919261024,5,3,13,6.355071968595032,4482484.438362928
1379.459073568498,1,2,18,19.784710645630316,1268708.2419759599
3647.554189795124,3,4,4,3.9827494023339707,3788795.0249551996
4287.707274451685,1,3,34,16.131640941327667,2915893.7365036067
4756.302565685703,4,2,24,2.0071407482852317,4182681.3859814643
3606.291324474442,5,4,49,7.133586589760436,4080146.849
2787.568962,2,3,37,4.950873754100471,2674439.923840848
3318.527856885341,3,3,8,19.53903537774204,3093156.138992147
4423.181932,2,4,6,0.612038538,3934023.113
3110.6828852108506,1,2,17,14.461223561441138,2245789.889
733.7030626660821,2,2,1,5.029670295,1625931.043527801
4696.174260230702,2,3,9,16.24384838547372,3542883.0805101944
3633.917704538869,4,1,43,6.2933655517451585,3240764.4593388485
3576.658897419885,4,2,1,3.8269564757285157,3671463.2372996896
1548.9706705499555,5,2,44,13.891493043322926,2541328.3925128365
3499.0960690236916,1,4,7,5.225773061,3074705.491404403
2333.0033848782973,4,1,6,9.762382712570469,2705926.956292057
3465.425098982565,4,1,34,2.7175151040494945,3273035.1655146102
1069.0093333551592,5,3,22,14.519500419759133,2598787.576386715
3494.5193402533587,3,4,7,8.196040480572067,3613011.7786195553
4997.420393390933,5,4,20,2.897537212801493,5005432.370543754
812.1329709864465,2,2,32,14.857741431140541,1313584.5749747297
4899.566410573796,2,3,46,2.156907621431551,3741317.9709625845
2390.3950271806307,4,2,0,11.538926407928425,2929091.9035360646
4431.315181,4,1,11,12.18895487683202,3681551.4113096474
4042.496129856403,5,4,10,18.613974957456477,4263641.484
3094.8715483413384,5,3,47,3.104511921050194,3715018.453853983
3849.1765207058365,1,2,29,13.101592558632365,2582229.327284588
4465.468469725931,2,2,3,7.677294769765805,3428861.257571967
2378.2174152645453,5,1,33,8.076205505823555,2927257.515620119
2038.9459108782503,3,4,22,10.086321120681783,2772419.451129807
3537.410896479773,1,1,31,4.752313779775204,2383332.0907486994
4154.522144541538,5,2,2,9.277546455153914,4146383.0612720083
3954.0545930171093,4,4,27,13.768238751176616,3931335.44
4110.380054977992,5,4,3,9.196549487,4520931.955853025
2516.5665851769054,4,1,49,0.9459177038886767,2759037.8566149967
4198.470551170095,4,4,11,5.230742326,4304293.347166511
1128.9198436306772,2,1,23,7.094058234,1472251.675243918
2995.752031027738,2,4,32,7.158950624,2959369.9211361124
625.3381061917349,5,4,2,1.7120371611345038,2933101.2279774947
2028.1776515611894,5,3,3,9.046453977183535,3282832.6643412416
2212.4307534341506,3,4,29,13.869785477872481,2748492.5852639433
2343.159843080724,1,2,5,1.0685731591676038,2189881.376461327
3660.0557094353935,1,3,48,15.043391030227289,2553832.9522174685
2309.655645589521,5,1,29,19.106593538972824,2692368.8701196215
2574.251939539135,2,2,7,0.2858293117949165,2611082.301637986
1645.194175847041,3,1,17,3.954477087049678,2123180.4642868442
2242.3078831690964,1,1,15,10.915406868671315,1692518.7223154393
1599.9863599578664,5,2,5,4.439184782,2950882.4024363235
922.0620646,2,1,23,15.31605803038957,1204382.789787102
3255.173810878063,2,3,50,6.311472867692918,2816030.3661894905
3540.1363136420714,2,2,27,5.943143118126569,2880878.212562822
3325.757522442304,4,1,31,0.11838512809049352,3270183.9767636596
2639.3737927225184,2,1,24,5.475511144946687,2254849.5915666427
2271.057432788611,5,4,27,4.431643385946491,3576568.766779693
4398.668058116031,3,4,20,6.930495246135267,4025397.042239628
2883.9598545993595,5,1,7,3.038367395183574,3410885.4975003256
2708.4002615708164,2,2,35,11.933508461807646,2305202.879653573
712.8250895,3,3,8,4.850956715497621,2084066.3285685233
2101.4904415550877,1,1,39,16.65184221,1387381.2947120874
2272.860722657771,1,1,20,5.762703140078479,1785849.2166316332
2354.820235946362,5,1,50,4.2963050292472404,2906156.9354925537
3152.758424600262,3,4,0,1.2293521025947516,3616465.0883525535
2947.851205598265,5,2,3,14.82414313,3427115.658274796
3274.7824082911566,3,1,9,10.213342683247362,2852797.2685849485
3965.4863507853643,3,4,25,2.3642816478716076,3875130.4605395677
4177.137250350811,5,1,39,4.5045621740884805,3868150.299797953
3759.7415353965753,3,1,2,19.974509533990865,2935053.495122788
4804.304262201713,2,2,43,16.13997166299323,3229025.615945309
680.2233637759912,3,4,8,7.062402766775025,2223536.544656812
1461.423137007603,3,3,31,10.896841129245344,2222447.664023212
633.2766499038253,5,2,2,8.378741462121804,2403736.413813794
3448.888742280253,1,3,3,0.8241523514770437,2957634.2422149032
4551.334415379943,4,4,5,15.595672483336836,4303426.676127551
1671.3221049357169,3,4,8,14.368023653142224,2572973.4975093314
4678.951997103749,4,3,25,8.235166058467964,4214445.595486833
865.1765172740677,3,4,1,16.933353023924482,2153594.1162628615
4711.518517944263,5,2,1,10.741307988295366,4400606.017310541
2147.1398238543916,5,1,49,1.3976479442948881,2865289.8711456154
1046.2516451765528,3,3,20,5.262185175912938,2182555.0371743347
2737.8357404198327,5,1,21,9.289279438108336,3142805.199552067
1729.816897970235,5,3,2,2.158639850344863,3276408.570082538
1853.4407686324605,3,1,34,11.46451573797181,1992102.9876611112
1952.075845675661,1,1,49,2.499306417499689,1545724.712592154
4133.313950463719,3,2,37,4.090112891136545,3464527.6355134463
2972.3096173711197,1,1,32,17.890274860630743,1833022.2295772622
1969.753876286416,5,3,14,19.996266522020555,2979624.525807115
3285.4686465680406,1,1,10,11.050041546529066,2236406.410457757
3751.0629665820516,5,4,9,12.43100734162212,4246584.254562901
1799.5456032275486,1,1,35,15.96887982383596,1270068.1232413722
2419.6160467115465,1,1,13,13.953175974461377,1730417.421970863
1136.2988106825692,3,4,1,3.731084238628855,2553200.6386730247
1397.0571379525934,1,4,44,8.292263338315042,1777356.220314313
3596.9185574459243,5,3,47,10.74881872627717,3813155.8223017366
1398.3287298607586,3,4,43,7.258268643719489,2403671.910160307
2910.718888135065,1,4,36,3.6045127781801187,2667942.1066082474
3719.8035515787037,3,3,50,14.748655546821318,3179601.582957243
1070.2584616168729,4,3,28,4.057043461,2478661.2796911695
3096.1737663671756,3,1,34,5.283669981165901,2737086.401664587
1728.8762482860006,4,2,19,5.801740341055806,2618076.2354262015
4836.878251045351,4,3,20,3.319406686471754,4416723.909897557
2727.600845567669,3,4,33,17.00607729760712,2923351.7949360097
4146.367219010695,5,1,48,12.251264745407452,3652831.2327015162
3020.9967854875517,5,4,42,16.71148778684356,3630941.555111222
791.0151445612044,5,3,32,9.925213338831272,2501676.223608294
3385.8660526136982,2,2,18,10.439304498402633,2758819.854443114
4786.174705709291,4,1,7,12.361278139673848,3875534.708165486
3247.0920086438573,3,3,30,7.481298924,3188592.9439418265
4204.430981477877,5,3,10,9.982023487,4317247.939100477
4490.508438732994,5,4,7,10.983611068446868,4655254.916101877
1603.5509965753029,3,2,24,19.075494479927297,1964938.5267934229
1532.9972955961973,4,3,48,17.669871823308153,2337774.129436253
3288.3163509443634,3,4,19,2.671992364743004,3560391.246281639
2408.525267149501,2,1,37,0.9215210891710908,2165505.129895646
4295.389732613569,2,4,6,13.638645639987761,3609594.871611347
4560.101742951249,3,1,12,1.0790534662330598,3663142.7202552813
2155.0540689319596,4,4,38,1.3009861925578956,3226180.2287191395
1642.230459487721,5,2,42,3.2693415971984416,2810401.3159042094
4034.312267072992,2,4,9,7.098971108248007,3594849.6294758534
1809.1465564117989,2,2,7,8.756422625839056,2059117.7437934356
4219.503001460185,4,2,41,10.43562289081729,3660711.9610180645
2464.4483160545565,2,1,42,19.846535040146257,1789966.3753286705
3537.219557,2,4,19,7.766131818770523,3282960.060170142
1020.355381,4,4,16,4.930786620743234,2696234.876125723
3344.9810285769213,3,4,10,11.547522930836108,3456212.973776056
2587.777786443808,5,2,15,4.381503956879397,3395931.7321886336
3181.077237972086,5,3,36,18.816814292658503,3498875.251237191
1339.2625140773991,2,4,41,5.259160610706827,2124120.963
3842.2444777544015,5,4,31,19.799689299500102,4034801.370991516
4396.307141190206,3,3,25,8.431496988578823,3769196.548927844
1553.655120399413,2,1,36,16.272451546538655,1436051.4473732505
1021.1440442887116,5,4,8,13.000778468410823,2875229.3708804566
704.0097786038801,1,3,34,18.676534071450238,1073147.1259772526
3424.6746019503703,1,4,2,12.545996362882828,2916090.291821846
3271.2137587906354,1,2,30,11.666237790892826,2316955.0416817786
3005.468615941908,1,3,41,13.091763646913396,2300571.953137004
1620.5672229102918,1,2,6,15.750664089676441,1529943.2477659343
2319.9863819842644,2,3,1,17.986948480597075,2359927.1394845084
3215.6958748191614,4,1,24,5.409616511920182,3144328.5252754944
2785.7741789803454,4,2,39,4.097653128414195,3080606.945026206
4946.256288945504,2,4,11,0.7835589437529955,4167129.8837020095
1200.3349112496257,2,3,29,7.464576140567644,1870548.850917777
3658.6360378094128,3,4,29,16.939081954477203,3410209.2979194797
2379.002579658885,4,1,28,1.4901628298740432,2784370.951336279
2484.078305672705,1,3,40,10.816549521620699,2090381.0805082559
3757.4301688959754,2,1,10,13.926293860998182,2714862.125332341
3646.7190658272266,1,3,50,16.753375359109064,2502964.9438357493
4961.526372289629,4,2,22,11.710263407312379,4101230.8361028843
1164.934873598151,5,4,16,3.8077682028397595,3090984.9908465976
1058.0824572903318,5,2,12,19.29427153854266,2347828.7159786304
3787.090795366461,2,2,32,1.983565057000554,3058547.0146475364
3144.902435,3,2,0,15.403092274759468,2929062.2900232277
1806.306932863146,1,2,39,1.8225285544818413,1736375.8134462535
949.4452235515411,2,3,12,2.9540402428541923,1920314.725023004
976.8962982242944,3,4,37,17.974490314529405,2008631.2609258764
4534.439848522121,1,3,2,15.08618570617502,3220169.1282418775
1444.2162287624687,4,3,15,7.373614597516468,2664308.7405352225
2022.8348733082914,5,3,41,12.810614697458458,3014878.060809294
1597.2881697987473,3,2,6,9.199219712042817,2249332.608762834
2161.983745660524,1,1,2,1.4241014418366424,1907182.7620978465
905.4649080828108,2,2,13,14.450439565140044,1463396.5808429217
2883.86308,1,3,15,15.288788902349452,2325828.6800555233
897.4952798057456,2,2,3,17.658593584425127,1445248.6863186874
4121.5686344183905,5,4,30,10.858683197564472,4358283.5713622235
1628.3331604059053,5,4,12,13.495445224928972,3148930.593808691
2976.0524242598467,1,2,26,8.817203325659872,2246355.0637210435
4472.347985270417,1,2,0,6.4462942562457455,3171921.025614611
3463.8604238076546,2,1,24,8.292829904243375,2610746.5319232773
2945.014260825875,2,2,36,18.243871897623304,2292302.610564789
2027.0685137076525,3,2,49,3.367008572379354,2365867.0035105566
2065.208417456071,3,1,43,5.0451463706488555,2181374.1994193755
3545.7426028720365,3,2,10,12.163196748416869,3144280.2845719983
4974.2131893731375,1,2,8,2.413998299067605,3463499.546809534
3512.092435337266,3,2,6,17.848103781883296,3033757.0601352844
3054.2470364281094,1,2,13,1.0400038000789251,2505996.3603167934
3814.8622450526827,5,2,29,15.130714635971634,3724489.747911226
2646.904694,4,3,23,7.537188138271067,3222381.502363076
864.6263074,5,2,2,1.1181949148680763,2664622.1735286834
3074.105989862803,1,1,47,16.874265085002868,1829240.6113356615
4813.551251823673,1,2,38,12.845158670141057,3024545.370613333
1371.3329463737025,4,3,26,0.27628831204795545,2714813.625
3636.0215196109293,2,1,0,5.423903682853803,2874205.6042527063
1484.1082300998485,2,1,37,7.105707593727979,1579612.881279682
2957.6418116815576,2,2,25,6.5193051630954955,2588107.7206831863
1025.3763784455664,3,4,5,10.017006377689874,2352020.979773303
2581.6321195360147,2,3,41,10.58337886174923,2438821.401
3927.118647139083,3,4,11,7.995404954083848,3813324.142592182
2129.314706651521,3,2,50,6.702229741679352,2345285.676596491
3525.611587743759,2,3,37,10.13774563,2939723.799316755
4099.979827474808,2,4,45,0.7689465521103335,3574283.900799515
4679.5824057095915,4,3,34,12.93951502462913,4075673.820466531
1632.4251601639955,4,2,9,12.159052086382527,2492704.456458665
2356.990029560956,3,3,8,5.656474014530476,2890038.4525941857
1270.6304586538367,4,2,22,3.672357395312679,2416540.999524982
4966.927409496851,3,4,29,1.5524009552959024,4372088.603746825
4678.8042588668995,1,3,50,11.788140650991618,3118312.234517935
2975.8113732344623,3,1,21,11.421115424445519,2619156.296232638
4304.946495256254,3,2,46,10.713029993200008,3372885.5658684443
2892.215099996986,4,3,8,19.713803536924303,3176504.3973643244
3343.777027212143,1,1,18,10.677727809328248,2233006.875523824
992.1475013104731,5,1,7,14.463635526396846,2236473.958231617
3923.189850185955,5,1,3,2.347073609488612,3964326.3710075226
1161.9393279950332,5,1,4,6.049518704792711,2504652.2080059797
4234.697573111125,1,2,18,5.581387637066637,2980393.9519185475
4040.923585749698,2,3,45,11.561912566574366,3128896.4596476792
3718.476670069096,1,1,17,6.683183244305771,2505247.588
759.1056743089533,4,3,28,12.857221894713994,2147081.3173645143
1933.7647661594458,3,3,18,13.832785810113887,2464899.584981763
1757.6953076077086,3,4,5,0.7704277598303358,2903112.016711565
2184.600192874684,4,3,4,12.83117847754496,2980349.445
985.6280857608896,4,2,42,2.4240685093489427,2199005.5907977833
4722.614421336676,3,2,4,9.356192506925789,3818856.279
3036.7298591344556,2,1,7,14.558873758301708,2356860.372505511
1944.3069668953035,2,3,26,14.096565419308405,2124895.093165801
2346.718675126847,2,2,36,6.066468645449475,2236702.8827587515
2567.691178221277,4,2,42,5.520080424170275,2928116.8987315507
3242.615066786716,3,2,44,8.860507506,2888770.3013711376
2868.9894818645903,3,1,37,3.8544749520539656,2637078.159995533
4645.324682143436,3,2,36,19.496510352898746,3417405.0521180606
2786.639324785653,1,3,17,6.963849719148159,2433715.5861141807
4965.495265222576,1,2,25,18.467566152842323,3053069.227658759
4346.269814078421,5,2,41,18.17447276290324,3869318.3698854633
1517.4462631722777,1,1,15,7.360494852490056,1401186.152640655
4694.618944433231,2,3,21,5.1562841822308245,3703856.7066763164
1112.0121506960947,2,2,45,15.439629127072635,1386886.410910912
4196.778717361243,2,3,22,4.664619167,3459769.8934546052
2274.7424912969523,2,3,46,10.472803160253278,2262588.100547728
4463.087009958306,5,2,2,2.302718550955809,4440162.0520643545
4419.449436472782,2,1,2,7.780049875533647,3208796.6388300355
4146.071760517533,4,3,11,1.655282980736824,4149603.1387483478
4076.13392,4,4,22,5.740447894452543,4177930.920090802
1940.5882120313795,4,2,46,13.33934538999187,2438180.1163201695
956.0448454255096,1,3,10,19.827012415348587,1296155.0925101005
2373.1127865667104,3,3,41,5.170671170480907,2742815.8879780546
1363.507865940638,5,3,46,9.519093681931848,2726044.9774359995
3657.7847911708313,4,2,49,9.016117681916144,3368242.9600514104
2122.8387967662566,4,4,45,3.764657320730473,3125799.1700728363
4892.684883783626,2,3,28,12.240373820330403,3626207.8835895224
3420.277140319461,4,3,5,14.521628441757237,3559378.919428903
4218.914479991188,2,1,45,3.0296677203853872,2988536.803692204
1183.1085600641331,2,2,15,15.166778994357946,1577891.618249225
4392.863721999539,3,2,33,14.033216552330273,3415440.4480574816
4660.131638258935,1,3,50,4.0271233284697034,3264196.270664391
2743.072442803318,2,1,36,13.014057739846274,2095927.9847090507
3267.5129261043007,2,3,10,7.934066419334098,2989748.0527697857
3965.163124,3,3,10,13.654641274639152,3524161.6545981243
1369.2899599458153,2,2,24,9.972327359493498,1729871.3508873552
2811.2907364391467,5,1,18,1.0579397371576147,3359159.491580738
2354.1173221981776,1,3,31,15.760643063942078,1971518.7179245646
1244.045565513896,5,2,49,11.156438501909765,2418566.931
2217.1514580827384,4,3,7,14.523412994888776,2947780.387247911
899.9581612961717,1,3,11,2.608828320117145,1607475.4323500602
713.5723905777427,4,1,40,14.453322204801703,1632392.6692971548
1194.7316722812202,2,1,34,8.331957151477987,1425399.6112153677
4837.706490992365,3,1,5,16.00541418,3538417.8800782617
3017.9299579380745,5,3,20,12.023400918927436,3633169.8786948062
4849.617509074168,4,4,25,7.162552292869025,4521230.626784021
2502.9906646525806,2,1,0,4.118147349720861,2333805.3034361904
1971.990985575142,5,4,16,16.336890955920925,3243930.5917734704
2827.024196497074,5,4,34,11.247834005172862,3683228.3362493976
2533.8514299848043,4,4,26,19.750614645342267,3106586.340189874
1064.9246107516733,2,2,49,7.532424539874092,1501486.732682672
3419.6357846369074,3,3,49,13.745812509557355,3054574.560231624
1550.5680030422382,4,1,1,12.494135348351968,2285074.212658397
3326.187002,5,3,35,12.78787601482023,3697008.898583138
3460.884806551875,5,3,0,14.765901294259574,3899797.2954950635
1268.9093537660517,1,2,9,2.8682547716607854,1596762.4995541277
869.9383592869399,2,2,30,11.037916475565591,1428883.7682364753
4035.3509787011353,1,2,36,10.231680440849017,2697714.7986379047
2623.1218645850086,3,3,4,6.916342802901759,3017906.9943387867
855.9207002240935,4,4,40,8.779390303732796,2417045.4621417085
4977.411795546976,5,3,45,10.424360325359222,4519891.609
854.2344683840132,2,2,12,6.486354067810685,1602063.0709401101
3658.155006977634,5,3,44,5.933860757,3955073.2064497527
4928.1872711590195,1,2,23,14.791624235863594,3117934.0689665554
1652.3924585500727,1,2,26,1.43167104,1732235.7265768962
1225.8972222236632,4,1,0,6.327965262225262,2251062.223971644
1134.0937334586872,2,4,48,13.10885180806252,1829542.7486724106
1934.4106492974204,2,2,19,4.254582069787746,2151786.601357273
1044.6015684468455,4,1,7,11.488225442183086,2022209.1934840784
3645.5099034541804,1,4,2,6.113066418806127,3155166.541455285
874.0839117722759,1,2,48,16.881695339669186,924080.9671970715
2841.4573638590746,1,4,31,7.064787709369785,2589105.845846459
4985.466156953098,5,4,43,4.667379578445119,4849058.405011964
4181.469185826482,3,3,24,10.649065164078888,3622426.207735981
3306.965528216448,1,1,24,2.7996442088106313,2342162.7980363285
1947.5159314610914,3,4,49,15.969930951360661,2474032.265
3345.141679683209,3,3,13,13.632562200325937,3199592.513939403
2918.982441211267,2,4,42,15.433127203428825,2705501.5946413744
2474.7668891176345,4,3,26,8.037676175962778,3111302.839143879
1175.1256576568776,5,2,47,16.71656793571334,2282904.3882184895
4501.058547058054,3,2,31,9.921607802,3561770.035599957
2579.052454813819,5,3,26,1.9845107949127208,3584508.929612973
1456.3390520113662,2,2,3,4.558182054937796,1986678.8030112444
2218.1411438600744,1,2,49,14.249950750411564,1643744.475026123
2422.170911127279,3,2,38,17.938803746289203,2326982.298742173
4241.166740494247,4,4,10,1.9941932891303127,4395372.422568834
3827.903274470169,2,3,47,17.297874342834515,2897667.068482712
3984.941532021895,5,1,47,16.001489600652103,3502113.892102223
648.5375634860477,1,1,2,7.195565094,1035030.3979732771
2431.0775919909506,5,3,24,13.816608407493462,3283879.5459499233
2717.914267195424,4,4,23,3.8203317416505107,3532223.416869019
684.4460180214494,3,2,8,16.286526668685518,1641165.3937413318
1743.1781184781505,4,2,7,13.18104653479531,2537641.0466474867
3945.275221737394,5,4,38,8.832704651394593,4270656.4359451225
1203.2827052075959,5,1,30,17.30389457937939,2170236.3791205273
2955.3645783914035,4,3,16,2.8707665758879406,3504939.876
1546.888236875845,4,3,42,16.931134085482427,2389494.3548325915
653.3314084331304,4,4,30,0.5753394897931294,2529831.833
1661.2864134379824,1,2,3,15.088688046103245,1578542.3639012438
4893.844521604236,5,2,3,11.509945127232818,4466396.276361779
4126.763292285154,2,2,36,13.964793137090123,2968758.7015050924
4822.137235012547,1,3,7,8.305656062048206,3474628.4143696264
2746.5577932759948,1,1,41,17.302378405254046,1686904.2466372338
1082.8392741810155,1,3,48,6.331665580382284,1439459.2435871796
3011.021751484249,2,4,5,5.5716101754506955,3133751.590337428
2599.260272063828,4,3,8,6.104837850382063,3302206.2971285903
4315.171164,5,4,41,15.509840472567422,4307061.690680124
1031.5633554506762,3,3,7,9.956305453879175,2146328.486752072
2748.261002895824,3,1,31,10.787997984497517,2468043.4598622792
1260.2141246535307,5,4,14,16.64994282633622,2891781.1239043586
2028.574078316264,2,2,17,16.68397449110057,1960280.4674404378
3844.3711405063186,3,2,22,3.318588280912041,3410486.722739236
2694.479769222573,1,3,4,11.040376690477508,2371105.2689060536
2253.908454641385,3,3,49,2.6077623080326844,2694471.899264356
2335.695625708155,5,1,26,17.38371657677568,2754846.3994228817
2621.565780986341,1,1,32,16.756413471741002,1680327.5391626677
4054.072793,3,2,1,17.002042278600534,3346668.4689738317
4525.172631337032,5,3,41,14.126684157561337,4239725.550621606
4803.4726206172845,2,4,37,9.390858390244881,3793592.060608062
4062.3748995232986,5,1,27,8.153952404256515,3797781.319780837
1987.790341291256,2,4,23,7.964968821880837,2484268.712312329
3627.7927067807855,1,4,50,1.4176344933143419,3000216.5816284236
2525.4537458437244,5,1,20,18.982518700643766,2847749.4170133043
1720.5507370026253,4,3,30,9.060485568797022,2693738.5752296895
4299.834949,4,4,10,18.609286495639747,4092404.6629285524
769.0759354,4,3,49,17.597225029318363,1952266.385235065
4567.752765395863,4,4,27,16.589346717061087,4181762.3664610274
2630.5008443488305,4,3,47,11.807346808133454,3008776.404116064
3403.686497956434,2,3,39,2.1209621304177473,3029096.9244741797
3501.157257705444,5,3,3,6.545837846075569,4069334.790035528
4538.518059,1,3,42,12.111365564792838,3081704.636362841
3401.346601535712,4,1,41,0.3677705874519547,3252990.807123134
3301.3077729442716,4,4,15,0.9483551820031019,3921359.7009363915
893.2689784670358,1,3,11,13.58550131,1384597.3812220052
2880.9952965588977,1,2,21,17.775236744886737,2044665.8314860316
1260.7436035949834,4,4,34,17.117746273531747,2482689.794431174
3844.7085823745365,2,4,42,3.4460910019004998,3408105.389253576
2853.7764515757676,1,3,15,18.233545706587588,2251890.2297604494
3593.0022285167547,5,4,23,13.956413792960285,4067045.7565034893
783.3607626504908,5,2,34,14.354886491081105,2199255.5696079405
973.0848706015341,2,2,27,6.150419894674556,1593206.955511593
3751.822907475802,3,2,41,14.348335836107985,3048617.655120059
917.1710783941628,2,4,28,14.224468323919455,1798769.0908230096
913.5296021671378,4,4,20,11.933843959701086,2482760.8399938648
653.2772910335048,3,3,47,7.210039224854966,1812110.7791239703
4808.606152517713,4,4,24,16.23918730993072,4324192.248
3845.0367816196303,5,4,38,18.75660696580735,4022059.1695979857
2154.3061974090824,1,3,30,17.410779658037228,1843610.4236481139
1904.756557665683,4,2,14,4.935285964839855,2748345.477640362
2138.694210881738,5,3,46,8.968909198088154,3124641.8395834235
4008.475537,2,1,41,6.914045610653018,2825629.7744898573
3510.030688709823,4,4,34,14.178843049171306,3666111.401475803
1414.8604986168589,5,4,37,16.646657719653025,2854170.0130196866
1366.0810754699712,1,1,49,4.394343035545427,1214826.5951283944
1032.9408587389482,4,1,21,18.95078315351591,1797127.684403473
3505.331966685888,5,1,4,13.578849752661409,3525761.906394033
3963.239713775638,4,3,47,4.447112644379725,3822350.5221045422
1766.2042846300178,1,2,12,7.484782765017791,1738079.4051189704
692.1578285360164,4,3,31,2.181676475325323,2312118.3028658195
961.5553368962803,4,1,2,11.98167280208921,1995817.1305106732
4858.584153318134,5,3,14,3.4669113035732186,4754626.768691919
1899.9570209006492,3,4,26,13.892489769444524,2606801.6331657516
3984.581850487788,4,3,26,14.771210190170631,3731539.6395447985
3348.5197029587607,3,1,29,9.638762884636291,2801157.511890972
2280.534414472742,2,4,5,1.9669537457692872,2840601.0504253027
1505.0239536604424,4,2,24,12.25637648043387,2352057.365325861
1134.1002399013882,3,3,27,7.506884517263906,2146585.347709733
3306.057059371013,2,3,21,18.997984677159522,2732741.7542466335
4008.388634806267,5,1,3,10.312793563370626,3847611.3642400387
3433.1787155809748,4,2,14,1.538094770397062,3580500.3804868637
2933.3293862962964,5,4,25,12.757376755623866,3751190.0761399884
784.5853830991996,2,1,17,15.609138680277319,1159782.8360483707
4861.3506214152885,5,1,8,3.294005907171489,4389468.110668532
4114.3424432801285,5,3,3,9.036241550453289,4326119.308735316
1888.416961484245,1,2,47,14.889619369432646,1476089.011457787
4911.869449178943,2,1,49,0.5078229462387286,3365451.183769014
3248.2789943998173,5,3,4,0.6764989423378032,4055282.436
3162.6596961118844,3,4,44,13.57055013096894,3154591.7635408808
3891.5219894899415,2,1,5,14.530017316669422,2794833.5665158997
4171.787067596605,1,4,50,16.93280180266246,2961910.415849371
3488.505872258612,4,4,11,8.052036334273284,3892885.1275481577
1163.621284,5,3,30,7.856555634,2739352.4474218464
2088.377026375793,3,2,46,11.092122657320184,2257018.9781458103
4683.568017434619,1,4,8,15.17080640519513,3463040.7987177246
1588.3086921129484,2,1,6,12.855744719070561,1671712.3697793803
2237.5349048850585,5,2,28,6.6137337464926675,3111165.695616993
2501.1382849544625,1,2,13,6.996290403073309,2110316.2525200825
2533.3819546555897,1,3,50,15.283798217785408,1975687.931076404
3296.9341629759124,3,1,19,10.739468569055907,2803350.628211156
4749.533686076714,4,1,47,2.0497258940382075,3863445.243
1659.0479320630218,4,3,31,3.144599587630567,2776304.892383217
1134.6060557240394,4,3,21,17.038688481172482,2286202.176342888
1468.8701553837243,2,2,35,19.97618829079999,1524584.2299801796
4502.469560920786,1,4,43,6.780089824250973,3365305.9020796907
3441.5675756829064,2,4,17,7.795363064980825,3244549.444646154
1857.9898726523045,1,4,39,3.1743116933127657,2135181.620564214
4190.166531461916,3,4,48,4.790690372802389,3823942.3763792277
4390.027983999118,3,1,24,8.550133930940168,3368684.2314850735
4324.6630902372235,2,1,30,5.759353923774174,3061817.3847474456
4643.276748014039,2,3,34,14.058354606351246,3435144.1999843125
1709.860488762791,3,3,25,10.803203885932945,2378539.0847670543
3922.1844864836244,5,4,3,16.46371285303555,4281490.904285419
2626.373788006216,4,3,41,14.518045862608485,2982498.8948552557
4304.793632716271,4,1,47,2.649202178013562,3629085.6909021814
3805.358979511098,3,4,19,2.5554404149767027,3821243.5995603325
4016.3687645987884,4,4,33,17.923407906298394,3849389.142277744
3487.112085796715,5,1,11,16.408273665009276,3425063.4877024894
1380.6865856667102,5,2,15,9.411554730937905,2691785.1163189146
2998.1184431465285,1,4,41,2.694246282002054,2704847.214037541
4932.5468539078365,2,3,4,17.981668184647525,3651312.9813652853
4724.507492587323,4,2,43,4.690941091781008,4018107.842562359
789.9644375068514,5,1,34,0.8071420151301286,2273512.2965551405
1325.1851892095233,2,2,43,18.49236655,1442418.181764093
1179.6066032000724,2,2,26,16.197818852387922,1500519.842656595
3794.3116039353004,1,4,0,13.900285677137122,3083823.0065292255
4198.255451370558,2,2,33,0.777204111,3283256.5615634862
1539.4500117669563,2,3,42,10.615780450014912,1912082.3149874972
2825.7518489880476,3,4,31,13.107359486167045,3060401.6528750006
4299.093323,1,1,43,15.211010091562423,2494999.3778977087
3824.3267969715025,1,3,38,9.474370307,2797348.9104402564
2985.8437041641323,4,4,32,19.07165107162298,3316161.7487539244
3197.529838018601,2,2,30,4.971143113366173,2714014.9748462946
2836.786406431632,4,3,12,1.487724855500265,3493311.624210128
1909.2131858028106,5,4,44,6.722048275672131,3264838.5454922803
3086.096768579671,2,4,1,13.269916919103581,3037322.9640120813
3631.095329020399,5,1,29,14.769428365097813,3439832.0153125604
4442.620829787554,3,4,9,14.796088252584697,3945061.568
3399.6819575086915,2,1,22,2.302409169692405,2708465.713464815
3948.9347629898953,4,2,32,17.71328014710257,3424874.696657214
1304.3151938001213,4,4,38,5.688590688,2713058.7012410695
2630.8528874470753,2,4,44,4.277231042498207,2774554.7409778913
641.0591272392105,4,2,28,12.327703791058253,1898648.4059027575
1685.3870038951413,2,4,29,4.315796581233286,2376050.4884272222
3796.4315464972215,1,4,33,10.209966007814977,2993689.371196629
4963.963785937199,4,3,38,8.199890961252938,4292656.991847858
1036.383638,2,1,16,4.717481826307497,1508515.1006700424
2366.5749897896685,2,4,21,5.911986686783392,2724720.6792634837
4120.312262276302,4,4,4,8.605403904081173,4232720.971160845
1497.756792367155,1,1,10,6.988590891672444,1423779.4964544459
3042.3737769300596,4,3,21,7.693358108994632,3426992.6443894547
3825.513702530569,2,1,31,14.735148969247746,2627726.7899846467
3310.3359811447876,1,4,23,3.4507602625774574,2935825.703425162
1427.308832307831,5,2,10,12.589609887915246,2676535.136499928
2163.6921022172533,3,2,10,13.595339735391912,2424612.1745051057
4048.683851735748,4,3,16,16.061532218917222,3787784.199593847
3038.596662180873,2,3,31,16.961810788662213,2589735.0334215094
623.0102996,1,4,18,3.2574443149955847,1621029.1815988137
3948.359344123613,1,3,26,2.8513891462482444,3051824.807241159
755.3699617370519,5,4,31,12.333943161617517,2640679.035740493
3881.2286440174216,4,2,24,15.162639356600993,3482034.4529810087
1490.9144647270446,1,3,27,5.519295961769681,1764744.231232446
4815.523312525273,5,4,39,10.564359390904947,4666147.386548854
2218.939305729172,2,1,26,15.467564669174243,1834791.2775854182
2038.499111887548,5,3,13,15.37331185398504,3111456.2369683906
1255.1074214627565,4,4,41,13.111021305663535,2525006.202722425
1944.6585481569455,5,4,38,1.6678751490739632,3413644.6892013107
4457.263352044082,1,1,1,1.1078128194869072,3066148.3377366206
4983.871085559888,1,2,16,7.830061669983337,3320007.227484595
2220.5619342301325,3,1,0,0.6310797869364572,2562332.2894806545
2573.8867761999873,5,4,44,18.09247220390957,3369766.862
3777.112128092043,2,1,31,0.5008788286190117,2888211.405577959
4499.261434046328,4,1,18,0.6892959566254329,3910517.7159949727
3209.39507,3,4,13,3.3900148295920594,3536570.1567234015
2322.713071982449,5,2,30,12.57760111855265,3024477.431724489
2415.5360997339444,2,1,17,10.876927397668485,2069902.4200179197
3660.7198445859503,3,1,13,13.223794017451485,2965556.960048263
614.1603598588262,1,3,46,17.881747308049228,984118.1519
3326.193084823299,4,3,13,9.153418451152806,3579701.091492911
2164.1692459419723,5,4,23,0.9731319200219183,3612294.9026748654
4094.468257619171,2,4,4,15.293582841708009,3486035.3900797428
1009.1588152217815,1,4,15,16.258092809198025,1569090.4695312474
3188.0899745729184,3,3,4,1.0927783617426596,3416862.3381559234
2716.2807154989446,4,4,12,4.932700943,3564159.256986075
3426.2323139830005,3,1,15,15.434876306701504,2794091.548961788
885.3558157250608,3,1,14,7.585489247071605,1685641.0410254155
3151.9286646837777,2,2,30,9.505762829441936,2600521.993857368
3070.5321870219045,1,4,4,16.481197275316486,2650315.066
3066.9044154311523,5,1,20,1.9829288143419357,3458466.5495330547
3255.345733024401,2,1,29,13.577958056859556,2375786.623479327
3576.458923795994,4,2,22,4.378189296344884,3555338.594075417
4141.951598595387,3,1,37,1.346763478422678,3323713.447833557
1787.211168564143,4,2,28,13.28370712726212,2452604.3598411465
4230.217404792273,2,2,12,2.5161038341651336,3369459.543817151
2792.325001959196,2,3,31,14.965444450170079,2506526.5300805136
939.0564281910571,5,1,47,4.133837285978823,2216524.386480269
857.6240886735085,3,3,41,1.0653892051212561,2067177.1783386464
2070.6486022626677,2,1,26,2.0760195533504633,2028476.828168642
4053.546699290457,4,3,33,16.841277950043544,3689620.7087486754
3713.7961128600296,5,2,44,7.482267505171456,3751925.6244309032
4069.9058445585883,4,2,48,6.115106163211616,3637323.7171193794
2875.9838483430813,3,2,32,9.874856512279278,2745167.712030273
2536.8755910041587,5,2,3,12.695358120116676,3264203.5512040635
1248.7911175076495,5,1,17,0.8383346817306307,2587301.783
2044.0481158809707,5,4,5,17.973951417665575,3302217.9476914913
2509.685211165051,1,1,27,19.17377916,1601039.9404883247
989.8418905903159,5,3,43,8.404405641481896,2576505.7505698376
1570.6925919293296,4,1,26,8.311315160057587,2253792.9108678303
3232.1912938804508,4,1,25,17.58334243316298,2904101.716381283
3836.9177026524353,3,3,19,8.643304782935207,3515265.673771831
4992.729050128978,2,2,12,17.13817970274812,3458273.849113844
4705.698657911654,2,3,27,0.6639051953388224,3769244.143153368
3427.2868779548426,1,3,33,9.844047114482501,2616435.414792089
2453.4914344939166,5,4,48,19.053337990969993,3270351.8755318755
3399.180404716224,1,4,22,5.130812708740384,2951646.8662876217
4056.8671195530205,3,2,9,5.3964809270033856,3540176.859
1120.6792400629042,3,3,50,12.639447475381285,1922223.5886281438
2403.5815146636683,2,3,29,18.531198578087245,2250839.703874407
4295.1300567967155,3,3,21,4.054970601663898,3826138.5344693973
2288.8649885053937,5,1,4,18.44085541443053,2820288.304068404
3116.237993399621,4,4,43,13.293774507886123,3441916.4246464055
3186.185187793672,3,4,49,19.861641553794975,3015532.6809252542
1411.6955137880132,1,2,8,14.755531044407352,1435410.0541101769
2193.835943270069,5,4,42,13.389230760274382,3283806.274533864
2071.8496704645013,3,4,3,16.31657312200333,2759266.2908965014
715.2655175,3,2,41,3.5852923538768207,1745599.8297973233
706.4437611219631,5,3,0,18.925113699363656,2439392.524678026
4259.466992173403,3,1,33,3.3953506246436445,3361499.401698146
1801.5115638803745,4,2,40,0.6108403609394388,2653211.892825716
2879.5465714507877,2,4,25,13.987351139835068,2799699.181
1914.3925237906014,5,2,17,3.773448979963789,3061400.2004003427
4738.988678507499,1,4,15,15.199188274674505,3455183.4918645765
1740.9057390094044,3,3,22,15.92127566184931,2306700.2743720333
2490.4899760513144,2,3,45,4.810314889042323,2488711.608349128
4440.013102132248,1,3,35,1.8257345784467054,3273164.7776015075
4304.507693883958,1,4,25,10.066337228948115,3290600.0204673344
1418.8462385236203,4,2,1,17.815348360308988,2312789.070159948
4131.6305631011255,2,4,43,16.96109291048464,3276266.3414451876
2616.0223016467276,5,3,4,2.4299408843553496,3704085.2512405748
2725.063037175563,2,3,28,19.299186963918718,2401220.6974137244
1187.3118786301527,2,3,3,5.352588988208624,2036277.0776552213
954.6466605313485,1,4,46,7.052884422758507,1570938.5599148215
3802.932950684567,4,1,34,3.0660998371354133,3434817.396703893
2784.4290703633187,4,3,21,7.618279014298656,3299521.873000004
2522.143092,2,2,48,12.74925801576163,2130759.304
3809.836206070546,2,3,7,10.170957376344917,3231171.873612692
3968.256755560883,3,4,43,16.56803575274942,3502440.5808297703
1299.1959377451556,1,2,20,12.861886144010754,1357033.1640966802
3284.990657701622,5,4,7,5.3445349818411545,4165277.5473183054
1195.5579620218164,5,1,4,11.19301682917497,2418591.5625317264
3906.050378527801,4,1,20,1.3774034051753716,3590150.0392647106
3490.6026875754137,1,4,26,11.657732158814776,2846819.618715729
4809.104332767215,4,3,37,7.854310207855323,4227138.880330818
903.4152719682533,5,2,4,2.0581299919109695,2655217.9542502244
851.0407731,2,3,20,6.218532664516554,1765822.6513467457
1841.6231286500806,1,4,7,17.97193115,1991045.8593741655
1751.5050084379864,1,4,21,11.762155153860762,2000182.3192460954
1686.706715916799,3,3,17,18.074970493966717,2261526.866183383
4587.5201542925615,2,2,3,8.274999340793894,3477933.0084347203
1698.0032793378268,2,2,3,19.58028112786275,1807068.9352159759
1796.5787949659764,4,2,36,7.264379164613989,2537674.732295026
3941.352355,1,2,14,15.160411841395636,2662140.858595925
2578.855306782376,4,2,37,6.177521361253131,2945550.144270443
4017.5264506027975,2,1,26,2.209211914154178,2999251.9051226326
887.6110932832951,3,1,20,16.677826275038846,1474921.939245188
2745.313252162891,1,4,47,15.275372384716176,2296822.0964914393
747.8998408064435,2,1,45,16.43051777298424,985012.4830478542
875.6740952035599,3,2,45,6.063921180543678,1756231.5420952237
4588.324794715408,5,2,47,14.102866349459308,4041777.988472835
1212.6796329174188,2,2,3,4.476464670196442,1866483.441159098
2942.6510020109554,5,4,10,0.32509957160354397,4079496.4276777245
2408.820651443109,4,4,18,17.343126635149794,3132220.711122876
2128.3106355389077,5,3,18,10.51815719241426,3228465.0920254863
4559.266721023999,2,1,26,19.67470141589356,2920812.250298446
696.0229458121538,5,1,39,7.762210329,2062440.1844387029
3520.674619172592,1,3,41,19.141772839090457,2437174.770908804
4838.935510539622,2,3,27,12.339639543103932,3602347.8825120497
3064.7400072321047,3,1,4,10.292880929553581,2771185.3031292986
4722.018832945604,5,2,47,6.125911103276972,4268164.113
829.9346688585046,1,1,24,16.522999191327543,829180.2687070187
2442.6906039263104,4,2,2,16.593015452785348,2844157.9110117657
1744.6942802330252,4,4,25,8.396897690849876,2944082.104403833
3815.612245915211,5,1,9,14.573133524685167,3636016.371
4917.707198187885,4,1,23,9.000034921987611,3928525.8187585077
1728.7322747546903,3,4,28,14.819219959886858,2492654.6562839253
3478.3682464859276,2,4,44,19.884384118700634,2886169.358973269
1471.6295841428566,1,4,6,5.323676643905821,2064014.177297629
3087.4531201150835,5,4,43,12.717643897876647,3739046.600204326
2641.3029414286793,4,4,22,7.659571506,3422132.9587062453
4876.8234503787635,2,3,45,11.012594116605214,3557832.760961595
3277.519999864453,3,3,26,17.49553087790358,3023522.300478473
2137.828037182003,4,4,41,7.016759802,3088251.7406563465
1102.021453506907,4,4,8,1.5405272126106038,2844873.100605559
1265.486046433712,1,4,43,15.998849986334886,1562438.9415944756
1591.3944917854344,3,4,2,11.144994618544368,2627470.271626147
1704.253309897311,3,2,12,9.043078848,2275937.9960904303
4342.7106545010065,5,2,5,3.748327633228958,4336061.692690241
3069.380268,1,4,37,1.9477693609212319,2775407.6651074477
2902.920010047212,5,4,20,5.646837636528617,3903196.1703973515
1104.9830362245568,1,1,18,14.406194840616285,1039040.5394042702
4384.614650737514,3,4,24,8.294241479939256,3971095.4138742895
3780.382934117328,1,4,38,11.447528988973865,2935913.8053835044
897.7407923600069,1,3,3,1.7327065178933183,1663889.1839264543
3714.474427810982,1,2,21,2.5525365662354567,2765859.4006850994
2991.5681563076428,2,4,4,0.32498603478242877,3233957.275562491
959.5915212858243,2,2,0,13.498360565926395,1574501.4674287017
2616.5228227260886,3,2,49,5.362644997519559,2620681.4295169706
2732.663663372207,1,1,16,19.34183905807992,1764167.9686288224
1329.4079767184132,3,2,8,6.2382706255111895,2164611.494
4761.071846801242,2,2,8,7.335998973433622,3558488.862036266
4339.891634514913,1,4,23,9.442847646,3330761.782445586
3543.6982842480766,5,3,9,6.450900900964638,4062504.0422090627
2634.1004684026716,2,4,19,16.36712011535553,2659380.749998543
2411.7683829718376,2,4,16,17.536515518959852,2539826.7992110397
3464.283255464198,2,3,12,0.3196179762453593,3230422.1863115095
2999.900225390384,1,3,28,13.127766408371514,2362067.702632079
874.0016658802967,4,1,35,13.753156769989744,1751610.6156446708
2855.0116545894593,5,3,22,19.232355044301816,3397531.644513011
4148.175915824494,5,4,26,7.470944025632936,4459341.995503905
2620.6554614266156,3,3,17,3.986071370119073,3010279.221415244
828.6089412,1,3,17,10.459563283889459,1384786.1230459185
4059.6240772897454,2,3,8,9.006358123,3374357.794286991
1486.0006413982874,4,2,2,15.855456165520746,2380564.115493046
1737.9316735073705,1,1,6,18.089111280587254,1341856.5292462574
1324.707955102102,1,2,14,1.8254897499649554,1620517.1006560691
2052.9462854345893,4,2,29,16.946931625113283,2507207.428319346
3929.706625029994,2,1,8,18.188520476607682,2725755.821087161
2885.2977818173244,1,2,40,18.490303977460712,1937515.7294637652
1501.4776062631352,5,3,26,15.309766191138975,2779216.3974131052
4462.452343868979,5,1,35,14.86744296199115,3823550.230798984
4470.160161786728,4,2,17,0.3964458225482162,4106824.0825467175
4430.54507,2,4,30,18.411813287547584,3461709.187454581
1650.7033300787728,4,2,16,7.094953754794655,2568125.508047811
2585.4531143963477,1,4,5,0.9183257426861067,2714032.9604487694
4933.954487019851,5,3,38,8.318288271119705,4575284.396191848
3996.8548957639578,3,4,24,14.683767402083932,3649425.0179446177
719.5366533924632,4,2,41,8.894908512339414,1941543.0745537605
886.9002015,3,2,41,15.184420680496098,1599434.605267478
2641.2980579742643,3,2,37,10.237247595533592,2595576.9951807777
4600.568905790865,5,1,37,6.058600247726345,4058785.3660452226
2970.2879109919427,4,1,30,4.137955648655299,3017057.7606271827
2790.375035350877,3,2,50,8.479955577538476,2640261.3242289866
1064.0842798091746,1,2,28,0.812488689,1440465.2842267584
3489.832460786894,2,3,39,8.508623709468305,2944416.6743083983
4217.253906640992,2,1,8,1.465539925616024,3203989.072912493
2273.848033033274,5,1,0,17.552393684041895,2850549.0609401166
4012.692144071441,4,1,15,11.552072533765498,3464977.539464728
4843.697277163571,4,4,37,12.956254962312165,4342396.457439859
1496.572420161832,2,2,22,5.848393409827845,1885991.2599886765
2902.6503772568617,1,3,7,4.593839422340958,2589121.3182859295
1863.4070155721324,2,3,46,14.187314458550789,1982630.1367193677
4088.559443748893,2,2,11,13.464153112134301,3084669.5777360783
3141.410809877093,4,2,9,2.5413012814439035,3439552.2974139857
3392.1626372213364,3,3,15,4.848963523723249,3388774.9662405206
4110.822302309934,1,4,46,18.936858150757182,2911346.906244141
2342.2700797148013,4,3,42,6.153130768077801,3002745.342600162
4626.396301,2,4,23,0.6140470553556956,3950590.127492699
2945.327015883016,3,4,38,1.3692628114390275,3319951.169817045
1295.0012204755312,1,1,7,15.532346459303673,1166526.5991560095
3661.9561199427308,5,2,10,15.16739812285355,3742303.0156186116
4090.3499419283194,1,1,40,7.698362661733907,2555880.6358337994
1993.7513790971173,1,4,25,3.1486954512443464,2273574.698627989
4371.588730794513,2,3,6,10.012293816673116,3520221.4071681118
4587.030320969372,2,1,14,6.704584238887259,3254096.3938112585
1818.3797444623592,5,3,14,7.541970123153803,3153023.387872421
4927.494479946977,5,4,47,5.293608546350467,4787547.987150796
1219.130723414537,5,3,2,1.350872462918222,3037220.8305532215
1488.868940970956,4,1,15,15.844069609159785,2117225.996406599
1410.589292647315,4,4,14,12.402594414114066,2751915.6761456938
4533.5547240346295,2,2,24,16.70923896,3177265.5008613365
3478.8872302298323,2,1,32,10.11371934993349,2541842.146220564
1269.2588461780006,5,1,13,19.701234118191557,2240277.6588294865
2537.4230408207354,4,2,23,19.254245697151642,2733299.5245716525
3307.3113103071287,3,4,10,5.508491393221189,3558158.745393458
967.2419739532864,4,2,2,7.800840778338363,2282277.089514193
4482.632020992291,2,1,8,15.078917318118114,3064410.5822381005
4135.855555942755,4,4,5,15.554408893357737,4096512.5182085405
2822.909803737208,2,3,30,18.222912811180446,2461669.5637493124
4855.357107,5,1,15,13.087413288684843,4155603.2059007958
2438.1483088104387,5,3,10,9.554907441,3442648.9236980807
4930.085404,5,2,49,7.615265838127587,4332410.303
3538.847994735959,3,4,16,8.441653172800743,3585263.8520162823
3392.553602317342,3,2,48,17.02306250604111,2780488.4691421664
1330.201539301454,2,3,2,19.602175987787152,1827730.1679993013
4480.482136540433,1,1,18,1.1329927799073032,2992254.130776388
2480.9546268507065,3,4,23,11.646868794504767,2957212.8556395755
1313.826985442909,2,2,46,10.449074044014067,1582604.9299454903
655.4730878933398,4,3,41,7.585231269476201,2135704.836661463
3062.925008008883,5,3,7,17.046371216220866,3620207.9977843417
2920.558337339776,5,1,48,11.557286036208925,3053806.366050027
3765.155938424298,5,3,35,6.331009638447206,4045630.6945475223
4517.135433278329,2,4,39,8.937670362908294,3649487.2274853163
949.3889724293299,5,3,1,7.200390791939376,2790359.5884801946
3818.5845574975942,3,1,22,8.658703593550623,3090791.1249821023
1424.6125540293617,4,2,39,1.5181892278446971,2451615.4105621045
4375.979033891522,5,4,29,2.327124742716742,4661119.940195743
4203.879460991287,2,2,24,12.511464497741834,3096383.3586451244
2979.4925219363954,4,2,6,13.712960710189124,3150159.9648687327
3725.0683139425705,5,3,27,12.768746263812591,3936832.1497993506
1983.1404980084928,1,3,40,15.285200408204393,1750539.158944476
2673.138755304384,5,1,49,18.876327027407036,2778715.755208369
4215.202349926075,3,3,16,17.226304307163836,3547748.0069240783
2620.766867562141,4,3,31,8.428340629487744,3151489.5392956333
2174.312367431944,3,2,0,4.429108424733379,2663246.933325622
2774.5347679013194,1,4,26,6.305859010864901,2595823.1218376793
4244.296710723761,1,3,43,11.796055610111313,2935900.1612639716
2074.915408,3,4,35,17.13854585570558,2584359.705206126
1364.5510097972726,4,3,48,14.064310057800187,2325662.2218469502
3732.861689455435,1,3,6,10.905960784904444,2882984.547133946
4234.3041359155595,1,1,2,12.077379355244684,2730277.3989572036
1042.8049055035467,5,3,29,10.612398153193256,2628827.407792226
1655.4460961261568,2,1,0,19.435387475459635,1603688.216658203
1224.6767549483732,1,2,50,16.34021989988565,1100206.8975807908
2130.942210961533,4,4,33,15.647416586482858,2952195.691855427
2581.544307183816,4,3,37,10.394846838588265,3062548.1349244597
3894.8358826385484,5,1,42,6.703008205633871,3668030.6953109144
3465.0493734793663,4,2,35,0.4883304773214344,3512430.995297572
3332.085696905097,5,3,32,0.9642574847584254,3951430.6168616973
2150.449765082479,1,1,42,0.7017347107326521,1715863.1064309038
4302.369233572944,1,1,15,19.611487658876733,2548627.7817132547
2673.663536551924,1,2,37,2.3781985355110202,2168940.7156700585
4908.061727,1,3,10,2.9281651742185804,3610140.478253286
3390.2254085012423,2,3,7,9.73458475,3030093.9273466147
1155.564862883812,2,4,0,9.679883221173862,2148857.685122746
3575.1812731319096,1,3,13,18.407477968972874,2619113.995290815
2030.4576678994756,4,1,29,1.563301360291169,2603635.7248482318
3619.8396654188286,5,4,20,19.149059386618305,3991611.563081366
906.4210519145853,3,4,20,4.406165742986077,2329760.1292018886
1369.4783235742213,5,3,33,19.406060805166177,2596290.8637881046
4365.243939,3,4,37,10.872349566172053,3844847.896373606
1599.5900509034655,3,1,25,13.075053644027498,1877966.871
4282.9809510689365,1,1,40,6.383002576,2678503.3421198484
1828.8147891994058,3,2,13,12.275296626881943,2268574.3801663816
3428.6804042583135,1,1,39,14.245512619998015,2099102.8678335138
3654.262523443256,2,2,34,0.3063663291168805,3015676.8532436076
2855.6809138382328,4,4,41,0.7811456611159094,3571890.461801116
1943.3669774656178,3,2,17,19.730892537572153,2156738.556085683
1535.635256032823,4,3,19,9.205386387367026,2653382.818373388
746.0331600746754,1,2,8,18.722768756187435,1023234.1230179064
1937.3641654591847,3,3,40,14.624962574651706,2340855.7493408755
3473.916278337645,5,4,50,7.522069328550968,4001189.6707021203
4728.541201173324,2,2,44,3.1017558927047433,3446908.4008368845
4433.299721957429,2,1,32,19.565219487699213,2830018.389329048
3970.685016755331,3,3,48,11.731475516257904,3375385.916156825
4069.168310314514,2,4,3,3.9278968050331478,3705699.137160911
3525.9335752943794,5,1,3,13.664894307865463,3539341.819594198
1745.2621732904133,4,3,47,1.9317653456237232,2763668.6978370496
4591.658135105651,5,4,15,17.373941866829174,4538023.148320559
3551.2221723856696,2,4,46,1.893733210381245,3272409.340089528
3065.9387763139357,4,1,25,4.800267729994262,3076636.9516614005
1088.3536645393167,5,4,5,1.9194730280047696,3145460.2898138803
2567.044392748272,1,2,36,2.165365615304369,2124887.8021723656
2625.5763932884756,1,4,21,10.524299657817734,2461975.1215922004
4404.079881899748,4,3,41,13.771097070931905,3886290.9176355535
3005.252168826269,4,3,38,15.790787488584474,3161483.2527457625
2273.7624154698024,4,3,6,13.931600263081657,2992922.120577586
4897.921445446901,1,2,41,7.33344726,3161964.695637412
1087.170610635789,5,1,29,11.190026962236358,2239457.684177485
2459.2130845725565,4,2,9,18.56051508112179,2778069.159
784.9085707541833,1,2,14,7.812774653505707,1230871.7104112948
3855.5781313744938,4,2,5,5.122846943659661,3765005.044918371
4639.536829676263,4,4,23,10.434455175662315,4360752.229429202
1832.1642500221535,4,1,1,6.016970716,2555415.6288022394
4376.703377916132,1,4,39,5.310159334041329,3351821.4203815567
1885.7602140323502,5,2,14,15.598185694939936,2825589.3112216936
4607.388711233227,1,3,20,17.827633562210963,3111814.6024767114
3917.4323758258492,1,2,17,10.096101986704138,2736467.0662831594
4141.589818,4,1,4,15.61767935115043,3503114.240132474
679.2288446419998,3,3,24,3.823079581,2007825.748798815
4836.365571125714,3,1,35,10.998095959413371,3487893.784478907
3797.3523651094224,3,2,9,12.760378859842751,3263141.5234621735
1940.9048196989866,1,1,50,9.864216939553762,1387840.9891627354
4249.336525378926,4,4,45,2.4259163053291046,4215822.854687198
1838.6932730256917,3,3,22,14.708594613199638,2379847.6623531706
4440.116894090963,2,1,23,16.797655726071035,2933778.2506283782
1095.353717812523,2,3,44,12.741002474131031,1637529.7275279583
3696.2183008275015,2,3,9,3.466303932174864,3298455.989874571
2979.0732972376054,5,2,5,1.5835935529860052,3697537.696
1024.7516688599396,4,2,12,6.101917773,2295010.3970808447
1664.3328443388916,1,3,20,0.836103226,1980117.275757296
654.5777596,1,1,31,16.800458308013383,700952.6317541422
2662.579048043826,4,3,42,14.090902757397162,3004144.3869782872
1925.5671473440016,5,2,14,11.317404353912522,2931108.404698068
3232.7729309101387,4,1,1,17.803686819326263,3019985.6471728613
1907.8463539179156,5,3,14,2.2908606454244147,3302778.882154787
1919.6440906307325,3,2,50,14.31774902253306,2088139.9829690224
3870.050074419055,3,3,16,3.0179809179701826,3659338.3369544414
811.8284783047552,5,3,19,1.3124159926968282,2749338.837402758
4572.737978844744,4,3,49,2.744799696690173,4151145.913592886
4349.961047321199,3,1,5,19.023707805101495,3234179.2856628867
3538.3406061961887,4,2,14,8.864624354694977,3486550.7341085128
3210.174908472491,3,2,16,1.075014354834422,3168260.0852438747
4526.130992,4,4,25,11.71432950027119,4268451.824006129
1415.4527899263435,4,3,21,4.0743099160380325,2685913.1147467284
947.4643136396459,2,3,8,0.2360445641693611,1993684.183640753
1653.8447476019676,5,4,11,15.191877309435789,3132757.7457165853
4096.144426280837,1,3,21,3.181775270505297,3144109.6258346303
752.5491735965267,5,1,22,18.855480799961533,1953837.8889033499
3164.3500743673544,4,4,36,11.896717388852798,3528913.607510939
4979.925071241763,4,2,13,1.8312168685587398,4353011.116354024
4365.062812885173,5,3,23,4.434706130576039,4443510.201935383
2894.3610317917937,4,2,7,12.255808281470896,3131737.268370796
880.0200008612263,3,3,25,6.828443288,2043114.0527716368
4258.043463297124,4,4,31,10.68964671587695,4124901.7154353405
3235.5054359797264,5,2,27,16.010289727267764,3427219.841548825
1105.705187062094,5,3,31,15.872770013927306,2545070.1113568186
1012.9720532227673,5,1,21,13.989937399262946,2186360.196730442
4602.358005521007,2,4,48,17.732480691986723,3471202.3070250866
3544.4811569275453,2,3,8,4.067277762400136,3215567.9413200873
4248.861916993725,2,3,2,3.627105622165182,3606561.7641578764
4467.507161241976,2,3,24,16.007055373443265,3358285.391
3115.7983490126176,2,4,38,6.485697989933531,3002858.132811955
2876.7639477221815,2,3,11,10.292430020937713,2742206.291546654
2493.880605412357,2,3,28,14.904647759518957,2373520.2656201166
1994.5649862809248,5,2,2,7.97905395,3092374.3322456293
2512.2222277783317,1,2,40,2.690229773864846,2066979.4365161862
4005.0704852126883,2,4,45,13.621198315567103,3269784.1943993196
3248.463096466579,5,4,22,16.36147179827435,3851675.03
4527.102475801323,1,1,22,0.3546659432592966,3011130.8371397927
2550.872063268426,2,3,17,11.294787112335118,2529213.207491828
3271.1941463625176,1,2,10,9.441161338711517,2461446.7645113454
3377.753234,1,2,35,5.265960529893088,2473230.324308831
3203.4675141478324,3,3,25,3.304468485686571,3275317.3054645024
3691.5886015762717,4,3,7,3.8419424946930936,3898628.3689985913
1644.7072608491476,3,4,27,14.526966366071749,2461487.2212074567
2854.4006212014788,1,1,17,10.770283169458033,1991467.565315896
1058.5891323567298,5,1,12,19.62497218856542,2141468.0405113734
2291.8498416371754,2,4,35,4.940292885217853,2636791.981218548
2745.7351019335633,4,4,41,19.142393118076157,3149692.6067095757
3469.786742000079,2,2,39,10.350680230833634,2697552.684487684
4782.336631379296,5,4,43,3.0059249152150525,4780722.735489664
3242.864692812766,4,1,50,3.048762949715934,3075130.005516382
3871.813231176863,3,2,11,12.210503010754138,3301369.473477666
2827.570661778892,1,1,21,16.645312657974657,1840551.996
3390.057738055858,5,3,1,14.979459352544934,3855112.600081348
912.101751,1,1,39,13.146984118448437,862784.1112296502
1719.3229557041268,1,2,27,3.524950443515953,1718835.3870860615
2192.1536101026104,2,1,12,2.255966114841685,2155630.4008587888
2678.970762,5,2,32,0.10493567179870306,3442059.5856826734
800.8544802104884,1,2,2,2.1256978385553302,1412586.2014384551
1216.1060292345978,3,4,33,15.35069548891934,2200712.0229432294
1817.9829542817454,4,1,22,17.915443478181846,2205355.5256815534
4874.743839964623,5,4,31,4.882974131222828,4849385.355462172
2057.926831253423,2,4,19,15.918395384956709,2380268.426031895
2720.980655693163,5,1,27,4.057090435598822,3209021.437238923
1462.8299360489289,2,2,7,5.060506498828209,1959877.7561522175
3287.4323127333805,4,3,2,4.560746078404833,3707174.152902911
1835.006148270287,3,1,29,1.1294251900785088,2214587.4884378905
1510.7673451290777,1,4,24,3.961819235193279,2020820.2059649907
2872.9195651623077,5,4,29,7.533512557685455,3805462.4495317624
624.2255163058517,2,2,28,8.168847336226973,1373408.7295327038
633.7217436565915,4,4,46,6.258381636473932,2326366.1572031346
1563.9027600481743,1,3,29,10.34303318431295,1694763.6344421455
761.573995,4,4,33,7.622164826746486,2428016.619071194
1075.313318175042,3,2,24,19.410256458864296,1694124.4480145525
2090.986857090507,1,1,16,16.166274041192167,1506840.8658257273
4131.376990151177,1,2,23,18.626449184264143,2642832.4294946226
3117.014030824924,1,4,37,11.192796229632792,2614324.0089241234
2855.737994208232,2,2,27,13.598958611554018,2385562.742977353
1891.3508221157351,1,4,32,3.4168598645137678,2182011.132
4699.716365504392,4,2,35,15.080436569018937,3837922.369476135
2346.866181443643,2,1,50,4.795825112,1992189.507
983.2081739013946,1,4,6,3.0020752619101065,1866235.4998168123
3315.0926709183254,4,3,22,0.9330010399093122,3693559.2327652937
1100.8889312970462,4,3,45,9.497381967079109,2300169.7444112585
2118.9818283274453,5,3,25,5.8071062666240705,3283021.706935559
2832.612530358359,4,3,13,19.73587073546015,3121261.768574294
4446.579108614774,3,4,41,5.071702610114679,3981528.4202094106
2771.6049534965223,1,4,27,17.344211278341213,2368591.169285754
3689.938570539323,1,1,23,6.397131505713421,2466699.5732597103
4968.394091595909,1,2,6,15.007624361017005,3218717.4766819323
1178.5521275511192,4,4,47,13.230842070387133,2454332.140472134
1808.8187122858858,4,3,35,11.279492737767477,2668492.419491911
2336.134732629644,1,4,38,8.394816374736617,2274843.956924407
2456.0439855708582,2,3,14,13.45498976,2453595.1157775987
2408.4927311684014,2,1,48,8.204839169315484,1964822.5003022084
4593.488411248842,3,2,2,11.007194663113664,3731273.230466465
3741.7436356541684,5,4,47,11.83705456303578,4063803.644670686
3274.7829419990967,3,2,1,5.420368878738767,3188657.0115290903
1961.2399585962412,1,3,6,6.860755898377256,2078077.7794348928
4224.677690573697,1,3,15,0.4591962648002825,3292827.838
4802.266250533951,1,2,20,17.057963968556205,3024646.764000169
4213.272443220997,5,1,8,15.14406457158263,3828427.8482831637
606.8864628424808,4,2,11,3.7522560207281552,2138071.029110994
3400.166028806991,5,2,28,7.304764155170317,3678660.6494044065
824.9956783452432,3,4,23,8.479282711879666,2192585.1030393457
1733.4717694683761,4,4,32,6.7541359708017525,2936326.083422471
861.9086815301954,4,3,13,15.985031851461184,2210926.6218401915
3256.699992977306,3,4,42,14.535872051698156,3192305.4735590075
3620.9956193674698,4,1,17,15.36645872980979,3182841.553191856
1103.7456074899826,2,1,4,18.092188013593628,1334701.961577436
2288.8910853979096,3,1,14,11.943509992417548,2300248.260954921
2607.440639404385,3,3,6,12.32923314765828,2891808.574853344
2223.833295748033,2,1,24,14.46648898097993,1867259.7863587353
1132.5100021348494,5,1,13,13.656528633548476,2292797.3465007725
2443.370276824892,5,4,39,17.409279066139337,3343172.4751939764
3905.18341,5,3,35,15.42694429630644,3933725.7373567084
912.4337239,4,2,34,2.497126467928289,2200947.2507189135
952.7920619603752,2,1,43,18.574336447410953,1054582.220136286
2160.9936840783307,3,4,49,13.693675876993927,2626296.242603604
4743.593131,3,2,23,2.6302039239444395,3868865.405187064
3541.7196455808216,3,1,14,15.46227734074706,2856287.194079787
3586.147809359285,4,2,10,7.232409342,3563098.6359477565
2192.447959686606,4,2,23,16.13896044952641,2623117.688957092
3212.107481317569,5,3,10,19.112578265505316,3638475.0934529956
644.5772097220708,4,3,43,5.179316518567701,2168375.1925939987
3398.8226042019855,5,1,50,17.162479817089693,3170834.6238635164
4618.462569335442,5,1,16,15.493871265864376,3984026.777454751
3295.3232607172044,3,3,5,13.456579513989295,3218202.9581831335
4444.273811251918,4,1,20,7.759918837,3731611.446995033
3785.4814440508126,5,1,7,2.286255699344752,3876688.526142829
1130.4570321762371,2,3,14,9.729546875606545,1865310.4966803049
4570.794552057703,2,2,31,2.202765932572061,3451014.875481728
892.3529151654095,4,1,9,10.05292981487867,1964790.7793894487
2949.4568792101604,3,4,27,16.423836088433834,3075924.6359407213
1225.4033446912138,3,3,14,19.952998874579166,2008314.6129583407
651.5090872159778,5,1,11,4.040373358712868,2254619.9945380487
2456.950744561612,4,1,42,4.236375042705746,2698420.7895310083
1898.1791136782874,2,3,17,16.236578305189475,2104030.908839672
2738.402172709453,5,4,36,9.434266782714475,3665188.668804755
3139.6795016320234,5,4,43,18.324511461034447,3653022.4396996405
792.4519181593683,1,3,23,15.403025127866165,1237838.3746266782
1141.2144985444809,4,4,36,14.754912518130824,2460181.9170139413
3058.0265443818716,5,1,28,2.1288788022276703,3411108.614
2109.936353959696,2,4,9,0.8139237469643924,2758362.620144878
3808.3633452175714,1,1,13,6.403580111231242,2575782.988488478
3470.0832538045347,2,2,15,4.424237380894176,2936229.7973887012
4320.659197,3,4,36,14.274946829977411,3759503.580082564
3646.968437344591,1,2,10,9.069601110904403,2656765.114558525
2491.696740516652,1,3,50,10.510612855115488,2050309.0312603333
3561.0531385355025,5,4,25,16.29345550915079,3994330.3771890528
1811.6771667238415,3,1,39,9.622243167137615,1983066.638123486
1947.7793946241359,5,4,18,10.944033784027443,3329681.939735837
4071.5347036514904,4,3,17,16.862173301519636,3778196.804
2564.2458721669614,2,3,29,8.683582605219504,2528124.2020834084
4112.873498280751,2,1,31,1.754221487,3031025.2374950806
4218.658444140425,5,4,22,10.481933670900352,4454363.466756523
4373.274285709648,2,2,11,11.629297516233665,3263724.1106344685
4633.195037701312,2,3,12,10.28475640582856,3615575.308838402
2496.3349702585033,4,3,20,5.2351853926405365,3208136.6953807585
2003.014000613011,3,1,20,4.551432358217347,2275151.271246476
3161.674485014101,1,4,28,7.458151801443646,2756347.1245824955
2233.1586631255614,5,2,28,3.407951896223228,3173093.2117426335
3244.726333921025,5,4,49,13.353871217549313,3774958.6607138435
3704.5777956328284,4,4,26,12.33203053546492,3840321.205211433
3628.9820813654023,4,2,28,12.684672752007794,3385470.503746863
2248.032702888534,1,1,14,4.573470113484831,1827219.8672788877
1334.1848874745124,3,3,46,5.005927382657292,2201646.8141884278
2494.329089233713,5,1,11,15.769066156463127,2941456.1395919113
1227.4142339603984,4,1,40,13.833224273914453,1901715.5496062275
4516.426954808757,5,4,18,17.516078998434068,4482564.815540014
2121.8608272465726,2,2,11,8.129763783758227,2208008.0560524394
1279.6228877826247,5,3,22,10.991823858745278,2774647.8848207244
711.9701435853038,3,4,4,14.801676348015228,2104624.462936665
3441.6184996605307,3,3,25,19.48568388374787,3070768.4902596255
3402.3701968008704,5,4,9,19.793673075629343,3924984.554992166
2098.6583329576833,2,2,21,19.98359070831778,1909330.2704168032
915.5323109296644,3,3,38,17.821477012989646,1776009.5333093565
2402.367137539021,4,3,22,12.829051300827851,2999275.4608572708
1969.3569782789318,5,1,10,0.23872192071010986,2994576.9688295815
3579.330814834041,2,4,27,14.020920889227346,3138919.9077367913
3265.4286975918376,4,4,30,4.848130371125129,3750424.6594777335
2204.212404069176,5,4,7,1.2376262314738504,3707026.5955094285
1558.7272387219564,2,1,38,13.973970136008207,1474557.1347451315
4947.3582510846045,4,1,47,15.144617450806246,3700459.694630495
2597.6071332629053,3,3,27,13.222719091338215,2764022.1029090057
3628.406637433043,5,4,15,7.366878698,4256538.662861969
1218.4330573447874,5,4,45,10.268982069174553,2843509.805
2736.5946785013502,3,3,46,18.705457777215372,2628861.1018106854
721.1615674256482,1,3,30,14.619258222941149,1182868.5373583185
2824.002519,4,3,40,10.143216246636783,3173809.8525745715
4841.676591317891,3,2,47,11.909638123826335,3612318.451286736
2290.509537137521,5,2,15,18.56090360709249,2963709.6145312283
771.5824553,4,3,4,7.936272193166581,2371738.701905791
736.2054800451115,4,1,34,2.1266899381731963,1920241.859363409
2307.1417437662258,1,1,24,6.58394221,1766564.945789608
1304.1097204380537,5,4,12,8.362484273,3089478.0928583024
702.7492238,2,2,28,5.531981010223716,1465407.9098218519
3927.339901380778,1,2,26,10.62655086,2685811.851505186
2617.501239080319,1,3,39,6.166671715406938,2255090.1033363384
1872.6769966796799,2,3,16,2.153273749109413,2377945.941461969
4560.366005272515,2,3,36,3.842563420760409,3588004.652325367
1111.0114248823127,1,3,37,18.371306060120467,1267752.5093430644
4806.042847403404,4,3,28,12.628953019107119,4175115.281423877
1981.4535564603525,3,1,33,6.354743383984703,2163304.8286547996
4508.976158158197,3,1,29,7.401666458758754,3426127.668008241
3252.948656509631,1,3,30,9.918325111039598,2542780.744138341
4237.512382862545,4,1,21,13.49528766789783,3508523.356177633
4929.657918126043,2,3,45,11.685379807891023,3570794.2810095185
1868.9839264024813,1,3,24,18.660692678802533,1705951.0277295073
4828.996135793409,5,2,3,12.552401648788956,4413122.953025243
2313.7203375706495,4,1,34,18.224760394138336,2387037.8790068757
2296.252380842458,5,1,40,0.2080601673748505,3008637.9051780496
2097.703258719825,5,2,49,17.82213349124673,2712081.8776392955
2982.193472329375,1,1,43,14.45702590052428,1851629.136258519
1278.2381899853433,4,2,8,3.5266497368305108,2493259.0183603787
3036.330535575249,5,4,25,5.334456582976516,3951149.054232412
2983.5011746040177,4,1,26,10.901918983361242,2908385.1257391013
3952.367975461428,3,3,26,2.5862692914758028,3659131.5200055153
4268.059832525377,5,2,17,15.72882855532971,3999126.263260412
2537.941941374666,5,3,29,15.84435993782629,3271756.690035125
1930.2662971465725,4,3,44,6.0888848742361255,2788028.3691928815
1741.0735481952156,3,1,45,1.4893583989586396,2080422.5242227523
1456.3448815014365,5,2,30,19.77806443874813,2447284.070080073
853.6493616757094,1,4,41,5.089504696962064,1584707.5050029308
2106.7711068727385,4,3,2,1.4444171612151666,3179170.1283163833
1789.0898453754464,4,3,28,6.666302691732759,2785891.7869573855
4852.236497812192,5,4,6,19.38316491726843,4673127.868665045
3053.9188355001934,3,2,17,15.87925949,2789047.1459791204
2128.018971734233,5,1,15,9.658628288221854,2860509.838206997
3154.057444372262,2,3,48,6.176075392341037,2778180.1324436283
1212.4654859210602,5,1,31,8.523791361094627,2345429.833842955
2553.792496489693,2,2,37,0.44557560378977873,2447657.654273368
3355.431014252681,1,4,24,14.395572580682582,2734476.9736170066
2751.150459886786,4,1,43,2.0829210038816792,2883589.7279700767
2367.826722879027,4,2,31,10.428847779798712,2785009.3239478567
4972.932911158672,3,1,18,11.360316551965136,3633933.0426443513
4473.384953455279,5,1,2,0.1336265086156484,4288692.864659645
3342.9862159015365,1,3,34,19.59958465695088,2374174.3329160684
3105.2603892020443,2,1,49,6.112566850008843,2350051.775705163
3330.9061112281697,3,3,28,1.6367625947431048,3357390.7218235405
1485.7732744187063,1,2,10,17.102332309363856,1415512.9091263933
2338.606070363002,1,2,5,3.1238568206217705,2146498.816873383
773.6219447,2,3,18,0.5966072108673217,1849551.7462469495
2692.4025649420373,2,4,36,9.944344523898655,2731987.3100973633
2989.308169413718,4,1,44,2.685348017,2985620.042463742
1602.0988388541223,5,2,26,19.650219020442226,2542717.957122534
4841.726927528261,3,2,4,0.30717863358906494,4059392.8091966663
4601.600288123865,5,4,25,1.1188271493537763,4818096.519179174
3777.430236005986,3,2,34,16.68235093133948,3049741.017480521
2946.9011665675953,1,3,18,4.871058751156716,2550702.326364981
4427.864302449814,2,4,16,18.24077539234049,3533789.5614824146
1174.8703128232369,2,2,34,6.291627364151699,1656275.5272329017
4078.243094809494,1,4,46,1.488674762072074,3244020.970267623
1149.2115814541326,1,4,48,0.31077680092655885,1793063.1728128525
4094.5269152173837,3,2,12,5.7230888134377995,3537474.5994442534
1813.3773003059705,1,2,13,9.527238452368394,1715816.7992099347
4459.198556480032,3,2,29,0.12022060742879105,3746867.7841957575
4753.785212831751,5,4,47,11.664033330623495,4573284.857907723
1254.7022653825088,2,3,42,6.739865017627162,1847226.7504430285
2635.7726622877312,2,3,16,7.864055234311987,2645278.144561943
4916.344463915814,2,1,36,5.302077869142321,3336803.5926793786
2726.992718281845,5,2,14,10.627999588277149,3345609.285479697
4399.609099063999,5,3,17,4.679440177166062,4485888.664092996
3190.4186973778073,4,1,47,2.782959514513763,3069223.0765029457
2251.451594846248,3,1,13,17.823876932756093,2168921.1768723195
1857.447644313829,3,2,13,7.8720441623079935,2370955.857015072
1494.181600778784,4,1,44,1.630913969397737,2259145.439105755
3951.912042061868,2,3,32,4.683422815869996,3286960.482817851
2300.7782300213225,3,1,37,6.267864669196254,2304704.7397310534
2849.612033683305,3,1,10,15.41596155603596,2531159.703825251
2766.2321120052006,2,3,10,0.5428843411340483,2886931.287284237
3140.0277286257774,1,1,47,9.617164820714475,2007343.4860029162
4408.539441,1,1,25,8.213080458598686,2779681.0293063587
4915.253112,4,4,2,19.371167992534993,4424876.114137162
2393.3705177247944,5,1,24,3.6834927447025683,3067688.3220726633
4241.083257267734,3,1,16,12.594627848658003,3253321.9897650243
3963.9222964807577,3,4,21,4.123718013345319,3859159.7060777904
3123.5273864045225,4,4,28,11.013598878019634,3566164.6337461863
4806.607431892506,4,4,45,11.145758327024405,4320061.467510083
1482.0878683249723,3,2,25,1.5993999241831998,2248728.8537831395
1080.7625253623341,2,2,33,9.183380754524912,1556386.5656949861
4357.432654603857,2,3,25,9.277006548403264,3432849.114438181
2532.2591931884926,5,1,8,6.450819815428716,3161786.1183899892
4326.662958511066,3,3,39,5.615455218384322,3720695.292992164
4529.596902859826,3,2,10,4.563529684912477,3788200.7758359807
874.8134119239144,3,1,6,0.21822733030592792,1867715.0774601558
4487.244957138667,3,1,29,0.13614406133056883,3560572.5154470396
2572.6038436254576,4,4,1,11.836765494732825,3409239.53
2845.902951618622,1,2,29,5.900131831699681,2224621.757279635
3357.007048810125,3,1,3,3.440984250085689,3059356.757507666
4676.083469612382,1,4,13,13.726230589694763,3463190.0411166134
684.1108154909617,2,1,12,10.625200932640965,1234224.307196979
2698.1112605983953,5,2,24,18.30766971,3127575.154204777
3625.976986694467,2,3,12,16.63723704773286,2984916.670496894
3779.9106138722054,3,3,12,14.561910902889343,3403390.0069826334
3647.142698763275,2,1,36,2.6189809479817865,2755864.649
1191.514569395736,4,4,43,13.355165905279373,2478326.884696598
1917.3405888353975,1,4,5,13.909136214458828,2120160.488
2178.348311834859,3,4,25,15.290318540496742,2723040.703211812
4139.523713789822,4,2,13,5.336341202772444,3862707.9509437797
1826.5434386240333,1,3,7,12.84192032290865,1886106.230958161
1527.101841015694,4,3,23,12.403741319822542,2565149.0122157135
4812.771283767624,2,1,21,7.767669991248701,3310705.1601631553
638.9984544992632,3,3,39,13.303788909339275,1723096.3671671634
4990.411765000704,2,4,38,1.8252416701956615,4033373.967200756
3578.0137149725406,5,2,48,12.905749920327567,3555564.7771840366
4245.264917576115,3,4,20,12.159710125832062,3844111.174375734
1896.3253439232499,2,4,42,4.291425704356348,2417007.0759788156
662.9872217350639,3,3,25,16.38245102844539,1743517.5084029415
3846.6258816707323,1,2,9,17.50083860522779,2592969.086835128
4270.236226802974,3,2,12,4.288630550347824,3654018.420498848
3858.0949805954842,3,4,41,1.6116255763203493,3756487.8968756525
1228.5412641236899,1,1,13,12.111151724476834,1171720.5156766255
3915.082857930664,2,3,8,9.650358786967626,3289207.171330297
3983.2602412736205,3,1,6,8.609125162314948,3254120.535494829
3497.5782689482417,4,4,38,15.244065767869573,3618580.737221047
3970.9101043005794,3,3,30,19.39628652622741,3312202.2397300587
4322.0543345820215,2,1,49,9.605508015586313,2888589.925083602
3299.858102644817,1,1,15,0.22248606761802145,2435152.2480743653
989.8607414665879,2,1,7,11.965715977313723,1385288.9692913368
2745.562362535728,5,3,47,13.113920855383803,3340175.6822645054
941.6570725550623,3,1,50,16.577564289306995,1353950.1685957087
2393.189336542696,3,2,14,4.068198923812736,2709903.6078994107
2391.2685521527615,1,4,24,10.534119907026726,2329624.7960401634
890.4433142,3,3,46,8.997916857748372,1899936.2380578811
2134.810349465709,4,2,37,13.322365177136351,2580630.789294445
1088.3916346817853,4,1,40,1.3724669676929777,2081419.3960913504
4156.234924040577,2,4,14,17.69185734082054,3418953.2333081956
4769.827314243671,1,1,24,10.272032344341739,2924145.9283393184
918.1924911349299,5,2,6,17.55320435,2342705.0765737267
4802.506912083486,2,1,25,6.870718924076445,3303511.995664532
2899.337037081679,1,3,7,13.105092071348485,2417239.595218187
1918.0889829970452,1,2,17,19.138830471257275,1555940.8001776943
938.1931312151195,2,3,20,18.87324589512461,1556304.565809385
2802.7467795098382,2,4,15,18.88764481994722,2713293.4114602925
4095.8683957592943,3,3,46,0.9546421262869398,3663514.2734582257
3711.180499973472,5,3,2,8.120018419393002,4147862.7997031934
820.9944504414846,4,1,0,1.309547023210534,2148979.202860849
920.7680756187755,3,1,12,6.258592564174139,1739885.1046302223
2372.6424435836034,1,2,31,3.5741040923671954,2024512.0580487752
1899.2781738109504,5,4,11,12.44073473982672,3310497.3102132585
1622.4910214466104,5,2,30,15.636848410181384,2613181.460623995
1836.419795,2,4,40,10.315604608741687,2276570.723528654
4135.324070506293,5,4,1,15.929914158627861,4408736.670184907
4688.603435980157,5,3,40,0.354984602,4601874.944045115
2382.4518559212925,1,1,7,16.427479656717992,1692349.2529306037
4586.888409382987,3,4,24,3.6493684713072496,4165129.753369666
2014.5810854906806,5,1,4,9.272624438,2866510.9720905577
2696.322739912683,2,4,44,8.907453756,2714685.212931198
1594.5275903903987,3,1,1,17.47579503038045,1907420.8126919076
3418.0945855737136,2,2,41,19.322985030950953,2482260.5102721555
4907.5169067691595,5,1,37,5.176907234096889,4229893.226806959
3255.369622590866,3,3,38,1.441522135,3273527.2867076565
2174.381970099615,5,4,2,13.045383470851444,3480956.233737096
3450.396762358325,1,3,45,10.106527676388847,2562740.7457557027
1140.8509852477052,3,4,47,11.357532324022818,2172947.7642477136
4510.099953167754,2,3,37,1.0207772341229975,3614307.3500057347
2813.569383,1,4,21,15.52866545019712,2455884.300816015
2577.138864974425,4,1,39,4.723832960237224,2763765.6913867854
3177.8050691954845,2,4,32,6.7652419401344135,3058270.6138993716
3349.048996273371,5,3,31,4.64423888,3891312.638646352
915.8135473966573,2,3,46,18.92429675578183,1414093.7566870092
3603.5157733829706,4,4,16,3.4575641491576445,4017279.522
1664.4993933883302,2,4,17,14.673148179961572,2218459.651199251
3741.3915830289952,1,2,2,4.990371149376879,2825561.2866312778
4219.153095290466,2,2,5,8.555900420255355,3278131.4573444435
4137.4174332310895,3,1,48,19.92163135572524,2894949.0076053576
3031.004256594712,4,1,12,2.1014772104189268,3178145.502193295
2888.7475261673053,2,1,30,17.639048698622823,2106265.707215513
1228.6542298934116,4,1,16,18.926392935750687,1920472.1743360092
4011.5230617737966,1,1,20,13.994723169092655,2490539.985609363
1794.2012739655431,3,4,15,0.2982475757329372,2880808.6035724306
2785.459860398965,5,2,16,16.433891822232432,3248725.0118591515
1850.8060088810735,2,4,31,17.65721135945454,2181931.695355763
1188.8447971986498,1,2,0,19.620589722069884,1266683.5222622445
3370.0538663236407,4,2,47,16.802383380226903,3078652.1836615996
839.0609532207768,4,3,37,8.967180649,2219859.7817267105
3894.0390301552798,1,3,7,13.804128566209199,2900609.8618577733
1997.3818991489134,2,2,0,9.754057387951061,2168282.7199197523
600.5926492197354,5,4,1,7.125065155501989,2817467.9396041455
2848.968212643811,2,2,46,12.565887213699353,2307839.280152236
806.1483975214537,3,1,36,15.419665548871338,1379353.8058876174
1815.1460544119577,2,4,23,12.754425654896043,2302157.4322123756
3710.696544805151,3,4,26,16.548909516159608,3459043.0001837006
875.8343351362098,4,2,19,3.6098619945414594,2235392.845781593
4293.089366,3,1,46,7.536521576902873,3230487.169749465
616.8076596977656,5,2,20,6.320457673411175,2346667.5944849765
1686.0250244883698,1,1,41,3.9631300793891895,1423422.8287607185
3859.9778470691144,3,4,36,8.919169116958482,3636278.459299705
1991.5886588089497,2,2,34,18.962670170006866,1811213.8441086547
1048.3265074904596,3,1,37,10.80636500497253,1587708.8717500966
2185.029242721883,4,3,14,5.799457046,3071198.398537208
1789.7304600919124,3,4,49,7.145806304230446,2571622.0220656646
4307.932369506441,5,4,45,12.30020666317084,4347634.969594121
1978.7308373746298,3,3,41,7.119660162080297,2506645.1335500265
4071.302875814432,5,1,29,10.813099786121311,3739062.3602891075
4524.237437167233,2,4,3,5.5557818797112635,3900675.9990937086
2508.796646,4,1,42,6.984032290913698,2669390.5953544085
4603.7498329593245,1,3,38,14.14398439084356,3093668.1467671082
2260.1994374380483,2,2,14,11.73390519771336,2190094.5328690745
4841.945032556476,2,4,22,1.9603885799362524,4036437.6627838304
992.8739079125208,1,4,40,19.466332118270188,1371783.229695174
3622.884772614268,3,1,14,1.0818047668818143,3184479.2090738155
2772.781778010486,3,4,25,1.7504974884051099,3291053.857341458
2305.654744004847,3,2,11,14.05758236994856,2481348.643
3383.932266493844,4,3,17,14.18956097467338,3487847.831857772
3696.971203191057,2,4,5,0.47681711121276044,3578622.1774755907
619.1983865,5,3,17,12.890802599325598,2431456.0593484854
1334.5935904876744,1,1,49,0.7618742940514835,1271732.2274671248
3737.402622791002,2,2,23,19.219322878411536,2733987.7719315877
3532.0958197441087,3,4,37,13.953237617275414,3366656.075630863
4850.609023,1,3,27,3.8129042162869333,3478719.3450616687
3948.5662771034454,5,2,14,3.2462852843923393,4104030.3509681933
4783.399914017888,2,3,18,11.436279824136138,3637647.278630539
3691.178206753151,2,1,4,12.70702264016832,2736121.5686775264
1911.429718,4,2,3,16.641628834447598,2572555.200422141
1063.6056579037686,2,2,16,18.076090869349876,1454953.929669204
4040.0249987177167,2,1,9,7.911415537,2981457.107
3434.256574,5,1,11,16.89728836319264,3388855.4380874797
812.0184545305034,5,4,4,10.893362702803003,2832814.891313509
2184.2220499643045,1,1,6,9.464584598,1737492.2511268656
4809.919188130859,3,1,43,14.009515856549978,3374442.1950387475
2801.7650411248856,5,3,22,2.153579731,3712483.8440515883
2504.0081984867006,1,2,1,5.381191464076999,2204053.1880661277
2613.8782627008936,2,3,29,16.353577439686624,2399540.5006610313
1519.0839856227203,1,1,48,10.131168882914437,1181591.5332573887
2222.311551805099,1,4,44,18.17006438599367,1992427.4062869938
2227.1783263435773,1,3,36,1.865204304269926,2160957.9951907075
830.3620888248786,1,3,4,6.336914938502898,1533115.6637466985
3977.297565,5,2,19,7.175442866800328,4014812.8435077313
2432.6195003770677,3,2,25,8.512134422190766,2585739.9798490363
4217.591501992262,1,2,43,19.73771902612854,2563714.2885778775
4341.531205,4,4,43,6.2821880099572125,4194794.760368943
1532.7738406740955,2,4,38,10.421780814012127,2132624.2221611226
3492.355321548566,2,1,5,10.767819345032935,2670494.191977942
2678.0399383171193,2,1,28,15.438878978286594,2054915.307697145
4472.689646854535,2,2,9,10.405592982307576,3347905.8818854336
1549.258988376398,2,3,50,12.154174272348161,1846218.926845553
3582.3780813641947,1,2,15,15.09122821014214,2479037.394583572
3274.1093379119793,3,1,33,2.112526893130912,2894477.0491976887
1899.3265013160642,4,3,30,19.27309525814689,2578874.2635994116
1201.0439760651595,5,1,35,16.941453103981015,2151365.844057277
3467.2149461000167,4,4,40,7.8365750110998285,3741548.8909323295
3849.828815782255,5,2,4,14.595510022567492,3877677.125544095
1988.760313,5,2,32,15.270269577734059,2793647.6828290066
3437.263457698181,4,3,42,17.01990434337157,3332906.560085977
2338.5759934906146,1,2,18,3.847504820167637,2067010.8184462718
3738.110286443518,2,1,31,14.10368477761167,2596654.365773843
1476.5472095338337,1,1,22,0.7634765574730438,1477676.9917217733
4516.946011599167,2,4,2,2.4000245686722392,3965145.432530456
1864.6022244485507,3,1,0,15.543732513263523,2086099.3800633221
2218.258346127073,5,3,35,16.278759777247014,3073226.8956229133
855.6045891535391,4,1,40,11.889485397278836,1754685.5047355103
1090.6537342136162,3,4,27,11.675550886259554,2241488.767485935
2869.792371934244,2,4,47,15.015277424521798,2664263.555581004
1777.4077776030745,1,2,38,18.13108795956516,1400755.0477145512
4276.112993265655,4,3,4,8.480191900265831,4113125.5767318285
664.6509101,5,1,12,2.3849402602862297,2289299.567939491
2268.0138141565194,3,4,10,16.79608775010303,2812758.0701805167
2084.3204057840076,5,1,45,6.8987185048179835,2743858.750899961
685.0415760374445,2,4,21,2.7623368868907483,1946946.9683852247
1147.2209556022449,5,2,48,12.330866362842343,2351666.068648593
2420.0277696419953,1,4,22,11.603870111712622,2332609.4006910627
2768.604171568765,3,2,11,9.537499509397534,2803225.0137007493
2378.874887921424,3,3,20,17.20996516051846,2609911.0588546605
2936.125785013213,1,1,18,5.517294125,2132389.928120383
3218.579369584999,5,1,4,0.36338177915916453,3646694.9673136338
643.6648129624767,1,2,23,6.537027506949779,1140764.774
2642.018701595417,4,3,29,0.29314861200236286,3334819.296661979
4839.396659905388,1,2,7,10.917465096847101,3231021.9461200694
2883.7420325700145,5,4,1,7.627141027910974,3949001.113831105
3581.185976819394,1,2,48,16.297460543056008,2289316.695652894
1972.2009748342862,2,3,33,15.971948514567268,2066334.4352301147
4005.5620638721552,1,4,22,8.749306016643406,3182467.8297075266
4000.854520254906,1,1,2,4.408056944357878,2766939.039344613
2893.7026096782115,5,1,23,8.506354332,3226397.136298389
4894.460822,4,1,17,12.86222287761822,3869658.871766223
1152.420944955675,4,3,46,3.885099033300856,2433181.409916138
674.5697255141564,5,3,36,15.483627649849026,2312285.2278644154
3988.6961317312225,5,3,48,6.678148187661949,4085458.02
4151.484364405484,5,3,30,18.650322198856443,4017408.6563299303
1128.9118081305355,2,3,13,10.286223552464698,1858404.351120291
1768.5644650178667,3,4,0,16.95781802918147,2609798.790029621
677.2303988131672,1,2,13,12.35626234790239,1091162.870552853
1890.5578874344847,5,1,40,11.136576691196879,2587220.327997622
4001.8242452421546,5,3,4,13.674389656353734,4172097.248
2879.0263219353474,5,1,30,16.248673361784437,3029212.6118363026
2131.6206099404676,4,3,30,12.92569933775375,2821969.2363194763
2235.652897587853,5,1,29,15.965089675114877,2718197.573395946
605.9559531480598,1,2,35,3.8902567727443085,1114845.7592234612
1919.122321287038,5,1,0,5.622579153458542,2911782.4956786656
3444.418463206894,1,1,2,4.671484149587403,2483452.4667160166
4886.455552791971,2,3,19,15.986233437510057,3593176.025750102
4327.067638729158,3,4,42,1.8139583212558088,3981927.571
703.8178444403281,4,4,47,15.937677629090388,2162828.2877426734
4553.6666605692935,1,1,42,7.841941766,2774667.413062785
4046.073018513954,2,4,20,1.6821925241461702,3654065.576878371
4033.654943712314,3,2,29,8.546082604,3365578.737872943
2615.1813396157145,3,2,41,6.079995780623641,2645663.6722997017
2351.223288999812,3,4,43,11.879848437374726,2787687.593856729
1932.8292068660476,1,4,29,9.503279998566876,2096021.9215660035
889.0573793992094,2,2,4,6.005870082658166,1669084.2061507585
1604.235599372276,5,4,9,17.259092293669756,3076608.8719170606
1685.0559939033083,2,4,23,8.195746354426822,2328285.9879674353
2729.939106724887,2,3,44,9.466730836855396,2520307.8547296533
3888.7553890254535,2,3,50,16.947907642573906,2920092.459765566
2684.763244950965,1,4,38,1.8722265060460237,2579610.0104588796
854.5155775675066,1,4,47,7.858873521377119,1499753.236460528
4814.275124348097,1,3,5,8.116848061914956,3484473.519040067
4747.987004014094,2,3,9,9.966930538,3694327.8093590047
4054.833989852997,1,4,41,2.2117997879521654,3242853.9172717724
4961.842766882571,3,3,42,2.142936412866072,4092735.5732882814
2995.7222643211567,1,2,9,8.386677519741724,2349800.4998700614
4836.180741114106,4,1,24,0.757277266,4047617.743339373
932.6621787137034,1,2,13,5.174188745286739,1362520.2325554343
2208.9952923500337,1,3,46,4.103417400054116,2057102.2162782517
1591.6775792297697,1,2,38,9.838786600339137,1473735.9757124195
1461.6655701907882,1,1,12,0.322075189,1529064.1994268636
1219.5329751277748,4,3,10,13.547095660253012,2453497.492463145
3338.6200228903854,5,2,38,17.126187411901647,3401459.1813114774
4037.816165288142,1,2,10,14.164156212962155,2750297.8764891457
3144.512957449587,3,1,45,16.37975557,2484334.2854230353
1246.6359221881225,4,3,48,12.90199643558391,2289950.9504867005
4168.944587707272,5,4,15,10.196603984343918,4470213.132271075
3398.2007115204055,1,3,32,4.458529786462381,2714602.6781352726
2307.9291069587803,5,1,40,5.664564318888995,2905346.185205928
3566.173300358677,3,1,40,6.422389274018402,2919311.782803288
1743.5819086684646,4,1,31,0.8565516223830271,2464332.839990889
2118.8457173745264,4,1,9,18.270466551096813,2413686.4457696443
4636.937709780757,5,4,50,18.01602378240414,4372821.297346612
1878.2198249542498,1,3,14,2.2447792056461076,2088887.246
2667.948379894921,2,3,15,11.178201954446056,2600083.068962857
4516.621004542464,4,2,42,9.406061754656331,3824862.185282423
3713.9739411771207,2,4,26,13.699938541135706,3217661.1178701636
873.6941951246921,4,4,48,12.100051444712856,2319518.9867724064
1248.1333948274696,1,2,50,2.5740038434686823,1387259.5386486785
634.5029994,1,2,44,13.235545134739732,897213.5151077397
3376.055877008319,4,3,31,12.216558848725148,3453369.679633974
2569.763071805841,5,3,5,10.67135039567873,3511127.446093663
1190.8093439700124,1,3,46,8.107884704807212,1467919.8959931792
4814.910133,1,4,47,19.102927781657968,3255069.4287960534
2930.5027853607276,3,4,35,17.003847270091203,3014847.365382857
1664.3304940967123,1,2,7,11.743191000906412,1626974.3451345451
2802.655713080713,3,1,24,0.226918723,2741462.400188163
3590.3294640344743,1,1,6,8.699252519178485,2455852.599737985
935.4525590836837,1,1,16,14.036760598146968,971663.9856832197
1808.6967862107247,5,1,47,2.4341552719128967,2685338.205771422
4150.648159889572,5,1,29,8.190337369777671,3831190.2506535496
2622.5254297717092,1,3,1,3.9153319566574987,2492628.9938570224
3004.9394249420975,4,2,16,6.829045444261473,3250561.721690137
2504.3904097216646,4,1,3,0.6307171599944794,2989253.7797652604
793.1597476292225,1,1,25,2.621974407071497,1083813.3037774987
1329.299031208686,4,1,13,9.149661317771283,2181329.2073532343
2560.3832104643197,1,3,7,17.973979428612026,2150384.934764236
1520.4160477948824,5,1,4,9.862574269857125,2607629.4566046163
819.9077261025865,2,2,4,9.116241627286893,1572301.9486098725
4312.058521828025,3,3,4,15.772630920132631,3685249.5606156774
4917.247128322109,4,3,26,5.429818531025519,4384700.111644861
4089.8286455856537,4,4,4,1.991868109574636,4349749.8787056515
4356.653655500535,5,4,2,4.270495144699914,4747589.842960586
1664.6993733949996,4,3,37,15.846886655290719,2495084.871696003
4826.758692258079,1,1,29,13.573253709363001,2861587.1900460967
1466.473099595085,1,1,0,1.921510326855313,1559479.2613647534
4786.291165592062,2,1,7,13.375153889640648,3255315.423107535
4977.2048934501845,2,1,12,18.637874549199065,3220517.8738454287
3731.5803452826144,2,4,19,0.9946036244269869,3515571.018257085
4917.032419884016,1,2,5,12.366720108764927,3250854.725871027
3105.975030095256,2,3,49,7.645374938679948,2719752.9343783464
1741.9838459747975,2,1,49,10.070526034368758,1589254.3204043407
2522.781896928732,1,4,47,10.610758437975884,2278848.6978091653
3211.668115666658,5,2,7,15.44381733960034,3526630.6291456395
921.5588729,4,3,29,11.184549143481483,2256761.371694121
3338.310364315883,3,3,48,11.902403999689684,3055780.020268465
4917.1824817540955,1,3,39,6.724945691059008,3393765.245160185
1436.4736590484015,1,1,14,2.606311425907081,1460783.5191103765
4087.4185116688864,3,3,9,13.686373435094461,3589654.7052368717
4594.754692630325,3,1,32,0.10959459552118747,3599858.3725090562
4752.287008408972,2,2,8,6.641471672858347,3567986.9888516366
4824.596659383968,3,4,48,4.439074693050733,4148189.753935287
2894.4224103744764,4,4,32,7.831815471046936,3495247.813870617
4900.154795162616,4,4,8,6.294233739,4648865.640914222
3932.164911391531,4,3,13,14.113919887069954,3783476.976058684
1311.3543194426322,4,4,31,5.2781004066700845,2759788.0696922317
2698.3604684590678,4,2,36,11.258931877190504,2908674.5147900414
3760.6571716368176,2,1,5,9.169831558152934,2836604.8727596677
1688.2973896039666,1,4,4,16.04104436,1968000.7257827627
3418.7068076151045,3,1,3,8.619040508457099,2986645.5117427283
3533.0421078051245,1,1,47,17.291133950838105,2050371.2929901173
1315.8788727576898,3,4,15,0.10290077538433559,2645554.3389754756
3086.375374792128,2,4,9,12.136243468592431,3020135.736128533
3995.1584083058738,2,4,30,0.295159171,3606348.9388306574
2795.1409239581444,5,3,30,14.307293034535142,3426097.5193926874
653.2537138148726,5,4,13,4.774955796381346,2830800.6590841273
639.7692639488856,2,3,12,7.661626910285274,1671325.0118730546
2170.9291134680534,2,2,3,7.670706534042726,2281723.3441574895
4675.253901099841,3,1,45,16.943806125361842,3238423.746147001
1606.1778302558787,2,2,25,2.131645942,2000128.9143968609
3391.2002310354233,1,4,23,13.371249371670224,2777848.0461886246
1577.1338310506105,3,1,8,19.627010900964656,1820699.6156103294
2015.3479545020139,2,4,34,0.5454501398384448,2591437.892558556
4331.385194,3,4,41,19.32129455536014,3638939.6241203793
3806.9903459877664,3,1,14,0.46625410597643835,3288843.0089786723
1019.7568201781268,4,2,23,16.838874223335342,2022773.8437266739
2486.288892340308,5,4,30,19.228763951216273,3373242.085250146
728.3469600391636,3,1,18,19.86124490721114,1341621.4999796762
2715.916645,3,2,1,9.236514685313987,2832900.9469246576
3514.7096514846994,4,3,1,17.35245437437919,3569978.6563590835
1121.4115438318668,2,2,40,2.534556906,1674687.5518944678
1871.0937312003289,3,2,35,8.565148338423802,2253916.816936006
2350.4811522094906,4,1,36,6.228702026042227,2635339.4536882183
4645.936508486619,1,2,33,7.964023307080862,3063360.7062060093
4970.322067861041,4,3,38,14.069418960061403,4178445.573
797.6097155807098,5,3,18,1.8408559808508294,2736660.6562776556
3948.434863379725,5,4,37,19.96346281053973,4054621.093583385
2235.585892,2,3,22,12.73783646,2317709.1348927785
2326.816019409712,2,4,15,17.48299997278801,2503420.9283534135
3918.7658827268997,5,3,45,16.61094175,3866837.0245027337
4641.076301439798,5,2,43,15.343351126372246,4063344.046296772
4784.085815811213,3,4,5,0.8805482693692461,4414104.860622539
3139.3393785686117,5,3,25,10.377694824012448,3701788.7109083747
2171.3331009222125,2,2,21,6.630152686668684,2212736.415
4065.2159777786287,5,2,44,2.3474884048546207,4030331.1388965393
1704.406086354121,2,4,46,6.925505107756073,2248365.859126257
3081.9257268674783,1,1,23,12.931580442432828,2032004.173
2177.745230709442,5,2,45,4.6894659295806695,3034756.214867425
3489.1767243146546,2,2,39,8.947449042,2735312.299431071
1657.7552167314304,4,1,20,8.149435448,2330561.818
1443.0089612332333,3,4,29,1.1440129598475821,2618297.1395239825
4640.251981371923,2,3,10,12.598842334717734,3582822.062095924
1047.9362049779625,5,3,8,12.415053355621424,2700339.953
2826.2147940336995,5,2,11,19.331648654415392,3236147.3420328596
1571.7522450372392,1,1,25,6.030303810966393,1404942.964403609
771.2918386329368,4,2,37,8.437125469976216,1996576.3280212611
758.4828004822762,2,4,50,8.132388684753321,1731266.5446503889
1370.9757972656403,4,2,2,18.402903629616993,2272102.744144798
4413.789559826401,1,3,32,8.232121376,3146925.270492588
1842.9064734989172,3,1,14,8.911006469698577,2137906.0254598046
4782.020350531301,4,4,46,5.12165623,4423249.968761654
3159.138089152452,1,2,4,0.12324611383854968,2621777.040403772
2521.1024349825707,2,3,23,2.2979683603698122,2664264.7683882066
3152.3908725456004,3,2,10,14.107394113403446,2908720.4721090486
2873.4728949955784,5,3,32,13.681662308175289,3467776.119438601
3938.6155165322307,1,1,22,6.518358399612934,2593613.5083781746
1842.98269,5,4,9,9.512823932164816,3350907.7846012963
2153.4217230413306,3,2,42,6.017830028268293,2411027.1790596168
4534.014931146303,1,4,27,14.64523613230211,3303775.661031427
4764.408657861784,1,1,38,16.865737067117458,2719562.5056928606
4527.256200940488,3,3,16,17.992195323843955,3688457.1120976824
2445.5711734121796,2,1,43,3.560039296280304,2101257.718884801
4033.6082132302795,1,1,25,13.930833162507607,2477860.361469305
2695.877226524835,3,4,24,19.26379307489873,2907335.6698687607
2789.1753494428494,4,1,35,13.047172912212819,2723317.1345814858
1500.5924798520493,5,2,11,7.084385457662071,2818281.448877101
3200.9733343374724,1,3,2,12.755332679433891,2600052.931684376
1418.9979501147309,4,1,49,13.799678441186586,1953178.324337951
2058.8846758956524,1,2,28,8.001241267,1794090.4307077066
4362.132887127715,2,3,43,2.169419915902434,3487350.963350126
1511.133560527763,3,4,23,12.172531363652443,2461789.071
913.0964547631044,1,3,18,16.062601930282863,1309969.1068802122
903.6334074963918,3,4,12,19.95177202674557,2057454.1813176018
4739.451890213675,1,3,15,4.538860308562547,3468621.657039904
2830.449927032072,2,1,39,14.037740586216525,2104143.069896023
2401.4131159948806,2,4,26,0.6580596833048655,2822218.2824356603
4167.865756434841,4,4,5,19.399523066981438,4035615.3349821093
4277.634083,2,4,41,0.35003278433517215,3691489.3038207493
2061.6405457086603,3,1,9,7.240019736610359,2305692.7962264405
3651.9194528846992,2,1,37,1.620415182227021,2773224.340902127
3992.9403897483007,1,3,7,12.45726243600057,2976997.864258457
3480.463022,2,3,17,6.8560459325996685,3082783.510557424
1267.0183291204373,3,1,31,14.685584233476161,1649470.3979950128
4453.885567475051,1,1,16,9.778923526694236,2816037.2313079587
2972.0160320384384,4,4,41,8.446127985404102,3476758.374415455
1842.8786760280163,4,3,1,7.0354753473843585,2940402.749170638
2471.0040159258533,4,3,43,1.8139704235915837,3148895.5175954127
765.3127977551925,1,4,19,4.176014568316374,1668809.025615586
1162.6139253786373,4,4,9,12.818139849270862,2644617.083808219
3968.4057022697875,2,4,8,9.985358203921367,3509168.6051607835
600.0511929,1,2,47,1.4947800869506354,1099802.9128271102
2432.8896453220855,1,2,38,10.924639181033111,1872624.9571446977
2899.044796776589,1,1,40,1.177438962836749,2090646.5372358768
840.3914480042781,5,3,24,10.283366255647765,2559201.3169935015
4881.543917078265,3,4,24,19.30273279328789,3999390.2207776923
1594.9514574985565,5,4,23,6.216156619,3222825.5144688957
1938.4743663996358,5,3,5,14.49771245897929,3118955.8521245494
1937.3470539221203,5,2,29,14.936485607780305,2789616.7329097716
1613.8333133163396,3,3,9,8.156704714881679,2463455.480464854
606.4848171797702,5,1,38,11.906513800520207,1939785.0506837983
3809.117093987184,4,2,30,9.493717204880996,3529357.1210002895
4854.1201991168555,1,3,17,5.738924092245046,3491954.5358178443
1586.8913264541982,1,3,42,15.119367694490743,1545731.2274416015
3517.407643935059,2,1,32,14.086249651403273,2481651.747043781
3864.3438386183466,4,3,18,18.02092240500729,3646426.389313345
4333.071667998309,3,2,22,12.400710975226094,3473194.5325989504
2459.568467,1,4,4,7.835530809804298,2517746.5353381713
1932.8959848178886,5,4,25,14.308750406243234,3219945.902388397
2031.2985897013368,2,4,28,12.418820968216977,2391945.7935906462
3735.5338656334566,2,2,23,12.37062243673263,2870027.402186393
4193.829652624799,1,3,5,17.011771364861602,2996352.317119485
1399.1014581290517,4,3,38,18.21832392106436,2309857.1687475564
2232.140435894167,2,3,3,3.6868091219915775,2592006.9536115695
4568.536866,1,3,47,6.3495994619233835,3186949.362
4149.4514866568525,4,4,41,13.041083449254073,3973576.992447662
4933.376972154893,1,2,25,11.188702550821487,3182587.353165334
3918.6923426011554,1,1,14,13.081290773039239,2492393.2739441106
2330.058884522858,4,2,12,8.716990527,2895362.5498335254
3198.806469576406,4,3,39,8.307536372949384,3402925.4254335323
3508.4627186882094,4,3,21,2.441312714668712,3765078.023155048
945.2055917953454,1,2,12,12.510599978080162,1227063.7144403867
2995.7866200570065,2,2,38,3.598134486,2600603.538411966
3721.0116452794823,3,4,16,13.453329753195643,3576112.145680146
1336.2137376046658,3,3,35,19.344737640276623,1970885.0341011176
4034.7795566724512,1,2,38,5.202615266778279,2788010.3911049776
3168.6002342620914,1,3,47,2.928830876457135,2555396.417706221
4789.775857069417,2,2,24,0.581087381,3627939.0990172145
786.6581121103235,4,3,33,7.638661008272247,2240228.753994034
1767.4350052440548,1,2,20,4.3707600712521755,1760975.2193013013
3246.837068919226,5,3,24,9.888002520564326,3770331.402152644
1904.863613706095,4,1,24,10.533689957055735,2386430.9258162505
3743.466321913466,1,4,21,7.051622113104323,3090373.636798964
3939.6232430964965,5,1,22,15.023133823335037,3624021.8631858653
1051.0702418924875,2,4,24,18.105652747173096,1808094.9841070992
2860.959642509778,5,4,13,4.309309646086153,3943966.5464374833
2839.118444600646,1,2,13,16.742325690781914,2084385.6265890016
2224.8353889483806,3,1,25,2.7106392051320247,2397877.8284758674
4704.869395306558,1,4,39,4.651173472415596,3529084.1463092845
4241.027807442173,3,3,29,11.272172156052328,3614743.3787043574
3667.7212804024016,2,2,25,6.2009716262366466,2949514.1257807855
3743.0371972339894,2,2,37,0.9300447327180348,3032590.622066952
2631.5510327777242,4,3,21,5.967955620024731,3256089.3220926854
4652.3758928249335,4,3,38,18.106916753078362,3938722.529455217
3656.2198799144558,3,4,38,3.567040922244239,3631442.04
3807.5166712855926,3,3,33,15.298642508871241,3297458.4035696886
4391.439976664319,2,2,24,14.473411919489177,3150924.6680466933
1805.9149931056404,5,3,35,2.2138738396784166,3148352.9378635697
4151.111977013493,3,1,12,6.6559149952189465,3347110.606706685
1459.058653008565,3,2,28,3.868190153860328,2176838.4415313937
2119.5045898775065,5,3,41,0.5606886057460962,3308211.440928149
2076.685998787308,4,2,8,3.5435094371943356,2892145.728754085
4905.512060912219,4,4,14,4.1114010385112065,4665200.927790202
4368.763784490878,3,1,30,3.403006921358125,3430994.671922594
3685.147390997143,4,4,43,1.912834467802675,3953989.9242468355
3799.0497511077165,4,1,26,10.57347213120388,3322728.3510340983
3073.1202953713127,4,3,30,6.520516929885848,3420822.727192257
4767.1989352774835,2,2,9,18.174162292021578,3339789.1399026276
2783.538512682391,1,3,50,3.825548013586799,2329931.214173777
2274.277923427536,3,4,36,12.096966338919277,2779872.553
1317.3554824990003,3,2,6,18.022345646886283,1932903.746416092
4059.3048699486553,2,3,31,1.0390740562110699,3418543.871954424
3831.5533011326024,1,3,10,10.373921671685567,2922971.1352369073
2291.1621695061935,1,2,47,9.068309369370622,1793887.8154700017
710.8510214206092,2,2,44,18.58269430074044,1128444.5427998132
4291.588241959247,5,4,27,13.308918980199797,4409288.659479945
650.2391272,5,1,3,7.0483120580456715,2233826.240542366
3696.2790303678244,1,1,47,14.25927224831216,2192626.988321986
4869.131282794651,5,2,44,11.694815012205629,4245342.259257531
2525.709843852095,5,1,30,7.008680970892611,3037354.220612513
1633.8829819821922,5,4,28,15.726448688924222,3027085.435316929
3701.4324441908793,1,1,32,13.396578220146647,2287457.575796824
4195.363824868575,5,2,3,0.20778433701514715,4343199.143798302
3004.293390742528,3,4,46,17.316178659618654,2990496.0402832087
4854.955211127043,1,2,25,8.002128456200493,3207107.954543829
827.3423752950289,2,4,30,12.94440725168769,1769455.960718078
2821.100632539924,5,4,30,7.995689587341175,3765309.442627456
3761.197368,4,2,26,17.63910468025461,3362489.5086088353
4395.618073056387,1,3,24,13.05162537916142,3081449.447049283
1388.7246923942762,2,2,47,11.629785561095764,1591439.5530795401
4120.0153197601985,3,4,35,19.60726853,3557535.207443603
3031.911133161599,2,2,48,5.6847463492069545,2526933.5577009777
2344.836200755838,5,2,30,1.3985603831713267,3259119.811
1179.5461257480117,4,4,42,10.368607614832275,2537073.828681678
4407.301339199214,5,1,36,8.537954892937195,3917564.489845181
1292.0021159907476,2,4,44,9.140371976633196,2007866.5365670272
1963.0665805200367,1,2,43,12.440086281886114,1582404.4827266133
1876.2003406347224,4,4,22,12.340920568416399,2945954.6770533505
4434.221750439759,4,4,34,7.906059437297467,4253662.604578247
3559.893174519151,2,1,3,17.271252776854837,2584194.4498267965
4105.398147642039,5,3,27,13.064024338794594,4121091.505149445
1702.0587546869956,2,2,41,17.80924241426249,1654517.447162565
3349.4460382707953,4,2,40,18.27176271153867,3073960.683008942
3115.6823258324944,2,1,41,3.42951031,2448923.8748279447
4264.453657868393,4,4,12,13.643181290432098,4164036.121229872
4586.783066117547,5,3,0,6.41848609,4629694.729355709
653.4897945,1,2,11,16.744938185514734,1001519.0516442736
3565.687643858688,1,3,42,14.683746435144553,2543841.8113307706
828.0775161268077,2,3,39,4.055078981764475,1702610.0965324317
3014.978126340366,4,4,25,18.780742253414086,3371547.1362062185
1865.5840077921841,1,4,45,13.701232239149226,1898440.2772174247
1949.8170378974212,4,4,45,18.97779875442787,2735025.461964471
2153.017415190369,5,2,22,4.118032326648828,3148820.9791665254
3333.6867758182843,2,3,48,17.407131378532814,2643373.6784428037
2069.8198489425845,4,3,21,13.394649126271142,2826689.860050187
3823.8758225972338,2,2,50,11.090503216274657,2804800.765077441
2379.9204965250265,4,1,27,16.428206707234672,2491069.0322221373
900.7540813638179,4,4,16,12.693991348229625,2481170.131821634
4048.543306930072,5,2,5,13.425043194986882,3995443.707669616
1857.3366282079064,2,4,13,5.148044626696208,2525380.3396743466
2504.1742702367555,3,3,49,16.359368403762698,2544572.6851474415
3615.953086176367,4,2,16,13.041023776313558,3431828.986
2062.8070914543327,4,1,37,16.903344656145944,2273009.570708565
848.9768870455488,1,4,4,7.095386614313335,1727253.629340825
2245.2526068563798,2,3,12,6.701031435873886,2493278.5928150294
4755.573763854935,3,3,47,0.5756689955094374,3995946.4201215967
3423.6313481136563,5,1,8,15.395246003210852,3428583.6720969286
3554.5082541357106,3,1,43,6.673256303125857,2893461.919109656
3382.041476005615,5,4,41,6.611524963145955,4018463.156844206
1475.565411421522,3,3,25,13.804821857947914,2201359.1866561202
2440.6690020500328,3,1,12,5.132092637778606,2522365.5663737617
3904.1351127986004,2,2,18,18.18950768332281,2862950.3208371615
1046.0407492339002,1,1,47,10.807513225978811,936543.0282016911
1822.552214794734,3,2,16,19.392596997302725,2108097.086
1815.804077249756,4,3,15,1.625710007330139,2965060.7565825926
2500.8832814158263,4,4,29,6.802824816149488,3334058.0624892404
4913.622460145614,4,3,31,7.691259833946478,4312658.9514981955
897.0112054088165,1,3,13,14.635372329603538,1355471.074216655
2882.284375274618,3,3,47,4.337948932819213,2984056.1270852424
1389.2046008537259,5,3,14,7.569382482313165,2937887.5688849175
4870.976799802874,5,4,11,18.221786624756074,4680725.585510632
1098.5354208008425,2,1,36,2.379562585411677,1486349.376796505
2375.8444103910015,1,4,10,14.931947613107452,2303956.171037669
3846.6939332722673,3,4,4,14.07945372138664,3686430.810312718
3700.0394833207592,4,4,10,2.6970510242227697,4110751.639280242
2460.0060023333017,1,4,33,13.800964678634653,2253656.6256982754
2124.7063389919604,1,1,18,11.438697407247302,1608252.1394553515
2349.4944656326306,3,3,25,5.821694509167288,2797986.260737287
1762.815557898013,2,1,25,6.291709781545802,1795246.5014224078
1503.464930309919,2,1,16,16.676546279181668,1502874.4576756433
2725.3746692591158,2,3,30,4.697198226697813,2683416.2881999193
1781.5485266974722,4,1,18,10.304332535610719,2359360.530740839
1864.8313255479004,4,4,43,13.654879772333617,2808990.9854315952
3489.726679288051,3,4,19,2.685043717303398,3660835.383402275
4861.564259479525,2,3,22,18.653842037204655,3512378.207099987
3256.0036824612503,3,3,24,5.286622869064871,3266942.3019536454
938.7096550858516,2,3,27,6.4448149677640405,1770131.4462919622
932.5679009578947,1,4,36,13.355703188374221,1483842.8048157801
4786.262172,5,3,11,1.656013778009056,4769683.728
1908.079477352268,5,1,47,12.58949252938047,2531922.8061928423
1005.0947387628919,2,1,0,18.328996207696434,1300640.3633318346
3235.796183461679,3,2,1,5.056902050498352,3176432.969
3344.054624477171,4,2,9,7.301963763013593,3445660.9550826307
3453.421208522228,2,3,33,4.723445754673029,3031914.607271971
1776.5689225731817,2,2,31,16.393498103367385,1770087.4173235605
666.4870105436902,4,4,24,3.4353956877388803,2509208.509621385
4846.067625599676,2,4,9,6.997901885173553,4002748.693200684
1703.929401040851,1,1,49,12.060334246360217,1230430.9336975385
3574.515667431209,4,1,0,8.150633210053384,3388918.0876188544
3709.1714274663223,1,2,31,1.402839358690853,2736201.8446636614
3284.032635149737,5,2,36,18.959641285540343,3347496.409968379
1976.7925345400522,4,4,11,6.824218791,3161584.8095544344
1792.8235165618894,4,1,48,8.968459134019078,2241715.4937048806
3229.740443891894,3,2,50,3.434152170546979,2960860.096639325
4410.820787891443,3,4,17,17.32046975701387,3838673.9169097617
4765.6284072629405,4,1,29,5.8994328785057695,3884498.4641656727
1065.9855393765336,5,4,12,0.4944785636492994,3127776.1165195983
1281.2458954299673,2,4,2,6.396411393,2267367.638
4756.839539,3,1,20,19.68278772220463,3349436.9329830003
3840.755004673087,5,4,41,3.022173169018404,4319606.957060493
4485.1728292510015,5,2,13,0.7209295109716958,4427840.742510384
1491.58359,3,4,39,11.605694245556755,2383350.828290937
3185.3778328813682,2,2,9,7.4961642747034105,2762438.5490509337
3685.014215436884,3,3,1,15.920008454287984,3383779.857
3592.4922959666796,5,3,44,14.664566500788633,3747627.7360718846
2395.8674398134717,1,3,36,3.7898386591865485,2206809.864827323
667.7375234417573,3,4,10,11.336182872586484,2121818.022373466
3164.8746499387576,5,3,0,0.7454765483760891,4032200.7121061743
1713.6467723902786,3,3,25,8.845616739876093,2419583.9695019345
2581.1186830287174,5,4,41,14.309659117170314,3464039.077
4813.356466368797,2,1,12,8.357679962546625,3344197.552037783
2355.7553976267127,5,4,27,2.4472875416212014,3658604.866
4295.127069323477,4,2,35,1.324518381088146,3910746.085144293
1429.578665296705,1,4,20,17.087823050645415,1737705.7897397615
3558.826191310127,5,1,9,17.837406502987356,3442337.8836996336
4898.830599531351,3,3,11,6.927540376234215,4120537.410345309
1048.3296438409218,3,4,45,3.367029260151983,2296497.1548217386
636.6077457996448,5,3,26,19.574462641171998,2261487.538
2507.764287583503,4,2,2,10.962689691664089,2989301.268062787
1007.5521254260157,5,1,27,9.585435369944909,2241740.273418427
3892.891138575418,2,3,1,14.857994173126253,3208958.6039295015
4624.014120933659,4,3,27,3.460499854485096,4272469.981481445
2509.692279918539,5,3,50,11.641795495737826,3236683.148
1738.3312254839402,1,3,30,17.814230892511016,1627553.912996067
2511.374603629083,4,4,42,0.5590628701633861,3399178.9625155916
3783.1703985400045,5,1,20,13.491500166356762,3586428.114047185
639.8383109536323,1,1,6,11.073336719452968,933125.3391920743
3193.5975537326676,5,3,49,19.020935611041576,3436052.9827498193
3298.483413504468,2,1,30,5.248100347452056,2558952.6179075106
3405.8282863421164,3,3,13,17.19194367433482,3158748.1877886793
1664.8971519158597,5,2,38,6.248815467477369,2782145.1847126996
3741.8319828637577,4,2,38,8.654285163651865,3472503.206263159
1002.1225398598162,5,2,8,4.344422538813451,2638845.7372579565
1476.7894804539235,5,1,22,17.285461214131633,2347358.4340486466
4460.868205,5,3,11,3.9886522470068364,4560333.976
3850.381863196892,5,4,28,17.194358565964453,4105976.6783834747
660.4804376,4,4,37,9.166706313153897,2326579.010666199
1692.8555456271208,4,2,38,16.71820132695473,2286736.664378783
1543.3885251699242,5,2,21,5.363322326286314,2824100.734163553
1791.5478433626793,3,1,3,2.7413298132870096,2290620.2435199167
1689.2629892315001,5,4,47,11.143729172702045,3051429.8292660266
875.1157012685212,4,1,6,10.237797634408759,1967474.8160504026
2619.3382730260096,2,2,39,7.196486822270298,2335412.3181719165
3824.0272890591264,5,3,7,13.290146228914445,4075883.638055592
3269.619589,5,3,34,1.9933422922744801,3889615.8666371875
3560.635341831551,5,3,8,12.477821390811075,3955434.1612038715
957.0563855594522,5,2,50,4.313946260654715,2406922.1856709495
4786.559124777864,1,1,12,2.6661956648238125,3144628.567196773
4289.364068909309,5,3,38,18.201202784494583,4055330.8968690806
4142.397401380916,4,4,19,9.249935646961308,4155872.905855549
4221.128742183777,4,4,20,15.291995744601685,4069397.374304172
4703.926236,1,2,46,1.8734268761254913,3149167.4984738827
2994.717451,5,4,18,1.2435510723210585,4047160.622108031
1481.240878617554,3,4,1,9.947559037,2601342.176670511
3313.847874551181,5,2,43,6.379467915748102,3579007.4970649458
3868.6785721389315,4,1,39,0.19765512093870435,3500059.101755009
3846.836530757712,2,3,29,3.7475634334874517,3268139.9148134245
2894.3757063342723,2,2,22,4.453632758260112,2612788.1161062513
901.2183650677434,3,4,39,5.841276455168767,2203456.571534814
2232.8969290925625,5,3,12,17.562957983162686,3169862.2229873445
4651.373077238773,1,3,32,8.469990369526176,3260959.6493331804
3171.5752029326745,5,3,31,13.620704570494023,3623046.428160774
2968.660550325139,3,2,27,0.4660822439645061,3004681.548387597
1782.9554632816514,3,3,23,16.297120989869068,2315208.229947762
2221.175247632947,3,1,41,4.882545989508703,2272609.6221306166
4539.522792273945,2,4,27,6.249882645317649,3774436.661334937
3532.437409118077,5,2,29,1.000602996542067,3865879.5627325145
4064.5029177102647,5,2,40,8.252888828874946,3931866.6003819513
2599.1198614976825,1,3,28,17.066277777526896,2082907.2933026205
3373.0877656070948,3,4,33,7.636811736593754,3433480.566
1692.887878470113,3,3,50,18.18124488805221,2097491.9595783297
3704.0276532473395,4,3,21,17.36220730353437,3564442.5986572998
2481.4458682946843,4,2,24,1.3330227655870868,3058735.396939918
2547.2002651848807,2,1,13,6.174911681258071,2249774.817071596
3457.0182281382795,5,4,9,18.217304419597465,3983835.9437815077
4719.634734463278,1,4,9,0.6931979552459292,3765626.3262310377
881.6279250779321,1,4,7,15.339584863714313,1563695.183368997
4228.870244326834,3,4,13,18.137916785110214,3751349.705
1886.4856858136498,1,1,44,15.432778826882952,1279260.1844734831
2553.2455998280625,3,2,37,14.901904908417563,2458257.6198499976
696.4186466100394,5,1,31,16.88277993478128,1920226.6427137114
1924.6027424709773,1,3,44,13.349212264537023,1739990.0440490656
2811.5774675725743,3,2,31,8.519614156781135,2745069.368754982
847.1747403287317,5,1,2,1.3488354715675979,2451283.5788373314
2760.8212092859267,5,4,19,15.780552155787474,3634472.479631531
4679.286767,3,4,12,18.11454741691374,3982025.3532545827
1063.730159674343,3,2,22,10.280570584908684,1880926.586243315
3963.5392035322193,2,1,18,10.69695844167022,2842503.3510370227
2402.5526348543676,5,2,15,8.125410984506747,3228441.0158413663
3482.7643439070876,3,4,35,17.151963955593793,3288015.810945986
1745.0410311350092,5,1,34,0.3945857488752439,2759301.7186943176
1301.7659551819766,1,4,46,12.528516137342184,1634985.572948462
1306.0355027933963,4,2,46,18.15752064539888,2024540.2565930376
910.1645608298364,4,2,49,2.1541242780921213,2131672.7129573934
1416.8455015654692,3,2,6,19.187374294219957,1959348.1830026528
3522.5652939514603,3,2,36,19.35679546429877,2858819.6557940724
4479.438692111436,5,2,7,18.602800406607464,4097336.2560278857
4182.153016601112,3,3,24,9.304667309841257,3649656.080208048
3614.590963,5,2,22,7.721103060342716,3807546.3386213277
1085.9001990088518,3,2,9,14.14835995678854,1879655.8184729724
1872.4247637021792,5,4,29,6.441935337087425,3327046.593213659
1963.1502514188635,3,2,32,1.4600486465982518,2457047.070881784
1699.8105641495333,2,1,10,18.03830105090442,1603812.1791609956
2866.024902722782,5,2,34,12.733635592641914,3273012.658
2956.4367854705592,2,3,26,4.222374516,2828443.8205196727
2170.298290752885,2,2,2,0.4663303708308594,2430495.4560641428
2156.6722984403186,2,4,46,14.497967741933026,2323049.7124858163
4245.644630786758,2,1,48,17.07071846301147,2706080.8642374673
4072.8885326066165,1,1,49,8.172386755401709,2492669.4492995916
1954.301659395281,4,2,7,1.709874395977587,2872626.2598824063
4620.669153042341,1,2,12,13.007562630236961,3054856.242020749
4792.386074811026,3,2,41,6.008888139474482,3735688.192720341
2037.6671849321797,3,2,2,2.964539826510511,2614215.714040197
2159.4697746894412,4,4,19,10.256891448604064,3144269.976476957
2824.790275056619,4,4,45,9.688690125355931,3358294.2531255083
4740.931575148164,4,1,44,10.383731140639462,3707464.083
4455.805505826171,2,2,34,16.49625323882806,3092650.6062408416
1051.299035367795,1,4,12,9.742463061305942,1735473.1745620961
2328.0152703942313,3,4,19,18.020757536942675,2773265.4025625796
3034.833234898996,1,1,23,16.852031330481097,1930048.9089441935
2813.782879226776,1,1,8,13.05720739073572,1970420.2099029908
1452.9974989223278,1,3,29,1.231351966345589,1821544.6282385692
4378.793793139881,4,4,24,17.312393350310423,4087821.948
3578.5394451860843,4,1,15,18.120883385990144,3116524.9729775568
4286.796849347936,3,4,7,7.563437976754827,4021802.583243189
4378.562829137678,3,4,43,10.570420017166505,3827545.9323298265
3892.765756129255,3,2,27,5.692311345706691,3362209.5692548114
2532.5266454987564,1,2,11,0.39285504674709915,2268079.1399187534
3286.405722067868,4,2,50,9.641076120250704,3165054.2567332378
1305.607787,2,2,23,2.6742435702148617,1848991.9401634552
3564.039836889594,1,4,48,3.748161733508993,2931729.6018789345
1388.7143252528354,5,3,28,9.666145151283004,2825707.177705075
3653.378198,1,3,14,17.35406298550244,2674280.7575166137
1610.2319073174622,4,3,17,16.90819016791022,2546625.0684048445
1117.225720660968,5,4,6,19.304861586457672,2807188.546705648
1327.2517566290128,1,3,12,9.705344308616414,1674191.9102464952
608.7653949639092,4,4,18,11.084977303317798,2357356.069519916
3762.454318555533,4,1,47,16.460113062769175,3081697.8161267005
3822.564615856868,2,3,42,14.023500866953482,2985485.2086936818
2865.7067396183415,1,4,4,3.7381599273565507,2802763.0893663573
1309.9963246436882,4,1,25,8.023677566590129,2134197.529094359
967.6390850470349,3,2,1,18.590269912322146,1771687.0623813919
684.1674523240629,4,1,32,3.0079301515263768,1886598.0412358213
1329.291978646971,2,1,47,4.266191843125368,1508995.0705652956
4519.764353925846,4,3,36,8.073134834229053,4083092.3983826595
1662.7621034873998,1,2,24,18.80349524204546,1399984.065007108
2158.793839755749,1,2,24,2.3649810181851993,1976770.217618488
1063.520131717866,5,3,38,13.491553097191922,2536601.9220194123
1578.3897408919493,1,1,29,2.729238225850107,1454283.0240332899
2884.5881114329027,5,4,40,10.53757060811736,3696215.5616584215
3274.111805620871,3,3,3,10.777613913478639,3271176.5426451806
1679.5501823313286,2,1,18,0.9482595200304709,1895482.8188693721
854.0215005905158,3,4,26,19.08694404,1979944.7876724894
2320.544624160554,5,3,46,16.151790341693445,3071909.423350726
1630.4948320758701,4,3,38,6.126798610372494,2667384.3619348025
1566.0372622111286,4,2,23,2.699423407013733,2578703.0810696073
4823.396331939203,3,2,49,6.977971589178568,3691811.652290348
3311.7221380731858,4,2,36,17.896103270260248,3082611.9217357053
3050.265149957222,5,4,24,2.7404035771816697,4014997.421539295
2429.4104555026165,2,3,28,7.051410256663042,2498349.940722365
2487.3550670926347,1,2,30,9.936658050830097,1959617.2906340326
2979.982016887556,5,2,44,0.7543979040544618,3519575.968467006
3664.2911509588716,5,3,34,5.433870881760901,4018141.075948535
3689.4428232000496,1,4,27,11.953114481997586,2935332.0400643907
1355.453193903978,1,2,37,6.546895166195459,1426461.611732397
2800.496109137159,2,1,43,17.42345626302986,2001451.8474122996
2412.6156181500487,2,4,49,18.741631832512386,2351148.090529094
4430.318652,2,2,49,8.886703022449502,3157098.1834479724
3378.243253360856,4,1,3,10.68720746078282,3225050.3955690893
2943.017892,5,2,27,12.653084539389097,3348120.1734316954
1107.7364255872365,1,4,30,13.324245825286315,1602056.2143922092
3264.806713,5,3,22,1.3588330935696435,3959899.613
1115.6971849930271,5,3,13,1.1682206622965743,2934157.0973548996
2083.708932489309,2,4,27,17.32519472,2325023.489998366
1228.5046451830601,2,2,13,4.475453731174507,1824416.1660723572
3645.124046907223,5,4,0,11.723699508581783,4252760.951386293
1507.5093008790714,2,1,42,12.530969108820809,1457808.1863674368
2324.1812420273145,4,2,31,3.37283912,2904306.756712679
4540.9690215226265,1,4,40,15.25577287271603,3230041.971
1498.9920869554692,5,3,17,17.33231780412365,2782522.605499579
2834.3422814186283,1,4,4,5.779015858222188,2746263.741649188
2444.7953091304967,4,2,41,17.5690196,2630690.1806620383
679.7457806012109,2,4,14,1.712639658414835,2000293.015236626
4088.135699720376,3,3,41,16.02923213152401,3383156.1253340254
903.8019877842388,4,1,15,12.838212102779497,1884809.6699408465
2686.7220922985957,3,4,35,11.703904708767814,2998955.8700782587
3066.9844977313796,1,4,35,4.679641622016468,2729572.3345296783
3365.0764091041833,5,1,39,7.300651875321699,3406198.085149975
3629.979168954653,2,4,29,18.21505724697716,3070361.3576421007
1714.3984874999464,4,3,37,9.36824762,2649507.209456842
643.9066172971773,2,1,22,11.928163678819626,1138062.9531765133
3783.152114361613,3,3,10,18.723445502640832,3331780.065232307
2956.889037129346,3,3,24,9.383119962432517,3035455.0374203403
4278.917894111894,5,3,44,7.826557844028834,4227600.708279688
4214.108796763055,3,2,50,17.874722009857603,3164232.876288693
4310.635138266686,5,1,42,18.22667029466166,3645457.0813444275
2734.4165039099767,4,2,1,7.157301360109572,3183735.142857115
2067.964941682209,5,2,34,11.880594682749116,2891043.495
4082.856091402028,3,4,46,19.278182679381434,3490537.3102177028
2585.694097328722,1,1,23,1.2038668332739861,2018442.6301031986
1407.1456641751117,5,4,12,0.8920681484596182,3290404.387222681
4361.885686070487,2,2,41,10.379952126492716,3133016.7186097065
4483.263457798328,1,4,36,5.895678858,3408391.069840099
2651.7629270167486,5,3,29,11.67881271018959,3411978.127
933.0788001630649,2,2,10,14.513477523378533,1490942.767718279
2306.4347956344973,1,3,22,1.474579317,2278398.729588219
4135.565701635454,5,1,45,17.659112768463675,3554273.513552771
4567.805725603406,4,4,27,5.610051324615424,4401374.754413712
1495.2800669894216,2,2,28,7.688814895385864,1818536.653691311
894.6838929111947,4,1,14,6.807031364084599,2005874.2372782228
4460.341994,3,3,44,16.812713675975054,3538589.6414770614
2313.3817315070514,5,4,2,3.495978783225806,3741444.2081933273
2983.7482427772784,5,4,8,0.6705970444017805,4103135.0986049213
4859.489573023339,2,2,7,19.438852073212658,3370640.663151734
892.8848028225806,5,4,46,19.61458625689997,2488823.5943776085
3452.5992327892204,3,4,32,5.228087314615697,3526410.7882066136
926.0638593294151,5,3,33,0.28611743857468097,2756982.498997532
2252.0632852526014,1,3,8,12.953750333647339,2091629.5540576712
4136.783998851166,4,3,16,13.004419327018912,3892976.530989522
2507.2778241247916,3,1,40,18.81309861786783,2142049.8578093564
4987.602357172982,3,1,0,6.039563163776949,3837682.8334152694
3059.860854,4,4,39,3.87113314,3622180.6821840405
2013.1134715981952,4,1,4,12.36600870894285,2503909.479724558
1568.4898339809138,3,2,29,11.317054204612743,2077576.7510025192
2142.290350859112,4,3,10,14.382962194761662,2898158.8496386404
2239.1464045420234,2,1,27,17.714035325479863,1794965.4138657318
902.3401819854283,4,4,37,11.23892923085179,2406064.424479996
2226.126477477802,1,3,16,3.086497669896456,2236006.2034452893
2642.6494868525897,1,1,49,12.002765972896693,1700942.3420726783
3780.0461098507403,2,3,22,7.544621191882034,3193803.5491920467
3489.609732775075,4,1,17,9.109427069321159,3242289.243105432
3718.5688830082786,1,4,36,19.193739378694403,2760082.572034569
636.8002002581712,5,1,26,11.143446379426498,2030204.090644873
1557.7365581543586,4,1,24,3.077978461690954,2361981.6279476774
3511.4108689593686,2,1,4,8.918856281777868,2722001.2269484447
2729.5532199908876,4,3,18,4.645767002061642,3346534.1880585286
623.3792929407222,3,1,26,2.7961016372253074,1590440.5318301723
4139.776426700018,3,1,12,14.273458835467155,3189091.9547449835
4000.3621224774847,1,1,6,12.608524475864108,2582683.4898257777
3013.0443171716756,3,3,25,10.005998443703456,3046075.1078160866
892.4386334155973,2,4,13,8.522442086,1975443.3930873591
3972.6662179433724,1,4,26,6.512132843335475,3190763.370209294
3168.339786018001,2,4,7,1.851373373148195,3276815.343650354
4040.6238994950204,2,1,30,6.055465986,2913875.5481348108
3907.686766541698,3,3,34,16.784052996939536,3312835.241436376
4133.209116614484,3,4,26,15.695140352287506,3687374.669365809
2879.2354921803494,2,4,3,19.449122706430703,2800308.210065878
1217.427880051466,3,4,41,13.155735531407668,2205272.147501897
3553.092883,3,2,3,11.117431175611017,3203870.7360274117
3330.084654228671,3,3,17,5.991285216533113,3324889.5408879905
3865.9140236759836,4,2,22,1.6295188260198472,3755039.5534219122
1347.4764266232353,2,1,31,12.39856493587501,1435439.8326984348
1457.8908795612726,5,4,11,9.814427614347862,3142329.8055979963
4517.801875765045,2,1,19,15.205582816612452,3024462.199654591
3899.9023131891117,1,3,46,8.295972775471157,2818704.619
4596.205350281421,3,1,44,19.71247202150096,3148526.1528150085
3938.347413121251,3,1,11,8.012479891782334,3218597.0268292967
3227.483346357328,5,4,7,6.728125534740457,4108852.0805881727
3478.184042922644,1,3,21,17.43262889733655,2550112.3616189086
4512.162865336044,4,1,26,7.9705778180768085,3731342.7944108034
3146.7497198525384,2,2,40,17.430856650501536,2389430.645020556
3382.5218270449045,4,4,40,0.6443502839146195,3843046.8259484773
1288.4975504158426,1,2,16,13.882606890205196,1351269.555508135
2685.253368510852,5,4,31,1.5298721826320363,3821702.1587071028
3752.1472926156353,1,1,32,3.0498260153905417,2519750.044104324
1792.1478725920078,5,4,30,14.031492895404863,3130116.9964922243
1489.9183943079536,4,1,5,5.865494490149142,2367322.225455311
1980.8379561874285,4,2,38,4.287624685460049,2679339.402488831
1662.6027631684672,1,1,8,16.050370138823947,1334966.8969120719
1545.6156029601418,1,4,41,18.93031259705657,1653874.4676432568
2469.3437086195827,3,4,31,4.724374905912196,3049857.2742958646
4594.489461,5,4,35,6.412199529090137,4658673.6580662895
2831.0624456503606,3,2,15,14.310058789527561,2719002.9651389467
1426.8496755874214,2,3,11,16.324328124061935,1896611.1934167892
938.6753453,2,2,40,19.98332977651312,1234343.9952119777
3663.087038606871,1,1,2,5.540077392746625,2575414.8895528205
2284.3145635201063,4,1,26,11.176709916195056,2553296.0015404695
4216.056164975581,2,2,26,2.7669769349486106,3287361.4618931357
3501.847382019389,2,2,8,6.683718091460097,2941922.247
4103.462382382021,3,1,16,0.9948745673695967,3416506.617947936
1796.5625734411744,3,1,45,4.295687002443374,2052040.464776037
3646.3792588286556,2,1,4,10.180245038013389,2764257.646758377
1761.8727326523626,1,3,25,3.358806544656155,1953433.1535373754
4731.901309581283,3,3,20,17.79872787243492,3774649.015446261
3400.0468387468472,2,2,0,14.235149327449994,2779993.3509287415
2027.851920771505,4,2,0,0.6519464505346787,2965559.9494793764
1785.8521940859996,3,3,34,17.546360958931754,2236671.795968682
1440.0769743152314,2,4,8,19.54868778448983,2053737.6495721366
3656.420219132402,5,3,22,10.08704523836337,3981142.122903251
1562.348697,3,2,37,6.360752483236596,2133632.2170350254
3219.334370080952,5,3,40,5.342942543060981,3767481.2522835736
1764.3941184715723,3,4,3,1.8396479349491184,2895077.018641121
3512.6633570930217,3,2,18,9.883026623573715,3133344.064179354
4185.734805578372,5,1,36,1.0977864398444472,3955584.5920966147
4023.311069836474,1,2,4,10.126360107417614,2853801.250874202
3947.7458560954396,2,3,27,5.125713970429352,3301031.5667434502
1425.978585045909,1,3,45,9.580995916005852,1561042.2923071547
988.8937667318824,1,4,41,8.425844114254629,1585602.919185166
3675.3748453444964,2,3,47,6.171773614885593,3043924.868478854
2220.7277406951457,4,4,22,9.027900966381791,3184478.7691242546
2502.3233961747283,1,2,37,9.533274395988482,1940169.1282719118
737.0560082909207,1,3,22,16.690466055347247,1189391.6011428325
1742.1363768102165,1,2,45,13.349088534302176,1443759.335823382
748.1761770476417,4,1,17,8.719816293858903,1879364.6807509603
4468.4173994454895,3,1,28,18.11431455775715,3196595.3266719193
1670.945406161534,5,4,27,15.139241452415831,3062360.792136768
3052.2835461212353,5,3,8,1.6067662524549664,3918679.366115836
771.5090109089738,4,2,38,3.159542002391217,2097236.584
3534.1285217448954,1,2,49,1.7251908838564447,2552233.3612996363
2021.320321318013,5,3,9,6.445380859601679,3301425.462
4550.844423,4,2,1,8.769367754,4059707.7743315194
4507.720031309757,2,3,12,10.134493862921499,3555843.0565007664
2031.2787207916901,5,3,37,17.04310275,2954450.2234188444
4564.227941038059,2,1,26,0.4573300870839869,3307640.286881667
4983.093763394627,1,3,40,8.622939274327956,3383761.014315072
4231.8289221453715,5,2,19,8.278867636275049,4120010.026451502
4317.4339301230075,4,3,39,18.954771139520112,3749294.4603754194
1695.6384388799956,3,1,9,4.896634660721438,2169559.444329886
3137.490554974128,5,1,15,2.535875656918832,3507700.6824530046
895.9260214564185,5,4,14,2.930978222461122,2984016.3643833045
1017.6389220153467,5,2,12,10.450840206163795,2504475.574988715
4995.127492946479,5,3,49,7.878985689758781,4559656.950782381
2037.212697474008,4,2,37,15.10742636444339,2496130.739552454
3892.009213014924,4,2,19,6.531329205855502,3685050.9404946696
4149.326233317993,3,3,23,2.6464388648468606,3771407.2574663768
4375.302392431809,4,1,40,7.798828215448576,3596347.55
4989.564508569489,4,2,49,17.672408784718844,3861006.996694685
1662.5845351302185,1,4,6,8.169978413079146,2102565.6174078435
777.5436381826787,1,2,22,16.689191677255444,1009660.9036505478
2409.242679176178,2,1,23,7.493448708486262,2104425.2835226813
1172.3549472473667,3,4,28,5.6995739159374486,2396858.9134092517
698.6739123130426,1,4,4,15.519768325116377,1483614.507758511
2185.8780394225387,3,4,42,4.263767100660394,2862336.595802379
4048.4483047310405,3,4,44,4.7134310527792485,3774628.449414253
3091.195041390312,5,3,34,1.0912754777117306,3818444.9292452387
1976.223152525558,3,3,0,3.838129654511689,2776021.9012768627
3479.104824167967,5,3,35,7.638426332834992,3876456.803531601
1620.8799933587673,2,4,50,8.051496704426585,2164082.9806951694
663.2783627171741,2,1,17,8.470498929938307,1241902.1208641382
3963.1549003202804,2,2,5,9.64588963,3128332.5756627787
3344.469573,5,4,22,11.481021253607102,3997287.2797329957
3954.131547804224,5,1,9,3.8696375894495976,3919345.940217437
771.3272734257287,2,2,6,12.317489243213709,1473986.7699529075
4283.326362,5,4,43,6.797436290638842,4455387.3735189745
3325.9152801597347,4,2,7,14.706813629268654,3298494.2855988117
3078.9395431356165,4,3,12,11.188368558707717,3420375.3184979716
3348.301811703939,5,3,29,11.12994567407831,3771224.910474721
4403.506286220802,5,3,17,13.741191072998175,4306602.239754755
3182.520628859191,1,1,13,6.72707792,2256391.674134393
3156.181671507989,1,3,10,8.641735517,2619929.043514845
4958.988291089369,3,1,41,11.69966758181435,3505173.712012715
3929.6127351016994,3,3,37,8.488956848262939,3474700.1486899084
2546.092743984995,3,3,12,8.940723741,2898904.8152721813
3712.546800144882,2,3,41,5.522492748501959,3105496.463206719
2312.6140754438693,4,1,43,5.8189620225058585,2589600.715376135
1607.0520349273957,2,2,32,14.009252399395244,1728013.8875801102
3226.1482583061415,5,1,49,0.18519472633343423,3429043.1527307197
4684.001231701386,1,4,12,1.996279401945936,3706747.945916092
4688.213888068036,5,4,24,18.981316801139663,4509153.526115541
2104.3832236641574,5,1,23,3.8216598290738357,2925431.333354919
2921.780851375458,1,1,28,8.420605748309992,2017151.2288258465
1531.1979537073894,5,2,35,17.008734208847738,2515097.2107810574
4980.776881795087,3,1,5,0.10203721326435299,3928020.614736574
4916.918794618918,1,3,17,18.51106587046991,3267910.9980043783
3457.839290712768,5,2,27,1.1644236155377363,3835304.0911499467
4139.421862580883,3,1,4,3.500294085527813,3444377.9676842024
3746.44071,3,1,17,0.6791605123149468,3239310.0626821583
3209.896164,4,4,36,10.43844892006851,3580852.021589777
834.7311867511498,3,2,6,18.867576770701493,1674686.9760658622
2600.963107231709,2,4,8,16.796828570721324,2689217.900305745
3569.0597295366065,1,1,34,12.830996070667107,2222582.8614592785
3581.1391010882126,1,2,11,3.7912238877145805,2724417.9908941323
2241.7395210584878,1,3,45,17.404982260686985,1812443.0334198214
4743.444741295334,5,1,39,15.120030283620707,3938994.6830795705
1336.3709418418364,5,1,43,5.410270494594915,2409652.9791333373
2801.5815633484667,2,4,38,16.121274351577547,2653038.2127469997
3639.8894968236204,3,3,23,17.55531162683379,3218511.4339794517
3667.3975459239605,5,1,8,13.994697647350458,3578477.7381192883
3454.0114097827886,3,4,11,2.0976446043135115,3694725.7309094416
1811.2681391881847,3,4,35,19.686512182263023,2401576.744053149
1287.3089022211366,5,1,36,1.612419680423127,2496078.9756064233
3398.1374380375278,5,2,8,13.12403236418965,3661260.9898392884
3236.929311013526,2,1,38,2.2994525785953455,2547148.522039173
1389.1664452726602,4,3,45,18.117725836554353,2271901.6240095603
3702.612240510479,1,1,21,7.064555900105337,2469687.92
2602.7567636280883,5,2,16,10.278910145517333,3280473.097008015
3538.1466030538727,5,4,32,3.657355529,4200599.109054377
4284.415150988663,3,3,46,10.976587576684441,3557348.7420649603
1346.805085738462,4,3,23,18.782914114255885,2347417.179
684.2374191860814,5,3,14,18.04249810559982,2375941.665585362
4028.051380141462,4,3,28,1.3715288120244942,4011268.0319345584
3282.668671,1,2,31,7.627344278839312,2398460.367863286
3678.4141063373354,3,2,32,5.421884124539109,3235442.2887822026
4287.8818899500275,2,2,28,9.679093394550467,3175031.995188322
4132.3681132278025,1,2,14,16.691210330467886,2727032.768108861
4828.048646486828,4,4,26,14.803150534423668,4352634.230659258
2958.114347,4,1,33,6.945166024060563,2939826.7710977662
2749.380783703584,1,2,3,7.715050008287719,2270062.3097903547
2368.3036795192124,4,1,48,13.119674340963979,2446431.2710446436
1276.240589,2,3,47,3.965080859769692,1888491.5951661733
3119.471824680899,2,4,17,2.1442876008753773,3196523.0784272593
1818.8551070343067,4,4,20,4.927510437797353,3075550.262865524
4653.753053737092,4,1,47,2.5682453839133528,3805184.5372945964
3166.039538819229,2,1,7,7.104486440621794,2570602.9587014965
3208.496794235685,4,1,5,18.75755910278258,2968770.1331665083
2161.668507858844,5,4,19,2.4939595729008386,3600627.980575723
828.7531487019129,3,2,1,16.384610657820428,1746357.279298865
739.6725676,5,4,50,10.739495825619237,2569719.285412508
2462.674634274069,4,2,44,12.694771222365862,2722114.810794035
972.0876636278466,4,3,21,3.484639123559831,2476023.967447044
3270.1266043766122,3,2,20,3.112328898,3137489.6423268095
4476.281224814493,4,1,5,3.3385991685550302,3911041.5471404637
4484.825192682378,3,2,31,13.374551240195782,3484594.489641591
3499.7998045818226,2,2,5,14.980986508160408,2789953.0902320207
1529.4200584808964,3,4,12,18.412874395540427,2401125.459433957
4397.186057979037,3,1,0,8.024027818075995,3502785.3907323163
4498.811115378116,5,3,21,9.293190743592787,4423214.661
1465.2757737930183,4,2,23,9.444940818316667,2393411.988634493
3844.674777,2,3,40,5.470968265452685,3177590.941490754
1860.686015279341,1,1,29,6.631829827415533,1517379.329195677
4131.617374352891,3,2,21,16.951722697927448,3286447.151322214
4987.846759575852,1,4,43,6.940071473,3604794.868427047
732.1144234493283,4,3,11,17.395012428277354,2127829.881263434
4548.409809,3,4,25,6.174827458512756,4090381.2736741123
3339.5743478340955,1,3,3,6.863674935,2782186.5933293905
4882.883524325213,5,1,18,11.249589348400333,4191122.8932989175
2646.0418771162813,1,2,15,2.152224258150194,2269649.371499454
4328.506894514045,5,3,11,18.44903911660756,4204945.583029188
874.5339018324198,2,4,32,16.425956788906532,1713420.7332423965
2075.227820344501,4,3,20,13.443026167400788,2833426.3049285524
894.8727661053239,1,3,35,19.763687772592725,1141835.5457051247
4891.509787,3,3,8,0.4183872908033508,4262060.0659422055
4194.685191996082,4,3,38,8.280100297003225,3906413.508162294
4351.208653,1,3,41,17.181026860800316,2891656.7076294464
4727.047018309135,3,3,44,8.717043867502428,3833855.5499088364
974.4553389270555,3,4,7,0.20430260250448565,2512814.5355177554
2296.629407058667,3,3,19,3.239306900359484,2853201.4836264616
912.5535117936093,3,3,9,8.738041006496372,2101188.8538711946
1527.489646820126,1,3,31,13.392162432959196,1605574.4928551964
1609.2094189657585,2,2,27,3.3368199408579686,1967541.2287700372
2664.0717286093463,5,1,9,9.016056899937558,3171387.644410239
1781.6735367960273,5,1,7,0.3544919009373301,2913419.848483585
1044.3036699981487,5,1,46,9.602260392462515,2164779.545254141
1336.9607920140738,2,4,32,17.928897077159597,1914575.3725681622
1248.01248,3,4,46,11.975683827319441,2219165.4813725287
4881.537910814112,3,4,48,8.869047061420664,4088060.932
3940.887030441284,4,3,12,3.328960780317055,4008537.2177186185
4858.150447186073,5,1,43,4.128129413978582,4196185.553417781
2534.8581406347976,5,3,34,1.622548006394574,3529651.0282938248
1824.821319315689,3,2,50,14.873979766855937,2029603.982425043
4112.490067720421,5,1,28,1.6349920237386655,3948218.111489755
2035.5172393810458,3,2,4,7.740581691810613,2507619.9039586284
1917.2868443035325,3,2,2,15.021909400903821,2312878.152238007
1623.0263657144571,3,3,36,14.28517171832855,2210482.6665949747
1170.5875041866354,1,1,40,11.59289011504697,1018108.8678966956
1728.4374684737702,1,2,5,11.469023909108753,1674511.1741590274
2163.406893285106,1,1,47,1.897528797808931,1673425.7887906916
3565.5745158412137,1,2,41,3.580813908,2570843.8978666374
875.2853057655869,2,2,15,10.741414696433495,1512487.277058441
1526.230534527509,4,3,34,7.026798532286037,2617252.214722351
4159.704017283376,4,1,17,0.47684831175744635,3749987.960510857
1246.4564637685914,3,3,10,15.983517984295352,2118230.790302706
2107.6386446990946,5,3,50,13.110884015439183,3006274.5601450815
4404.499256175816,1,3,22,6.5831307867150235,3225259.930457925
1281.6713690311476,4,3,46,2.054283426118242,2534422.9340975266
964.0420767200355,4,3,10,11.864895136776493,2359396.0537288054
2731.9671783520475,1,2,28,7.036136414476237,2149933.7789908163
1930.64585,2,1,41,5.182247806462037,1821350.8867878565
3078.996803728958,2,1,26,14.45723813502156,2285026.5572683653
4136.741518127291,4,3,8,6.630186214883771,4060439.9528702875
1203.453348,2,1,34,2.8073649827785645,1540252.292384781
3155.0759720388537,1,2,8,9.684909582,2408512.7124875663
2824.2385457154014,4,3,17,16.586469186165186,3160062.8072387143
1233.946658458078,1,4,43,17.008209805572584,1526482.0512219048
3345.5933363275226,2,4,20,17.001928979526934,2997431.0066775405
1804.0178385873953,1,2,47,8.476304804089486,1562155.7413162251
2746.471001593655,2,2,35,15.83959080366475,2246116.603
961.9982268190723,2,4,0,17.019592282512654,1905280.1858636003
2622.1698517399414,1,3,26,9.244810382833665,2260861.6363176145
1948.4392593884095,2,2,44,6.44291384,1990034.271008211
4218.477329215559,3,4,39,14.069094481530815,3697529.6930814805
850.7063987884204,1,3,37,18.09893852,1143047.3471008416
2441.872009640652,3,2,28,19.445834453977792,2356692.2338450872
2617.0982661783273,1,1,39,5.875473632975393,1860712.578533973
3790.0267357161224,2,1,18,19.127804017021173,2587130.205621955
3126.8653303969286,2,1,23,10.035716709479116,2412391.249113199
3535.7342836543967,4,3,43,6.190090615589511,3593738.2476197258
4019.016856867727,4,2,0,19.769122393448228,3578798.8986692163
4393.693084,3,4,35,17.56837870496449,3735151.886053043
1981.0521855788702,2,2,22,13.87909012657828,1967617.2083621868
2967.299903601173,4,1,12,17.909350379420626,2830135.8623164915
4296.475545132479,2,1,29,13.661608666827842,2894678.517
4953.5849762462485,1,3,48,8.864035588997687,3324184.694447488
4513.884968592558,4,4,50,18.96618619,3992291.6786931027
2234.455955547258,3,3,50,19.26862878655025,2346528.3201469416
1458.7326757620617,4,4,36,6.352084436065793,2786997.5672640326
2753.3271645889904,2,2,10,7.152467157810278,2548287.1572426073
3863.222388078586,5,3,6,7.716136771,4211961.376718979
2767.3039113145096,5,3,34,16.460704439173103,3349110.7849781103
2725.9957985801416,2,3,10,15.843798451777737,2560794.8483588337
4288.213852759923,1,1,48,19.663990584646946,2375500.033
2190.1766278956197,4,1,42,9.357752172943965,2462606.188593248
4383.096569171241,5,4,46,14.76166517194514,4330987.8992510345
2389.9411241875837,1,2,50,17.148737349924946,1666668.7331996101
2044.2256649846934,2,3,39,4.502485718866136,2301736.0362193417
2597.5556092786755,1,1,47,12.449053007481483,1679469.6625940255
3954.7666181694212,2,3,20,10.999382760304256,3222068.571982943
1154.408922601575,4,4,46,14.882257399507958,2414232.231414946
1464.2445498368766,1,4,2,13.939016854091618,1908014.8559409233
4786.357232917605,4,2,29,16.274572955947583,3887360.0754441684
1372.1631604779725,1,4,23,6.291789287994132,1909918.712583421
3098.000199,2,3,37,4.405492194304522,2840563.173666547
3148.9836533125267,2,2,2,16.12345474505776,2606695.6498594256
2754.347633021077,1,2,36,7.275212277441876,2116342.4890660183
3436.8790937380018,2,1,32,5.822713802738911,2606658.1889185403
1611.237593509521,3,3,21,6.802688657984703,2429237.941699384
3031.7139782176923,3,4,30,1.4204444219154464,3402121.0187748545
2237.5623230863475,4,1,45,15.485572488529623,2348742.6298768986
3511.335942368432,3,3,11,14.331677204947589,3278707.3451895816
1221.3835908418575,3,3,44,11.098579831191925,2033393.1169014077
3111.8606340936954,5,2,13,14.350091100153465,3468601.413148096
1415.1895636866243,5,2,11,7.525350018291074,2766760.699581808
1826.0294777061602,5,3,26,5.9778446145965525,3128130.7646654667
1562.3231214237662,5,1,12,17.25978969,2440638.685055638
1404.4862314227953,2,2,23,8.506845948755203,1781779.1148406107
4233.128186866935,4,2,37,3.998652218515333,3816263.967167478
1857.1132977079176,4,3,46,15.005973920685593,2563110.0885445643
4679.344640203577,3,3,47,6.783849900295232,3833668.240200201
4867.6767115188395,4,2,8,4.315840888,4272194.456105646
3113.546067723228,3,1,7,0.6415641265462512,2973614.669435006
1229.2049397291962,4,2,36,19.41497498980101,2010975.888172895
2248.0122708701574,1,3,14,9.399058740560564,2130697.878728185
4110.021958732142,1,2,6,3.318981673255999,3023304.264005268
2216.519206,4,3,23,15.180442075059517,2854323.679736682
982.8757605322705,2,2,48,17.76425745,1260825.6494080266
3049.8536080840267,3,3,15,10.606563052717338,3102468.461091984
4318.531746582553,4,3,23,0.6643532298123889,4195651.7267993465
4102.076103431411,3,1,42,7.366344931884787,3158384.0711823273
1370.5418165735543,5,3,6,4.9377225490720305,3021189.3754096543
3560.1643034148537,4,2,42,12.764309650133692,3279468.8768090704
1570.2187591168472,2,3,27,10.425270254858885,2006276.892565563
1560.1131520295578,5,4,1,7.179163190280139,3296146.230313494
4445.915802542815,4,2,33,13.005252247623593,3762525.7744232533
1698.5433920570126,1,1,37,11.730142713758188,1294341.76
1758.2883246792492,4,2,2,18.139153476759212,2471034.010908758
602.8749193497181,1,1,0,11.976378750373652,926582.8027717033
4430.943750152278,1,4,30,10.20346650576147,3326075.463065227
4087.4171781201926,4,1,22,16.491034674665837,3368560.8136710967
3360.2473143989832,4,3,19,4.128151418286801,3667233.5469380734
3901.1693613309058,1,4,15,4.946935894997341,3241318.8808698235
1269.013696667764,3,4,45,15.69310538864901,2160317.6586652193
2616.623816185332,5,1,31,8.902769517943536,3039929.4358381126
2145.3653043346358,2,2,16,8.243793656,2192479.697158821
1012.6167155308725,4,1,17,17.752851294108318,1830924.249987587
2738.974134945666,5,1,3,12.241169782432056,3174336.5899285097
4651.254461507596,5,4,34,16.077891893956384,4498742.310978987
776.2601238230557,3,3,39,16.215793525132757,1733487.1095131899
1882.4280193726931,5,2,35,2.4885305004041953,2981116.3177825804
1513.1801193050953,4,1,22,13.10867769,2149089.4239619235
1647.845276129064,5,3,14,19.055075140251013,2837494.0533638294
4597.112028269251,4,3,12,9.652539083598734,4210178.150566968
2659.5038386308765,4,2,13,14.670430267894469,2936016.232061866
2651.717416935203,1,3,13,11.377984708895804,2297971.9323940026
3946.532826803242,3,1,36,4.176434887395333,3174410.633758032
1279.7656976216736,2,4,4,3.984353549806286,2304868.6959190285
2743.9675580402236,1,3,21,8.733279987200852,2356991.0973804123
2491.934942132663,2,4,27,9.711512418807533,2681410.1407944984
3226.407038405287,4,2,44,10.112335608664777,3155629.7251336654
4998.053894,1,2,3,19.104515074300792,3166609.563769267
3985.5751339610074,5,3,49,2.095065428335782,4170559.1765181054
2350.6090932766797,5,4,37,7.672482012526788,3501527.8244921216
4241.233430005806,2,1,28,10.339493958908301,2938499.753929055
1351.1167985749128,4,4,36,19.26594351407795,2474912.447110215
734.0402197594245,2,3,34,10.135864858440062,1558975.7308152283
1499.5728388428015,3,4,19,15.52798683040579,2408899.6009176024
2097.8108469027425,5,4,34,15.01063435004016,3243365.654554886
2846.5553328220635,1,2,34,11.372236583626593,2090505.8528428173
3306.568218381279,1,3,19,2.700991729521068,2768937.1927045356
4606.665155743455,1,4,1,4.453298328,3673939.5294126575
2843.357642022014,5,3,17,4.878791146567874,3703775.9161839667
2805.6128363532093,4,1,29,0.8693269883371637,3005092.7965141786
821.0692432211214,5,3,41,7.646438396170035,2517278.771791477
753.6108316873848,5,1,28,12.249223075287071,2056493.8724422683
3025.103832432037,1,3,38,2.970899344905684,2527806.8474222226
2527.985898292716,5,3,21,3.583216594993388,3552001.5353508075
4292.393737913314,1,4,28,14.169027935212565,3187489.228356723
1306.9901727321187,4,4,45,3.468142437370017,2723805.155722976
709.8753133150183,3,1,9,2.793177994617235,1718747.0148694816
2575.7705788925537,1,1,19,19.559053540482918,1666377.1367409357
1644.905649709933,2,2,15,0.39323208679620564,2104261.101
818.3032426908848,3,4,5,6.575622570151819,2317312.088046723
3788.2324621295675,4,1,16,0.795239562,3562884.357935625
1091.009199811889,3,4,5,16.777159052532255,2249634.3369596167
3276.6058000341955,1,3,21,11.71236071392466,2563728.603842922
1836.6189007343123,4,2,17,1.0542418725870706,2776897.5310197324
1363.3826215620968,2,4,31,12.345706865141285,2044450.092
2270.906700844997,1,4,27,2.549618213402406,2414133.904258768
4126.361415380996,1,4,41,9.965078893668911,3123552.0479214373
2325.2117383801196,4,4,9,13.42131699939599,3213852.4473064574
3903.3864565286453,4,1,40,3.0552899533972164,3455260.3473006957
1152.139705916263,3,1,21,9.991303114144786,1735916.7087795532
4000.1942465263483,2,2,27,9.202477488633194,3045720.4915948277
1642.506629589254,3,3,14,18.32343449077325,2249457.5430834796
3580.5297715110405,3,3,42,19.914457752048573,3046648.6488188663
3089.438841300384,1,2,28,13.124041487971542,2206911.5089950785
4688.236755731425,4,3,6,17.111697196846492,4136557.3520330996
2304.219079091382,1,1,49,12.972950952994976,1512323.4385901086
891.1268309,2,4,33,17.538096483076636,1694474.4038785535
684.2841364255128,3,3,31,8.722113832776126,1877372.709661551
4238.177668280114,2,4,1,12.198998170889354,3634781.788826587
2908.8368057103016,4,4,25,16.918873510753592,3355713.8507443964
4011.073828073777,4,1,44,18.369905832396256,3182811.715493281
1631.4726400506647,5,4,10,0.5911863930119475,3418585.510269411
2118.3684802582284,2,3,24,2.1686585765221364,2460483.986702989
732.4570377298033,1,1,18,18.630324020628724,768294.9565566445
4830.566228126094,2,2,19,11.413324517717173,3456689.541813021
3538.618789483579,3,1,32,19.804822669283872,2677885.8594604298
4706.102386140948,4,3,16,15.873397550066052,4120256.16
1768.1841926879183,4,1,29,16.38098965648857,2176145.221318505
3290.439889392908,2,3,17,7.783837902255042,2969216.1047556703
3585.3998604876065,2,3,31,5.225073618,3097871.375989791
1997.218681133389,2,1,39,12.005357562239416,1728175.1074262236
4331.680634068773,3,3,44,17.59273876283648,3458658.459881974
4767.510437,3,2,3,14.541400323295447,3742600.1300189537
4493.362517862419,1,3,31,9.496285289461506,3166428.4712462965
3851.894694133239,2,2,18,15.088689473216663,2898846.475706604
1820.8445907897978,1,2,2,13.838912701831136,1688316.9594625935
1839.1105852647797,5,3,37,18.26972335560809,2833833.7436245456
4838.7854099625665,3,4,27,5.344788740316917,4242169.848279262
645.2517821,4,2,37,2.4742980392144927,2052812.848
3750.6198822654355,5,2,5,9.454018143,3925902.4963740744
3707.4831152431534,4,1,39,7.285508136156808,3277704.313002758
3339.833980179109,5,2,16,19.49973682663287,3464595.1716612144
4956.478922782209,1,2,41,0.2493333345584467,3332925.712804253
1972.269517360391,1,2,4,18.674322933397942,1657321.218116554
2095.876200690292,3,2,18,19.106076527749284,2240489.487894478
947.3333729648444,4,4,42,1.1140716976922753,2606058.170632894
2548.311800792445,5,2,41,17.80244003779877,2977780.0177445645
1748.6135154333315,2,3,34,9.468498908665712,2079609.6976476687
2110.9014895816345,2,4,21,15.34639965543194,2408195.6697864956
4272.115877124762,3,2,23,1.6771850695854538,3652187.1552749895
4716.131859520981,4,3,9,19.10859132,4095567.021405812
1417.2255168228169,2,3,1,12.190214653575879,2024481.3834442082
2239.0392988352496,3,4,27,17.98401663605892,2689512.234800764
4685.974473307734,3,4,40,13.491965574777947,3937820.843262626
871.9572270325796,4,3,36,10.782524851722522,2205001.0345861567
1006.3863236900654,2,4,16,3.5326641180960103,2117212.7975874296
1316.2803525074091,2,4,5,3.641287191155129,2324987.350534919
3218.936470158249,2,1,42,9.504148809865281,2374058.1769861365
1262.0779924263888,1,4,4,17.421800091263407,1727275.9124922436
4859.5360783832275,2,1,38,2.392851689848939,3356583.9234989528
2565.5439199374896,5,4,6,19.96786448,3518087.588522016
2806.6790255407323,1,4,31,17.530653904379836,2362399.3527870867
1685.2979095437886,1,3,3,7.911919536226604,1934083.4821516795
2672.2251107128272,1,1,20,5.137054782079526,1998044.3778191404
3512.4199836028506,1,4,41,18.447722293796517,2646928.4640298127
3905.1794025977883,3,2,31,2.5519112228090504,3411224.394947031
3917.019563923617,5,4,17,7.011069714841374,4397961.305769299
3142.7208958539886,4,3,32,1.7698557350304736,3540636.2513307026
4579.183009972971,2,3,13,19.073899366651084,3407786.4357577814
4196.594528146881,1,3,5,12.390696678640207,3090156.248604954
3931.011704673952,4,1,10,6.789974929,3544379.2718612645
844.6642953940268,3,1,45,5.582114990870844,1550362.7659839138
630.2630337664569,4,1,19,8.937476441506192,1806054.9061574219
1534.768019660081,1,2,28,1.918431692,1653688.294085464
3519.503813,5,1,34,17.798043711618433,3298463.950481544
2409.2689510832015,4,3,15,10.267713501319466,3088953.123619529
2370.5875409169716,1,1,47,14.529452681197753,1524377.6349388482
4492.182308,1,1,6,4.751542249719199,2985733.227215084
4540.476532,2,4,39,10.12461029144609,3637418.9781654407
4600.3711618357775,2,1,35,4.300614112906421,3203846.216764078
1981.0635366661202,5,4,43,16.34028283094988,3113399.0298183803
3640.6455760527515,2,1,43,15.527972695836677,2459436.2522139596
1795.1859976072265,5,4,30,3.049226251508349,3351281.391877764
1438.6832655275791,3,3,41,1.5826873246477182,2347360.8043751526
1412.3828123284245,3,1,43,16.50151505743892,1625834.0231197511
2105.2735317998136,2,3,42,2.281993304311349,2361669.8179179975
2491.8135270312155,3,1,42,11.014831215638175,2280283.0573071614
4256.176352642301,4,2,46,10.736297228834998,3648035.1498487685
1127.5208112799332,4,2,5,4.138586955829905,2420661.5846276856
3833.6737285375343,4,3,28,11.867993671107175,3704149.908950941
2938.4016224329434,3,3,26,10.104828628545604,3001777.156749877
1866.959507774367,4,2,42,10.232865525225463,2483495.361486992
2768.406171944428,5,2,1,7.258029530850915,3498715.4134595133
1919.7451070188997,1,4,21,16.78472828281083,1983850.9059575505
3222.7606030485463,2,1,8,1.7789742010781628,2700473.7356070275
2508.9132605630743,5,2,10,8.828598652,3292557.575342084
1323.3843279470664,4,3,15,5.270345527473941,2645958.171528372
1112.9655280450656,1,3,44,16.98382171404741,1261479.2478459019
3005.4610011173727,2,2,12,4.579101632645815,2715821.3860100876
4570.6173464588555,5,3,17,15.36379398895942,4357705.711554557
2113.4138208538166,2,1,24,12.269154915604831,1855996.7302191288
3825.200471779542,3,4,32,17.508326082062585,3467106.632352837
3498.1099617349746,4,1,9,11.916499464129432,3230397.9096892164
4698.841622961716,5,4,29,11.174038891429927,4645612.951756576
4212.316476,5,4,50,16.042485797672107,4199981.440208985
3093.063139184037,1,2,48,11.29348068331478,2145334.8740300406
3490.9341922300723,1,3,0,16.906386973702755,2672012.274745298
4552.900452969753,1,4,32,1.081428793,3559494.5687251654
2357.882652182513,2,2,48,9.953482088,2104544.6024386855
2037.8967057742204,4,3,14,16.27256111621708,2788170.0486670863
647.568768,2,3,28,16.98246642361914,1408807.9736293664
4236.824726442443,4,4,1,16.697702010446406,4144131.2411166104
4124.315081774806,5,3,10,12.127188260270117,4234286.6937863175
1059.5998796406661,2,1,33,19.880029708588022,1131872.2637528898
3138.172476983881,2,3,40,3.7095875253330557,2859567.406089597
2641.5194719343044,2,1,18,3.57170583,2323998.537475231
1122.3200202400903,3,3,1,0.7531712230377144,2405769.503763608
4914.5001990671835,4,4,47,19.787809807486887,4191166.8214881714
1544.661904838764,4,4,19,7.025608100357849,2901491.7085165423
895.8303924,2,2,40,15.264878172821522,1307290.5508471215
3217.328469808402,3,1,30,1.288235224232041,2897572.4485238777
3851.013379385344,2,1,3,6.043893315966133,2954301.741477667
742.7511626076226,4,4,28,12.514562093758542,2345757.2575329584
3498.3576103988976,5,4,29,10.543123912375373,4057989.245056259
2942.0842541863994,3,4,12,4.234189969948128,3391031.2457985547
1054.366039050213,3,1,14,9.285698964564338,1736141.958338137
1359.105058563993,2,2,19,2.2647616382497353,1903930.2146213192
3099.0869081907545,5,1,33,10.899799097765127,3231220.390244392
1903.973499458469,4,4,27,2.0291347167958955,3141076.9734976343
4728.589206065791,1,2,19,12.75511561,3078865.2090285267
4202.457009729824,4,3,49,3.191615803796214,3957069.106893305
4927.695708660117,4,3,24,10.98700925613238,4288780.587311729
1742.5516913818215,5,4,26,2.669501528482066,3352558.733225587
4866.783984311099,3,2,29,8.074137630063522,3791582.1576585965
2497.4290270828546,4,4,40,7.101447741250535,3271358.4768207343
2129.0826993805204,3,1,19,15.152572926677081,2131162.809261036
821.5379186651543,5,1,0,12.859116727823803,2218259.5428804182
832.1671345822515,5,2,34,18.748067526019508,2135795.1348750526
3644.8495261652806,2,4,48,18.446021973842097,2978177.2417101157
2614.887575509723,1,4,42,14.527420968371121,2271568.286491757
1596.6951545588652,5,3,23,15.434656237736856,2839327.370629013
3301.4693478310237,5,2,24,12.535757089883981,3544692.45
1712.5757203004891,3,4,39,13.864098291819916,2448678.8124181638
3141.5797191154593,5,1,11,12.382725135805225,3332808.2749459427
2180.5184867238377,4,4,10,6.304124122897685,3278849.6790082827
4223.629797092004,2,4,29,7.078722692506948,3589913.3628001804
4211.063107373829,2,1,12,11.53720317659548,2979460.4082593224
2700.341751738566,4,1,46,14.431520855156842,2596213.3768704636
2143.6040810740687,5,4,24,8.181769014718945,3452839.578346973
2195.263104860016,1,1,24,2.9390892364524155,1783522.685805277
4145.143912940159,5,3,16,9.242401650216873,4272396.842
2043.9897243094929,2,3,11,19.26743762864761,2146319.0276861116
1519.8612443101224,1,3,50,4.360328671555746,1687396.9668282636
972.6287042513501,3,1,10,13.01647483,1640657.7736195961
2653.449731891397,3,1,9,19.65258178345691,2353346.148380878
2721.381235247304,5,1,16,7.587130617,3193620.9233826394
4299.998325772792,5,2,44,17.76888381594789,3839294.4046717556
1573.4502643626815,1,1,15,17.293773471802822,1230522.5808496017
2276.3616041409596,1,3,19,6.846994684601551,2170913.8264827663
4156.985251,5,3,48,2.0604947698039013,4261955.648274359
4223.943887295483,2,3,4,3.652929175879022,3583586.278234479
2292.288734,3,2,40,7.378408644218963,2463249.112373228
2620.145702461396,1,4,31,19.18677274801093,2236010.3143747966
1934.4579197368448,2,3,26,5.561557886457131,2290670.720243597
4703.241465044973,5,2,3,18.544608443950597,4230401.481747791
1122.0325692629533,4,4,40,3.709157243780578,2651506.0578601826
4708.497461206468,1,2,47,19.39926727125491,2795936.303282453
3609.012388,4,2,6,5.942730254420143,3620324.5070536695
2938.9174718216173,2,4,45,12.69853604247999,2755160.9331655265
743.6998674517819,3,1,13,1.4868553669636067,1741785.7444909362
2692.6232440168365,2,1,38,6.063317006627564,2199718.1999801844
2394.091662012022,3,3,23,4.293137086929839,2860856.0073717316
1309.3627726905393,2,4,47,0.1679917068094554,2180994.4703133977
3488.2022554028904,1,3,17,3.2197187755747514,2859379.670294268
4873.063992420458,1,2,37,11.902762631760098,3078149.6616793447
3073.6307686839104,4,1,38,7.859411446772711,2954300.0735108186
3744.9144163533615,2,3,50,14.479162529291555,2897546.875695167
901.1819912904739,2,3,39,13.454384546109441,1551176.2228273654
2437.734781594777,4,1,0,16.00606022925758,2663419.1043165545
1111.977334723782,5,2,16,17.35379795834932,2393585.626299222
3296.3016763606456,2,3,25,16.414527512160866,2759533.206041423
4729.321496,2,3,50,9.016410710395855,3499005.4519675407
3511.8220228752093,2,4,21,6.243681834273603,3290710.293
937.9334125834547,5,4,38,10.095819013072585,2741723.2441345933
2160.5313019343644,1,1,17,10.749057282097036,1644957.4234295588
3022.9188695397465,4,1,37,6.332172887143591,2964488.8951313193
2374.1141269863097,5,2,27,10.846130248281389,3099807.376631845
4268.033646090758,3,2,20,2.2050150780761686,3654589.4395881733
4184.552420723952,3,3,37,4.697731720804231,3677994.494050209
3292.056488454174,5,4,32,14.946356929122055,3851774.0237489636
2243.214958583903,5,2,29,3.7383613436424263,3166513.1705234204
1723.4800445582741,1,3,41,2.866853180043663,1864075.876782581
1065.8470001377689,3,3,7,5.818129507283192,2246233.828027538
2161.5498073408376,4,1,29,7.483877423548936,2550770.273303758
2417.959075713966,2,4,38,6.638118820519486,2650890.0795509107
3573.620870457924,2,3,8,7.554647158801654,3160390.4101572465
3495.903226909323,1,1,32,2.8842556236624057,2394939.419085731
908.4758144215306,1,3,42,3.391363644,1441083.5524413164
2339.1409878970944,3,4,28,4.793116093991732,2998381.09
1399.8270157563925,4,3,30,8.099641147320915,2552593.603036096
1289.9759033939451,4,3,2,6.784392122206888,2663973.027357152
4240.129458843882,5,2,49,15.847565135389528,3822786.344818468
784.4269535515332,1,2,37,10.55780647393521,1060730.2654013797
2444.404653969334,2,1,10,11.556450438218095,2105746.2363246223
1340.0960853726801,2,3,4,11.255799394637611,1989604.972897905
4469.052948985286,3,1,30,8.035623665389702,3388486.9192891666
3050.9782584101545,2,4,19,19.61161764585003,2802929.694392394
1618.0748000581314,4,1,3,0.8428426651953369,2541853.4648294766
2810.680063532056,4,3,7,4.395171784384573,3447109.514182654
3818.5399826937096,1,2,41,5.764628503235956,2653650.339386453
4815.719239245509,3,2,34,17.637831526763044,3549775.907191811
1569.9624186798433,2,1,12,18.385495802502682,1521944.2113941852
4499.199797369119,1,2,48,16.937466014306484,2735523.4965027473
4710.938102336957,5,3,4,8.397324523366413,4632195.4788054675
4632.2503959410915,5,3,39,18.301015405829517,4219777.807958273
3395.8231701924033,2,4,18,2.060311114815687,3331378.2809042055
3371.2108795127137,2,2,17,13.08345053561787,2703609.3471483174
2374.126786,2,2,32,18.75075317387234,2016721.2476312805
3910.5506821366666,4,4,3,15.122506817434818,4002498.122823954
2937.6936807441007,2,1,17,5.629556655184501,2435928.6253726776
3580.7275134044958,5,4,45,14.378365773582885,3942469.359334908
2485.214777,2,2,23,5.965791054297007,2372964.4854857274
3818.584441789812,3,1,42,2.3204840727804332,3117555.457543615
4227.674677460016,5,3,28,14.37270852,4151056.086368489
1244.3195290523909,3,3,30,3.666610209907537,2263500.478432362
4264.890748526604,5,4,27,2.310192282,4615914.446718973
2977.304739877352,1,3,8,11.08002508750487,2491724.786292896
4316.529999996987,5,2,44,12.450442652723973,3953929.065048331
2497.7275079004644,5,4,25,1.1160200606828654,3766216.2708408926
2267.7781356853543,3,2,48,0.18893087118282023,2554783.3685233383
4626.267223075779,3,2,46,17.65319957482372,3394742.5381457326
1705.1447772129657,5,1,1,2.3935259631645542,2864374.7874475094
4314.534231259029,5,1,5,11.719571250713141,3962548.608719569
2729.690519041378,4,1,28,19.075570323675738,2608006.771151492
2862.0199472255426,1,3,25,10.287011306617357,2364942.6655847416
1957.2604385537297,1,1,27,2.881980382636436,1650663.5297284536
3121.385682723669,2,2,6,7.930341614120087,2736758.9271837506
2030.9292636153298,5,4,33,12.518438742105205,3264768.7750698784
772.7854226632702,5,4,44,15.28050877767719,2525455.4538824083
1796.7938635151665,5,2,9,12.178066091953555,2874508.528
628.067791,5,3,47,0.7828831165837881,2528049.151267141
4904.7610630501695,1,4,40,2.9477470187723673,3658098.509253955
4849.287723206889,3,2,39,7.498853607,3744339.7075673547
2338.6833088781423,4,2,46,14.143702337986976,2621140.525783649
3804.8317590944425,3,2,21,11.72812670144937,3227526.2636225517
2121.5468330058698,3,4,26,0.9894301735813157,2975657.731135626
3552.8098911782945,1,4,38,15.958029561317375,2731917.2724671173
4143.892189402308,4,1,21,12.14197618397971,3488779.4891258776
4765.7274766458595,5,1,18,17.754285706468334,4002450.942297881
2360.934013738557,1,2,35,8.411296665,1901913.9916650946
4046.5111250066097,1,2,8,9.855015438667195,2850828.1718342784
1770.0851827813226,4,2,18,8.170460315744661,2596306.303180086
4957.462136692053,2,2,1,14.47684513722945,3548867.083705755
713.3862345631451,1,4,27,15.067404031645188,1385017.954752986
3255.526748604932,3,1,38,14.492523641553394,2612585.8195757153
3501.826319265839,3,3,21,5.902826067101317,3392529.5563952103
3627.400451126167,5,2,50,12.757027587158746,3573232.5919242264
1129.7053466719917,1,1,5,6.836710506262497,1267791.3813150635
4729.531047281774,5,2,46,16.70058819610124,4065426.6778231794
1397.2064278203643,1,4,6,1.1968116295963223,2109339.899422573
3340.1149742553007,4,3,5,0.8506429785796071,3792717.545660376
1579.7747481415738,1,1,32,2.1239976483976024,1452080.3392071521
1951.752234893592,2,1,13,4.127027569817475,1993008.4841547639
3004.417583603747,3,3,0,0.8489436457901862,3349902.836990387
2435.6510416841365,4,4,24,1.5251721153058053,3431994.9966402696
1304.9926442966278,3,3,5,6.1905242054194805,2368358.7561442414
1352.1201706517325,5,1,27,2.085834567526589,2564016.3120796517
2439.8370679163186,4,3,17,16.06126815582834,2978366.089
3932.0451044122033,2,4,26,1.1719610403165508,3577256.2495040884
4551.0444461302695,3,4,48,18.167795993020174,3736839.2213090486
970.1617139412845,1,2,1,17.429706924425382,1196159.636586452
2329.6571932613647,1,3,39,4.246848881024736,2149564.5371145047
1041.0804803806573,1,3,20,1.5233883501072216,1654745.3912925015
673.0069147834307,4,1,22,2.2001473985988893,1947173.427524055
3511.562203633409,2,4,1,11.225855909619433,3290936.9017286333
3250.7775446529863,2,3,15,12.058223225699075,2873897.225916829
1317.2841007854993,2,1,3,6.380097442908469,1680713.0196388976
1628.776465609482,3,2,33,6.006989999106334,2193921.3509269315
704.3141160358808,4,3,4,10.676875242879063,2283292.471264676
4273.767705055377,1,3,48,6.1819980769370675,3037916.8090932644
4888.6386226136265,3,1,33,18.692957942313477,3370133.0705648614
1196.0219618966396,2,1,21,7.7143724001714835,1503396.4510492072
1618.4909405673118,1,4,45,4.4742936006131435,1959432.5163757103
4421.001905,4,4,19,3.0047004460858897,4420079.861865855
4676.440711007213,5,4,38,12.670993048515811,4559473.412637607
2446.3604843499656,2,3,46,6.600566157695855,2425841.8371253833
822.7388779839262,2,1,49,3.8570171684370163,1253902.0137275402
773.3240682484054,2,4,12,5.588728940236366,1979560.3734237924
3125.379410703646,2,3,43,6.226843303903015,2787825.7573780804
2328.738479129988,1,4,33,12.554086072113128,2212960.4362270487
726.0706813416799,4,2,43,3.5761618550751066,2041185.021673655
3166.310526,3,3,5,14.682794925802876,3129172.2826758847
649.7311609916989,1,4,28,6.167157134778469,1526195.3559045973
4064.436615856801,4,4,32,9.817360853572424,4040544.0089612696
1948.3044198948348,3,2,0,13.131296296355318,2376199.2021246287
777.1352132406213,2,2,46,10.918040133175916,1304879.7220611095
3188.749772325875,4,4,47,13.278447484903948,3458478.854569176
2349.8114235054404,2,4,6,6.519650526,2779185.619330703
4884.721818771458,4,1,21,19.272653393373503,3716580.7596225766
2994.4741150162895,5,4,31,9.233895460017793,3822232.066412106
1811.0523965628365,2,4,13,6.506478834987853,2475069.539685979
3721.5310043894888,2,1,50,5.9982398286283605,2655473.6237264946
1794.5648111879298,2,1,23,0.9496298961672993,1927962.725774936
4578.670482193286,1,4,18,13.727636793546056,3389455.4233300397
2248.776670232456,3,1,26,5.324054015165013,2352580.1729172454
3019.421676215303,2,3,22,19.182711105819276,2580729.534095583
822.5216568,2,2,44,4.287850432998154,1470176.7378576577
2474.9334469898154,1,3,20,10.636874754338876,2189402.146512448
4262.399574508378,1,2,43,14.735866926705041,2686155.3668244053
4144.854743598705,5,2,28,17.415294366938046,3848794.4025649093
1587.0016589555155,4,4,0,3.2135717671623056,3093902.312238829
1594.7479124464758,2,2,30,19.70949065589096,1617857.061209736
4196.143373738242,4,3,26,18.144304807821868,3769858.5088170012
4693.753048745032,1,4,43,19.26071034792789,3211335.2355182758
1019.5880536012156,1,1,35,17.06814811487863,858103.9826073525
2580.258013475391,5,3,26,17.565617637867934,3273489.5720846546
2084.7988274426075,3,4,14,12.016695426671943,2796738.423292182
4431.029204012733,1,2,24,16.921670256035906,2821754.1149899657
967.5096245920826,2,3,47,10.726865821479612,1598890.4139707664
1528.9541472553647,5,2,14,10.810521695201981,2742939.5578279602
3910.860685380575,3,4,39,11.29534382882975,3599196.3842180097
825.6929355173486,5,4,18,19.92672670557076,2588984.8517515766
2767.155675142873,1,1,46,2.1774573187386954,1974701.6093009799
2545.270952590768,3,1,49,16.131638572066812,2169675.622958365
2071.3651875504943,4,3,10,5.538919210131135,3039577.127676942
2336.1181874032645,3,1,40,7.288418943695071,2286963.6329320483
2931.7385824930248,2,2,32,1.7026118203899572,2636489.9729430308
1310.0163769088858,4,2,40,7.096318249542985,2277754.7415679004
3116.7818644478084,4,1,22,19.816177673020494,2816740.2968678116
4143.902249,2,1,11,8.001678310377905,3021590.4763567294
3944.708091,4,1,1,13.426789607447708,3463491.1714937133
1277.1595806526043,1,3,42,2.5021924444146033,1643208.8595423275
1256.6976668624852,3,3,20,18.45769447399867,2023867.8620555864
1779.9672180776186,3,2,13,16.572133060941294,2158213.8659243006
2188.728795900564,2,3,33,7.787256653519235,2338292.1829842147
2397.2045581973234,1,3,14,7.034420320188033,2252586.790799218
3590.667754066719,4,4,20,8.702113369918875,3885964.5277392995
849.3939015296758,3,2,22,8.085037838804523,1817669.1120930647
752.5598985946921,3,2,20,5.235211014483037,1836248.6471120028
2324.4064769531997,3,1,49,19.817840855903654,1985519.3394628437
3667.520245407114,3,4,13,16.229874468524304,3508835.551437388
1451.1155090085233,5,1,20,5.431672864200247,2581597.215324574
3422.6197175275074,2,3,11,19.636323540435882,2828256.3060593535
1743.2438069373177,4,2,41,0.40904974713289816,2623113.826630318
4498.778878779472,4,3,45,8.814162970915403,4012779.098075745
4541.035754773113,2,3,46,11.432755421518227,3376535.6870605093
1908.0636988378365,1,4,4,0.8479737800217285,2381745.291922801
1611.9725174382581,2,4,1,3.304640095005648,2499566.3749233335
2409.7374770914175,3,2,21,5.236808535487408,2659805.485940278
1658.3389747926544,3,2,5,14.43251844835523,2180192.037
3558.488910483496,2,4,43,18.800896224418977,2952899.448857686
4234.6846120124565,2,4,1,12.528248228671837,3626450.2595371087
3561.6053760093546,4,4,28,11.29696566110481,3779536.2928868984
4227.141967897138,4,4,35,10.78150648751836,4087613.772302519
2346.7655137128863,5,2,6,7.079002631238932,3266475.622335982
1287.7946711189877,5,2,15,16.571515488130224,2502139.943901207
3846.9841685494052,3,3,32,10.861272020901557,3410939.561960989
2186.087822622837,5,3,32,4.679053268542082,3304135.764044895
3553.591631008183,5,3,13,2.8229410424651546,4120009.912759106
1790.833344719769,1,2,42,19.711699045751192,1355855.609549178
957.4103931493597,2,1,11,0.4477169789378364,1579423.7751002403
4967.359900146159,4,3,42,18.675456596797115,4064843.736241455
1287.2866348946368,5,1,5,4.444235693488188,2594431.521681872
4949.052373439316,4,1,11,13.185235700364787,3920494.391
4900.031703292369,5,1,30,6.100497259402812,4242678.824562445
4092.7996571953745,5,4,11,17.21022719640833,4311868.202773838
3501.461033160789,3,2,9,10.914561911414008,3152112.196456432
3142.351021104773,1,2,39,2.907049344036409,2382707.4417759757
4410.846799662472,2,3,26,5.469716508937099,3530701.987756812
1873.533895125747,2,3,50,6.474339614038213,2121953.073386426
2657.797334933459,3,2,6,17.72985505136294,2608974.4845437882
3325.3158652126085,3,4,45,15.358094532249781,3195168.960065626
2409.2380938257606,2,2,35,16.608787520956255,2062116.2145980727
2480.940397997179,2,1,32,1.139818538044904,2222346.746342009
2053.252537009171,1,2,26,11.617765888917946,1728943.868830544
3082.6199934119586,5,4,7,19.983620917241463,3771310.4964654674
4342.527923266511,1,2,4,15.725472817160952,2901427.4233943536
1486.7248632277765,2,2,7,2.5020828596592986,2022993.6925250194
4711.505370515142,5,2,39,13.608481531406238,4153255.9727337635
3631.9856764922106,2,1,20,14.931944035814146,2582026.876
4222.402135792133,1,3,23,10.33354228283603,3054203.1403436633
3047.2390475720513,1,4,6,1.6671876406914956,2924948.689076513
4029.8734862658794,1,1,18,0.7902560806065031,2773804.539625127
671.2817482936557,5,2,30,18.76241297506307,2075065.5327498838
4200.873869029955,4,2,35,5.2245279130245095,3785619.294358805
776.6109799756127,4,3,26,7.641465727667156,2270149.0935387807
4515.618855996595,2,3,28,15.926023065611547,3363961.8847903837
4964.636087850031,5,3,22,13.816288859677119,4560665.185
1893.8968335778225,3,1,19,19.374457430683265,1929132.1862795632
1525.401647657492,4,4,5,1.9475000842022339,3063423.740249019
3967.598800975379,5,3,11,14.167699524176621,4110118.328108474
1713.3159000491141,5,2,49,1.736354170275624,2841603.7847233624
4408.474485957695,4,4,11,0.1032933803727778,4511844.293475709
1052.5074054928975,5,2,49,2.4925815011361725,2496074.9908280433
1154.2028640691763,5,2,2,12.37284438075682,2584317.4625237696
4908.266842442708,4,4,41,13.556235716591084,4342681.625
3564.8911523880206,1,1,38,8.822963460950724,2280659.225079313
4326.303787487393,2,4,34,1.016807123774742,3737488.669372519
2027.0492603466791,3,3,18,12.717781881984365,2533841.9106379696
3576.5284978906593,2,4,44,1.807767803971152,3296781.810970224
3214.664040157828,1,3,3,2.9203540021513144,2798597.8581402055
3253.8605285409667,1,3,30,10.300256126939455,2535598.059836012
3603.1428219659747,5,4,41,6.873428102,4123775.7670403155
3131.5803617680335,2,4,37,9.348603152799177,2958491.0359323504
2487.874425,1,3,32,12.73803038218113,2093849.5229265597
1814.0598552744061,2,2,5,3.2841400196117956,2181020.0453492845
3981.757856018089,1,4,7,17.872426119851056,3063103.3237163406
1595.5986920140192,3,1,27,11.233653286460177,1902799.1983821231
3646.3589470794223,1,3,14,0.5396561830725833,3007059.267982577
1626.6644196570373,2,2,30,12.606211550503833,1775880.8969227595
3351.452747799597,5,4,7,9.317260742,4119054.077158044
3887.144375367727,2,4,5,14.062618318369537,3401992.739
1562.3411111887724,4,2,28,15.702269096457139,2291798.0917695607
863.7505237897565,2,1,50,18.78301258245959,970887.9283500037
1176.284469174366,3,3,45,19.96708130607249,1828473.5265700505
3266.3866559925123,3,4,33,11.037378170081395,3312118.6826989455
4337.564187393236,3,1,6,11.274016227255649,3377974.6872558226
797.9860134358672,1,3,39,0.546660494,1457732.7149339595
3830.2655397832436,3,1,9,17.31689242237798,2988467.8395483796
2101.8020421802294,2,3,12,0.6714880714961684,2542144.1777645084
2705.524827645899,5,3,21,12.690029659320734,3458634.7387408526
4686.982019320489,3,1,20,2.0616818770101766,3666930.2902243584
2060.674621,2,3,0,5.788188221718483,2479246.464088808
2647.4825093337386,1,4,40,2.892558106903437,2530563.0106331185
660.2026249469968,1,4,41,2.834146333439567,1533091.3039090242
959.0343680212889,5,1,1,1.5845595481069161,2507498.911152824
1737.8030009930496,5,1,28,6.425851442,2665057.389770612
722.5498596127273,2,3,10,8.530661754610595,1705334.612818469
3378.051434612304,5,3,36,9.343016537359956,3786838.3046632702
2476.152769927139,5,1,49,8.850189985395435,2880745.5033599786
3011.838892003297,1,2,6,10.521471482476022,2330162.9344564457
1368.447618,2,1,34,17.209759890820123,1334701.5292598398
1902.1009295211109,5,2,29,12.672752652552884,2817268.329813815
3520.8276893519906,2,2,15,0.44398485229927503,3041207.0657343273
4847.331984,3,1,14,3.541750336982341,3747503.9033515505
821.8338038497204,1,1,39,7.044101460761375,939707.7908139501
4517.6910117631705,1,1,19,18.985969806411045,2648799.0278576817
3138.277285769317,1,2,27,1.653780009253507,2465735.960803906
3081.2460937247442,4,4,36,14.231373321849182,3440668.498529706
2801.2255549141455,2,4,2,0.7585533217229736,3140114.629126931
905.3339779784069,3,1,28,7.314489663139118,1631050.1138307385
995.4581476,5,1,36,15.425960397903491,2073882.783965801
3244.012824899979,3,3,8,6.9441937951232156,3307795.454651843
2100.2177143164563,2,3,26,8.662612993730667,2311529.515387932
4635.979492941795,1,3,31,18.115560112521838,3065351.462324778
2388.998364381678,4,1,47,1.416764917254031,2695836.801950076
1230.4384182916208,2,4,45,10.600480271681015,1942882.5218165074
3744.7628674089583,2,4,49,7.3881274159644486,3244291.8034895076
1890.7550543404434,5,1,38,19.279852263188914,2434453.400010761
2912.069352,3,1,30,15.894427605423331,2452819.0421788157
3670.464256222748,3,2,46,2.5293278695941215,3219318.488823809
4561.162089,5,2,25,18.555454158779185,4049144.8795732884
4085.641257127375,4,4,39,4.303144619329997,4126430.654281405
3575.988698639986,1,3,2,1.7878711063429205,3006909.845297452
3590.3860025386316,1,4,10,10.877706267910398,2992311.7940154253
4762.068434,4,2,28,14.758968242527954,3910527.7701243483
1901.6260289847585,5,4,26,14.349412700974618,3198497.6785772047
604.8932144632246,2,2,49,10.727715770660186,1207565.2099227258
1796.6000613520741,3,2,46,9.905475740952081,2134863.4339613128
1558.7220703576736,2,3,9,19.393923556332734,1911155.4821564995
3512.072174501592,3,3,34,16.429120951213005,3122126.5863308534
3388.331038968328,2,2,46,14.002936759046484,2548779.702407552
3211.230083900785,5,1,22,3.984708124836874,3480593.7975579724
671.4711501215963,5,3,5,16.413436751430357,2447139.758136508
3806.6234395828487,4,2,10,15.020636795968974,3517571.9019763623
2023.5338149361628,2,1,42,19.841329335575566,1569613.2388608875
3526.246351629177,2,1,50,2.746602647889095,2622864.040961124
3048.945085409475,4,4,26,14.334378379365953,3472457.8932217364
2108.0160718827915,4,4,30,19.583755541367157,2877005.8432183703
1192.1355752580741,5,3,29,9.305601242,2729628.680890056
1015.4431497061162,5,1,2,14.69486782417765,2268497.1364738224
4258.680665693783,2,3,12,19.50987594585406,3243815.7320341277
4640.9491851588555,5,2,39,10.994949388729326,4170248.5229091593
3459.067405762918,5,3,20,14.010927734591718,3813988.0662939423
1055.1101053861269,2,1,42,0.49968771924070926,1472234.2164125664
2368.919754308259,4,4,10,10.441335601966239,3290306.083219122
3807.332480462692,2,3,44,5.19042808,3144530.5967309703
4031.21189,1,4,2,2.711768382775788,3416043.4952709517
1120.1619380807897,2,3,37,14.201101885158424,1655731.8494415435
600.1351629196827,1,2,30,0.8778808292760027,1197182.8829786386
3733.403001874662,2,1,23,18.106816516383446,2554238.089
2169.0231743393047,1,3,41,10.403695831429761,1936110.5886453744
1719.717859120345,1,2,50,12.999779292268636,1414536.2618191172
656.7488670739119,2,2,11,5.143352502612702,1535180.3015890194
2977.3173897505985,5,2,45,3.725641071916916,3453818.7915412784
4345.063236,3,4,42,4.950697060129077,3928190.594838896
4813.579243599387,5,4,26,4.722630520985438,4847009.929484302
3089.2777826984725,1,2,20,17.30358240303969,2163240.161
2863.6298420555345,2,2,24,15.768054089102725,2361126.7573500304
974.2480961526609,2,3,29,17.069457029068236,1565407.825599283
3015.040326787439,2,3,29,14.723953668802121,2632714.008121995
2271.907947447736,2,1,9,12.906652193141984,1997493.8479653457
3271.3952358877386,3,3,2,10.604706325640299,3278276.4095353805
2310.3959306568054,4,1,12,5.383088344960185,2752209.1165335164
1657.3161431816136,1,1,26,14.136722858769604,1280596.5325197321
1017.8472110048566,3,1,17,2.8180296638486806,1832235.930329772
1985.6411561911411,5,4,44,10.270124716985702,3232091.0018601744
1025.237271,4,3,23,3.985967893261758,2482572.195672137
1378.3465836255293,4,2,45,10.144710167101227,2225952.0065750573
4944.279097750002,2,1,13,5.948757516199663,3452837.3166553252
2554.055650389122,3,2,38,1.1642454237760775,2728415.834823357
2940.235772622073,5,1,43,10.123809355993195,3117314.617
4443.921526443747,2,3,3,3.718421153129052,3697265.258
4980.503162159026,2,1,15,3.306985148126146,3513784.7962213075
3163.9435771165986,1,3,50,7.7488813637862055,2441667.0793868923
4174.884812594355,4,2,9,7.299564441,3861124.0355758565
2038.5405070813713,5,3,47,17.352461525684138,2901893.9411313203
1945.2734127680808,4,2,36,11.336276755584803,2530584.089376662
2371.896372376065,3,3,26,17.105891819881524,2578503.2678947193
3559.031955764056,1,1,47,3.022029517,2348748.305637799
3601.6434327224347,2,1,0,7.210474374107317,2821285.1469833883
1987.0535124575836,1,3,4,11.151059390310639,2015178.4865268962
1186.1236662011663,2,2,12,3.147248581257955,1834789.7795797414
3382.543528448238,1,2,44,2.6483356198636296,2482977.9699311634
1164.6337936305638,2,2,2,13.261891804418338,1671751.9788312323
3145.3670362090525,4,3,16,13.111296018983714,3395130.5158291697
3651.0573634477596,4,3,18,4.759757415310181,3805006.4515219936
3682.6905841355874,4,3,36,4.619758753234259,3733623.035107426
3915.2772869022256,4,3,4,14.934371008668666,3803624.1413820568
4440.581454888924,1,2,46,2.4280580044300453,3006402.4854601785
2799.819564645069,2,2,41,18.472943583865465,2190123.828749542
3813.096433930113,4,4,43,18.880396568706157,3678613.2036952507
3324.3600356096817,1,3,23,17.432747231068003,2463197.991287798
1421.2157351098033,2,4,42,4.292478250628528,2179431.2206466487
713.0344374253959,1,3,32,0.4343548204998705,1452503.0404070178
1851.9820969785085,4,4,20,18.740147752322073,2815861.012
2549.348307885525,3,2,2,6.945039364334874,2790446.284760383
3315.266155486088,1,2,3,6.277164273268087,2581762.71
4339.821054214103,4,4,50,5.307383845127272,4178435.7683088235
1463.4811535071287,5,1,31,4.966269843672908,2542088.0979844234
1152.4190755532993,2,3,23,14.717610479788966,1731530.2462851878
4839.311768887041,4,4,34,18.167083206899775,4250987.138409843
1075.3960612561914,5,4,17,15.742521682110965,2802520.515090194
2705.3607084716323,1,1,2,13.514748522570976,1937058.3018887138
3176.480406690528,1,2,38,5.8263755,2346385.6114506326
2982.0474519927284,5,4,25,10.984573158359298,3811005.1809334955
978.5414909,5,2,23,4.815646735236243,2542630.7288720678
850.9184216159252,2,3,0,2.318991373718455,1943752.3014379106
1064.127080828557,1,1,50,2.4938299517705005,1096859.859483186
3176.585809039495,5,2,49,12.115005194239505,3365665.718739275
2995.117505591013,3,4,33,0.86574521,3379916.7667066543
1628.4594849616747,3,1,11,19.46776446649199,1834547.3712553147
3406.2062241206027,5,1,16,19.90978262358084,3289580.3776930016
4208.297009044857,2,1,20,3.0735513558636707,3107350.3955094726
782.9474233250126,1,1,20,8.603317952991608,984080.2707069914
2791.7717516113867,3,1,2,15.384712769254085,2542864.5385249294
3632.965813251837,5,3,43,19.10582985635539,3684039.227603128
1710.172479106623,5,3,27,17.837291371407044,2828013.3302294877
1954.1919832898561,4,1,24,5.169628159464021,2518376.3465599655
3300.0067731532886,5,4,43,1.795418982811341,4063767.925024735
4550.9152911524425,2,4,5,5.845714278972622,3898216.2781010866
4163.667449332757,3,3,41,8.801025117683556,3565486.140417025
3165.7729640381676,4,2,29,7.262772512533218,3257303.949872737
3812.9755581318964,3,1,31,15.499995545703598,2906160.7862561936
2205.218868914314,3,4,21,5.2299789691766465,2957682.7731779413
3420.248323634534,2,3,37,17.18687860316415,2746059.507858301
2651.1990009612505,5,3,13,4.590125109375003,3633469.9163974426
1435.719000413268,2,2,33,7.2909056942536905,1771714.3044258773
3687.6484050599315,5,2,42,9.011400447667096,3718269.1116809417
3048.4444043348167,4,4,46,5.8952410367676435,3540990.299536373
2177.9349605958023,2,2,25,15.35080751656334,2021624.2480709518
4609.8924363459755,2,2,39,8.249989507197077,3309619.346133364
692.1101184376264,1,1,12,17.75181289117449,795691.7194996406
1989.4018654977824,2,3,29,19.275414304855065,2028865.5647561073
850.2781502216449,1,3,18,17.210162335645887,1255608.746502222
3972.7201913751596,5,2,41,10.50024092830218,3836028.195225854
3689.2727981006874,5,3,40,10.245187212015097,3904405.572914359
2057.949762439795,5,3,49,4.395865680884242,3160730.486
3572.9167697111216,1,4,38,11.886325483221494,2823404.7932954486
2342.123795262179,5,3,2,19.059241936258022,3244549.9770102464
3927.516682258711,3,2,30,1.7040699001767987,3444349.8612301373
2598.4081160415067,2,4,11,15.073902545467071,2707398.9252157295
2414.0308024593282,1,3,14,17.403837131044654,2053611.5767130884
4712.8116281485245,5,3,44,19.73539934146338,4206370.745349312
1703.868039519081,3,4,37,6.761678543761914,2596373.367
1129.9682959848878,2,4,39,7.175925510076328,1991138.5558952345
3171.989698341616,2,3,13,4.672527308977267,2992217.221
4865.015974050387,5,1,34,15.80236616,4011133.581988975
2262.4925403996212,3,1,15,2.8867880489154607,2463183.4273258187
872.9617599666387,1,3,49,5.428562529834999,1347582.5474909367
2092.9431761620967,5,3,23,5.975720919632433,3276630.0877927174
2826.0992790060573,2,4,16,7.561119312599376,2946500.171355359
1312.4612291817402,2,4,17,8.491131581877402,2166080.901057639
3495.649759448565,2,3,41,11.224596799118927,2883005.8618462216
4990.097311644882,5,3,16,18.97262909780643,4500268.991970629
2587.653694318353,4,3,15,5.020866977454917,3283082.4257143955
2160.8056496129357,4,3,20,15.606489719620548,2832945.948518374
2363.098334071653,4,1,23,13.56016674848098,2560018.750170524
1106.643184938885,3,4,33,2.4093995719769095,2404806.519134222
4486.403846275385,5,2,35,16.22649735207301,4008344.894
2425.2328842939487,2,3,42,1.903174414634311,2529225.871958606
2304.007410269302,3,3,26,14.80463196994384,2590583.9838400916
3502.637200894087,4,3,38,14.344156230231306,3439108.393946735
2544.9470520969435,1,2,16,13.819097046577648,1980764.503221236
3452.2272627545226,3,4,24,5.606177635442051,3558662.9967727377
870.3636766,3,4,50,11.510003090853532,2019654.6945749791
4180.382712377801,5,3,37,15.25539804,4064756.3135547983
4738.217392669371,3,3,41,12.788079704077482,3773020.0203574537
3454.5676991012983,5,4,20,16.105683838839536,3969843.090878176
4800.090086978767,1,2,3,13.788859062026201,3173940.780353177
1266.3021832278384,2,3,24,5.561552773035406,1966592.9542575283
2700.6312337135564,2,2,29,3.145825241980446,2507072.0301214866
3247.9496293599677,4,2,32,12.676381828328102,3175120.0962177394
3159.6412486532213,4,4,38,15.219191779327355,3450109.7068443815
2366.431828,1,3,25,2.9322267520761027,2264244.2970586903
2087.571401,2,1,24,3.578927111,2016880.0764808485
1158.0256992218428,4,4,15,0.34018001044228435,2861882.1675063935
2323.666782474024,3,4,48,10.68180870261335,2772870.1352890627
1315.7075864641347,5,1,23,10.89159185016893,2389694.8743330063
3831.208976565761,4,3,4,10.051508256793488,3859247.2412513285
1518.8561161761959,1,2,41,6.388599374353136,1491328.9887053524
857.6873433,2,2,38,8.613443566393164,1431247.7184024286
3030.411006395831,1,2,12,15.348111731669151,2212916.187
3219.010823965367,5,3,29,3.717757937,3854823.1713446844
4436.417469634224,5,4,6,4.110802944433395,4770665.594032761
3138.719095,1,4,46,13.37286746905414,2536575.116042135
2120.115756383161,4,4,16,17.351327384360857,2997704.248608681
4133.2522787158105,4,4,26,6.873830018,4163822.457104174
2977.2271300246525,2,4,34,18.66161207,2710054.241708294
948.8332523772436,2,1,4,1.2477538649912843,1594134.4669931135
3089.7424653782855,3,2,41,2.4585344743967767,2955373.4613055247
4595.281599855314,3,2,4,9.253196428,3757249.7894737027
2343.7755521921704,2,3,23,14.497356029807936,2331613.573604244
1903.8335283591202,3,1,6,7.479655598238623,2236996.570319105
1231.2656108792883,1,4,6,11.139471074335269,1827516.302057256
1266.3602965155721,4,4,13,0.6685566442877645,2919481.933476348
2504.194531104003,3,4,14,9.290502802256809,3060960.127611183
3220.991226,3,1,4,4.927253136055317,2956623.4685385763
954.7077827462477,1,3,36,10.375739926663512,1354512.010944171
4734.101791710729,5,1,3,10.564080785697595,4205442.198
3922.587916758862,2,3,29,15.087862668733399,3079209.6231090804
3181.1452404481156,1,2,19,10.842848394551352,2343388.570437348
4245.130152,5,3,25,12.323956538280635,4215758.863404485
952.8217299732985,1,2,8,10.639966976427866,1288284.4435624091
2698.0910620257473,4,3,29,19.80851094427801,2972548.230231631
3372.409758191319,1,2,43,15.853225302272161,2218813.2911545336
4246.072786920473,1,2,47,15.137336057245227,2649962.5904196496
4047.266064216778,4,4,21,12.58246327,4031656.6847371883
1819.1046987389584,2,3,39,10.614576916683665,2066933.7291401234
4739.872746060499,5,4,40,6.960667078166742,4695395.949571231
1147.1217022958294,3,2,43,15.700961729155397,1709214.534669124
4450.587921933069,2,4,29,3.8732224111051745,3767502.4308487484
4872.137098260322,1,1,19,0.8273231087944405,3189195.0050585894
1379.4755021795524,3,4,27,13.993623686109213,2339538.195471909
3777.090682496655,4,3,6,2.9825487658967975,3963567.2840347094
777.2562826231932,2,4,3,18.086139046942527,1776578.2784770634
2383.8604306122816,5,1,27,15.436559600693336,2812871.9413965913
2871.6465164697656,2,4,34,12.084663118763268,2788802.913963935
3154.838994,2,2,32,6.347100608124713,2655150.402943018
4718.123892293662,3,2,6,12.795052945887821,3737833.805333392
3557.9030240944567,4,2,8,9.589448128711613,3511835.4675773135
2717.622985364643,4,3,33,5.8938545096113195,3240607.3205944127
4162.570159569913,2,4,38,18.907071644226132,3277816.5650047516
4782.344412199399,4,2,41,3.3215993657932024,4084413.136888153
697.0910542020797,3,4,33,15.092336613475451,1946371.7129358482
4923.0935979265705,3,1,12,16.0207675,3545804.3670466524
978.9814118801935,5,1,28,19.040712702748742,2033349.3699894391
4183.301829,4,3,34,11.033386953062958,3865656.093434333
1833.472911226215,5,4,44,10.744015704185875,3146529.0596337076
1181.5904941170356,1,1,9,18.41375525934555,1042193.059975924
2535.3648147408735,3,3,29,16.041755860889662,2666520.2082569613
3433.4089495694993,2,3,43,15.296365942953539,2760450.0740299965
2276.188118,3,2,25,15.803827378805112,2361690.43
840.0877964438754,1,1,34,9.914303720139308,916430.7419234689
3237.629014498353,2,4,27,0.9242304948378319,3230002.8154567373
4570.574414886969,4,1,28,4.045471184823635,3829050.7018513293
2286.1476101679073,4,1,5,12.895542544519305,2624835.8722978854
1551.864221575639,3,4,2,7.983701776742505,2670930.9933572873
2547.3403221043877,2,4,28,12.174727943100361,2654848.5202945042
812.7959286146358,2,2,1,11.078390264551059,1544503.077120614
4210.145371713209,5,3,21,8.829340080582012,4288158.802349282
4235.899568180822,1,4,45,4.771087627470829,3262200.949645312
3187.202039090365,4,4,46,14.407301826494837,3440127.9011196033
2153.652711328914,3,1,49,18.189998082052774,1932699.312127719
4119.046803561447,2,4,26,15.422278007120713,3385750.759742627
3040.6229090688157,4,4,50,2.488760899,3585209.155
4234.102157620071,3,1,21,10.805199796145647,3260620.0009914404
3378.4186873652907,4,1,9,16.72378702907508,3074406.521205461
4051.3840821363083,3,1,48,11.860537463863613,3013154.2098951996
3233.677170158144,4,2,48,8.847426302,3164562.9771398017
2422.2207001489314,5,3,18,5.762472361117926,3470533.8209564243
4814.961783675005,1,4,23,6.674775936669958,3623658.291208421
2980.900829466917,4,1,26,4.918920918950406,3026744.9144587675
3262.393881578369,1,1,35,3.9949563809563937,2240970.731274374
1570.1456134248967,4,3,42,11.818416457514708,2503377.395666472
3352.8634734800166,2,2,16,10.236757591910278,2756369.5030061197
3115.073657724953,5,4,9,14.723178375736868,3882746.1794520565
1413.2889509669099,5,2,16,6.227797793428362,2766761.437719205
862.1832283538323,1,2,43,9.270399203458362,1095356.5482120663
3259.181006744993,2,2,9,13.639367359100342,2676476.074294807
3960.2459851414105,3,1,9,19.26835232281692,3014428.8642186844
2902.9660320568364,5,3,37,7.042520993,3590305.5142798196
1597.7995514064412,2,3,16,6.0343565053061665,2162885.5637014145
3532.6966974493535,2,3,25,9.040838581394823,3025204.495201098
952.4651970822499,1,2,25,14.505091872924716,1125803.6791869479
2544.068301,2,4,50,19.234850929543725,2402010.050077743
1318.8137369530489,2,2,33,10.777072833987525,1643538.3299010913
1411.6198246634867,3,3,3,16.267560783892133,2230131.6147582177
1490.093376296096,1,1,49,9.341556135837768,1177888.484
2301.511050993503,1,2,26,0.8931568609327258,2067565.3063824142
825.0609047297496,2,1,20,17.894805054626218,1119307.2693766677
2350.291140088032,3,3,35,5.868574044700694,2747447.0072543197
2851.5127673046836,4,2,37,2.8594462619235923,3148240.376518187
2726.494853851831,5,1,45,19.923613727191178,2804448.070486409
2284.2500417733786,1,2,30,7.0132400259532295,1916533.138471942
4292.2450755113105,3,3,6,2.817111719020282,3924453.221479567
1239.4374466502181,3,4,43,6.299689351,2343397.8544110046
2825.0656726380453,2,3,33,10.325368772979957,2605698.378963741
872.9822346088389,5,4,17,1.8503460214094378,2979157.1149805477
913.0849870628028,1,4,23,7.1171546038414775,1663872.3195588891
3125.0097385792237,4,3,12,13.410242813243597,3398972.9311290574
3090.481069506412,2,1,12,18.32704689758086,2283372.5149059063
4463.347457,1,2,24,8.009009922746838,3016166.4479071856
3054.6441729043217,1,2,4,11.334828490323787,2345298.434750003
4823.0804897813405,3,2,38,12.757637779342184,3631060.4074081443
814.257333,5,4,28,1.5079942388227958,2901641.699807707
1031.2338130352607,4,4,43,6.9102783435606785,2527084.257750734
793.8897909096781,5,3,45,13.71665490173401,2362284.715524476
1415.218141467576,3,1,32,14.739655621155782,1717488.8764149896
2981.5884881433835,4,3,23,7.183446992,3396798.222326826
3440.517598280683,4,3,9,0.23405138196109443,3835250.689605437
800.5746949741427,2,1,24,0.2366254449238215,1440227.7566929122
4762.271915320637,4,4,40,10.80858835276172,4329637.108709401
4305.527657261677,1,3,9,11.074569340995858,3150945.359915239
1905.0949214912098,5,3,38,11.158816704316811,3004044.044763586
939.625133,5,4,15,14.462886010024656,2770227.764402054
1347.503122163852,2,2,27,18.433260974313313,1534759.2596999768
1158.5554205218798,4,1,11,19.804387133913547,1892862.8856869861
1142.448628915366,3,1,43,14.05122841703509,1539872.6642212984
2881.6714301292295,1,2,31,10.328574480716895,2143937.1435545944
1681.7287469709613,2,1,50,2.9057964865742645,1697421.3618583127
2175.8147527282354,4,2,28,7.745086070056708,2757678.573067301
4953.823466891019,3,3,44,11.491887647029628,3891746.8986092345
3610.982695271517,4,1,49,19.99618877535792,2925240.490232918
4775.514935006806,2,1,26,2.626934304030787,3369891.6995271044
1227.2488421457085,3,3,25,15.882221775955767,2035652.9036580562
2281.4136892633046,3,4,2,19.978909945952704,2795801.5638169157
3040.8199344423588,3,4,25,16.125296531124206,3137576.9547030125
937.7354723104472,3,3,38,15.366168775170387,1836217.278756133
618.4247519630146,4,1,0,5.247754627574569,1968930.2015343332
3549.911068706437,3,1,34,0.16691389250176258,3066290.174607501
3424.0058739263154,4,1,26,4.597143053187563,3254732.994003724
2407.4707639982917,3,2,45,15.817022289970517,2327067.854304053
2754.4339345409435,3,4,3,2.234895851458368,3382191.968345622
2427.9492026051944,2,1,18,5.992755659003531,2168792.4062268436
705.6221973,4,4,21,11.293854892498993,2386606.918913093
2075.6350673568345,4,4,5,11.638224978776355,3144725.9522072077
1379.1619237480752,5,1,8,10.90547493986142,2496144.3811811265
1033.0664320460226,2,3,10,19.619581557953367,1638814.502968261
4809.569909113139,4,3,21,0.3444833534528533,4457568.2055918295
3237.1827901855286,2,4,46,9.803210350577556,2957200.106185531
3806.087650641052,2,2,8,10.13797034452402,3024957.336534363
1987.600470370917,2,4,28,5.9371104491069095,2499730.944307638
2329.8473697736667,1,4,42,10.548918385609577,2208618.2352789594
1642.4655731455832,4,3,9,13.498268831931453,2670940.328
1026.648952247869,2,1,33,13.487842562246534,1243240.542983321
1387.7392047429687,1,1,30,1.8483538172596428,1371575.444130609
4109.061799304538,1,2,21,16.068953615224874,2692824.745452089
3581.201542808614,3,3,45,18.62112561870571,3057851.177
3006.4870543360985,3,3,3,2.5598759734556755,3301718.9258032534
2690.3954406137796,4,4,1,8.391141685535876,3537047.805
4658.710848086947,3,3,4,10.283829532962349,3968351.7514885445
920.0337702,4,4,45,2.782951617943869,2544030.770858511
1834.6435782468302,1,2,14,10.117342599359182,1709647.8552405487
2139.726555711142,1,3,18,4.216490848825193,2160206.378983384
4042.6735737362665,4,3,37,18.713683052832835,3626736.0439157938
4967.064328712674,3,4,14,9.024559802335602,4297713.886413942
1658.9502649314734,3,3,45,19.898534901799614,2071177.352534062
4446.9522702031545,4,1,7,1.0255718505225788,3932637.616195443
4254.740145899882,5,2,19,2.638856813,4244265.854798117
1588.4925496237731,3,1,11,8.919894930743636,2025521.2943013313
2357.0633528765793,2,4,3,17.499749770145456,2578209.5991396983
2402.560624887084,3,4,37,11.148993228187411,2857973.3659841116
4904.170941516856,5,4,42,14.673630090915225,4613285.787
1395.9243660671527,1,2,38,8.528906829265996,1402056.9645525736
4116.295072861041,1,3,35,0.9061895133750918,3129696.6642673365
2070.4479423616835,1,1,14,12.991469912832585,1570067.4910285075
3815.829521415106,3,3,0,12.71662899692129,3518255.0988734444
2448.0484189009167,1,4,30,1.52141784,2508268.770756588
3144.782957712776,5,3,8,3.5005412378418903,3927053.5722038676
4263.491802634977,5,2,22,9.575500398,4094908.811464454
4138.328486,3,4,25,8.988087996105127,3829075.4011467597
4412.262007574681,2,3,39,15.073108257547247,3274341.756740713
862.3162315164997,3,1,43,7.809521425,1524640.6053677371
3645.0224333748774,1,4,38,13.299674752630727,2831190.639739142
1215.9444575757566,3,4,17,14.118028446950369,2305284.5779531887
2429.601699281008,5,2,32,12.935576804564667,3060762.2316535288
3013.7890262406295,3,2,40,11.962898880898628,2732309.454
2372.053732886055,3,1,38,16.133101264971817,2138037.7592479084
2886.291373533233,2,3,13,13.176428772325831,2679290.0294244173
4984.7157587139245,5,3,0,16.700268493605247,4623025.427589173
1194.9561803365607,4,4,12,12.770041982989829,2646750.1686128015
3572.0065994802726,4,4,14,3.2635630357983576,4015404.957128487
2342.404252096707,5,3,36,6.257963587167702,3330715.772409317
1185.2431151922467,4,3,4,6.674071116438978,2603813.0533716613
1298.4417588469619,1,3,13,1.9689178676643428,1809515.4401745114
4776.801667480714,4,4,13,13.876902484137965,4410535.702161916
4470.246585531753,1,2,45,11.942711811914858,2835941.974631897
4590.984625826096,5,2,4,11.83612294342738,4303442.772148818
4962.744213640501,4,1,10,9.622494295223143,4003595.139020105
1516.587716037479,4,3,31,10.908180073979986,2549803.1746434574
2163.933084401872,1,3,50,0.2609371018976616,2091420.718
3544.5637316694133,1,3,4,2.0153365819243785,2976648.0523005365
2728.731175386848,3,1,35,13.698724112259573,2380064.024
2440.9139468646677,2,3,14,5.303189447,2609066.1025891663
2174.3694970766096,4,2,6,2.2474395937549003,2976908.8747675247
3212.6347805511896,2,3,4,6.640239677741999,3018185.514825072
3132.611086016361,2,1,29,5.164202744204427,2482694.406228409
1310.4144698826562,4,4,14,0.6845120261336294,2936189.912522973
2675.6552850811318,1,4,29,8.270100285812523,2492098.554928633
3035.2758153233394,3,2,13,0.6378810037609682,3104553.205690768
3109.262530418118,5,2,23,0.10777803135496294,3702148.6226862776
1524.4716488143479,4,2,23,15.870227638010142,2294504.1897512884
3865.994125910062,4,4,34,6.367935432839269,4000311.272402563
710.8760172127064,5,3,4,11.394969059237866,2572211.5455259136
2161.2601643899156,2,1,11,6.025240312929768,2069798.1940406798
4032.9356535567877,3,1,19,18.607471573686013,3013991.3134089913
3081.128853,2,3,45,14.610706506859641,2588023.2142890096
1749.114703047785,5,4,4,7.446488125517442,3370300.507117861
3657.793725,5,4,35,4.291475649353928,4232740.267671944
3096.520154286723,3,1,20,2.842347013748802,2856086.054972703
4103.471881608103,5,2,47,15.272131811168006,3775966.222685009
3834.110819235223,5,2,38,9.115431471540688,3809419.698291115
3284.4748569594326,3,1,2,4.716071239947075,3002588.921785092
2747.9817713675816,4,1,28,18.400558817326417,2630652.627
1186.001352937103,2,3,24,7.862918290987297,1880415.228753123
1749.8652786956886,4,3,26,10.915505032257832,2691295.456807005
2444.0376808351753,4,3,35,17.170203767054154,2868287.683180822
3236.9168628281104,2,3,21,16.684163762405962,2744448.0742702535
2860.314562947341,4,3,37,12.795277271335967,3153924.654151269
1868.0119142219296,3,3,34,17.783613283114615,2273006.6095529897
628.4431742747264,2,2,0,19.04675341271185,1297959.4369874434
2783.452576363581,1,1,2,18.70877128,1872223.7807085859
1856.7543496738695,4,4,23,7.045245979303559,3037145.173355181
3832.2765231263543,5,3,7,8.003704814455427,4185737.083378386
705.3635671901274,2,2,47,4.886026913128204,1384634.163436817
3173.2423697454797,1,1,38,16.752913887523817,1926235.825226581
4742.486645026688,5,1,17,2.5243096576188977,4300430.047465283
1367.400775290598,1,1,40,7.1661590663620975,1205050.1244223744
2675.2577593026194,4,3,2,0.2936906144876091,3486427.9854658754
1002.2567639954079,5,3,17,11.93346024811578,2642132.095139706
3353.0004139499515,4,4,15,13.20184770828937,3702136.170913506
3022.3393946233928,5,3,31,5.054851267223546,3719745.590071543
2392.408306536462,2,1,0,14.760939980749802,2065658.2717575524
2894.0588944844612,3,1,25,7.692582079608936,2632850.723754369
4544.928497263645,3,2,47,6.303050461,3576076.1575125144
1463.694930168695,1,2,11,19.127691923222955,1358966.5447242055
699.2838515035278,5,4,37,11.814980042278576,2593015.2430105098
4391.325492676045,4,2,20,5.121155977703413,3957912.5448882715
3139.3151625067885,2,4,40,19.66651882,2741000.122920738
4518.897204032107,2,2,12,7.812237802903475,3407876.7640623017
3226.5589830179592,2,1,11,12.991812706717146,2463116.155478954
4164.708795822691,3,3,12,14.504692902016368,3596933.457975336
2490.562798762651,4,3,17,8.503686824,3154880.5810049977
3899.3836976683824,2,4,18,10.76474402518022,3409069.8864349048
4617.382454315366,2,3,18,4.871660379968317,3685930.937662634
3117.3410403777075,1,3,50,9.369852939756365,2385946.379498044
1395.454662,5,2,5,6.284921751466569,2811701.814312221
1782.7095061328719,5,1,47,10.99441286727421,2501139.4138252693
1474.0361383485854,5,3,6,13.430817754617799,2903074.632186254
1686.1709214212249,1,1,6,12.318703497120625,1431384.3088725174
1948.227977,3,2,27,15.556663536116796,2192653.6359542613
3042.5886617140295,1,2,27,0.926447581,2432438.297347141
3187.163169640864,2,3,18,1.6640755450474825,3034972.9920237996
2476.598887864189,4,3,15,4.1857507152614595,3244257.347731183
3307.851431211676,2,2,16,19.717470417706767,2544249.2253560205
958.9296726900101,2,2,21,16.02533424962508,1418631.0694568208
986.2682430559039,4,4,18,18.49000824323264,2398006.874767617
1356.049625573697,5,4,47,5.514597995621954,2997405.770978727
2879.540991377517,1,1,28,11.51974426723729,1934048.528
1541.5765862725798,3,2,47,11.14220744549733,1977617.0623306604
1846.4513753673402,2,1,18,11.433427128009853,1769230.0632277902
2361.376479161174,2,2,46,14.379582123304708,2027769.5152188102
4172.210945645671,3,1,34,7.940202624150425,3221974.3384441445
660.9933980165845,1,4,46,13.576486167843303,1293639.8937557435
3457.2668090411385,2,2,24,15.789897178141107,2657508.379062065
3543.0567365790157,3,2,47,5.852557396365634,3084150.138466513
4114.085433569201,2,1,19,18.92028966119427,2748309.841665033
4704.112931865378,5,1,36,10.409155492581316,4028546.2741853804
688.6065353768753,5,3,18,14.681977805110812,2425336.6296905386
1276.6483042581513,2,3,41,14.605605513702876,1705884.9599593352
4499.153694,2,4,12,11.348342049846208,3727282.9240305778
2617.4816736228677,5,2,46,6.521405523542658,3212985.644444898
3084.1988113072393,2,2,11,13.37209529298673,2584330.417898203
3517.3196963818486,1,1,48,1.8369689791767507,2346593.3867117064
3587.8930597808044,1,4,14,19.63056421550054,2796008.163684709
4699.657774592636,4,2,3,3.761545499592673,4224270.895408782
4986.5774366113465,1,4,14,5.5809811014520765,3776342.0143809495
3768.692828096137,2,3,16,19.093338817540133,2987152.555801583
1863.7733205026636,2,1,26,3.8121734105788057,1890316.1101440731
4470.910570095112,3,2,10,3.484844697138867,3780431.3092090962
816.5720239793511,1,1,22,16.110265999256978,840753.6101088533
1616.7557526477833,5,3,14,5.100634612456417,3101038.102179081
4548.497156840345,5,4,30,1.9850591014711814,4749220.314495066
1727.2426635331617,4,4,25,4.610196253450883,3011090.3248018804
1570.8646623356933,3,3,6,17.778634355692645,2264532.5621583113
1207.7512898170878,5,3,12,5.678351790535694,2894981.5272021475
4380.091733646433,4,2,12,13.931704276698907,3816084.699393556
2800.2563404407815,1,2,19,7.9632706666415585,2210535.6749918773
3569.5300934382813,3,2,33,5.316163465324844,3178114.695516961
1651.8920899301306,3,2,9,2.966543402338264,2386288.0950226174
3935.3778524493528,2,2,49,19.446615398234613,2698429.5363643016
3944.0243978332333,1,4,36,10.470199330928262,3047281.130402369
1975.4313095965206,3,2,50,2.3836243644842527,2354716.0856128926
2407.0035852452447,4,3,26,4.0563981239929205,3157046.7482470814
1522.6372206928838,5,3,33,8.205211846568316,2896887.291519393
4896.868502620779,1,2,35,10.928993479639036,3119527.2998219263
3440.6513390570112,1,3,15,3.717756284969713,2835643.461933429
4711.993075148268,3,1,20,5.626794319770302,3608133.5692830454
1934.896391968186,3,4,15,15.695755869819669,2643205.996692017
4040.320017186315,3,4,16,8.407883837752973,3836675.2499424154
3969.778033092865,4,2,14,0.12790711977167368,3877003.7922553164
3643.284868212783,2,1,12,1.1734117392884906,2902847.1174249393
4848.811491173922,3,2,32,8.842636081,3752225.942
2331.6434788677884,2,2,4,1.2963429779382798,2484567.7979794457
1175.1562237949322,2,3,26,3.5606977950543173,1951037.0741006972
3555.518980673867,1,4,0,14.584741209015139,2950737.5842609485
3808.963122099707,5,1,43,9.659638111959259,3560961.716914986
3130.2665232187846,5,3,29,9.70099247,3690786.330314999
1509.9987297869436,4,4,22,12.004540027445065,2769581.482448888
2819.6061433451637,4,4,14,15.79152149620553,3388645.559852789
1973.6348409041693,5,2,35,3.255860426519282,3011373.1300260164
2480.8527239334317,5,1,18,3.5436471129366196,3144226.3378123012
3438.9617337165214,1,2,29,2.515936619491191,2588835.052572754
3878.944867839672,1,3,15,18.742902617172387,2754287.2996807056
1621.7886399659099,5,2,17,11.588075450369232,2758805.7290798877
2383.4315868465947,3,2,25,1.943544416787262,2692517.8231918695
1784.3109123631684,3,4,16,4.490846661942399,2787011.4410470533
1473.9791009922242,1,4,10,14.539241993265627,1860877.628735117
4046.903767981689,2,3,44,0.6769344084691377,3354586.1139257792
4600.711855522766,5,4,28,14.54054560394077,4534217.933786885
2229.0216170121375,4,4,8,18.238141922035265,3074420.888169681
3905.6272672445743,3,4,48,1.2219971388506052,3753046.6089495923
4546.779273203409,2,2,16,3.809766870595317,3481867.217294115
4322.9465263330185,3,1,26,0.1473341721100553,3493199.4978286256
1404.378909572594,2,3,36,2.269707240350032,2041468.2280836136
4807.6842786587895,5,2,21,12.378131261377629,4315952.432206159
2257.3763378896347,5,3,7,0.991874147,3538523.6041061585
2092.658909,5,2,2,8.574118002177874,3129520.013
874.6978400222334,1,3,37,10.117695154348006,1314667.9350284738
2739.1640780614853,2,4,34,18.141919055623603,2601416.576022588
1079.6599088200862,4,3,31,9.538378074725005,2358735.311
1693.5752120806744,4,1,7,2.9366558309822923,2517727.407525009
1994.547535776038,5,3,43,5.856915071156808,3129808.385
4158.835823,4,1,26,13.47668777659913,3444557.074
4452.150061741944,3,3,31,2.331104623433009,3889125.8565066294
1930.8517968304666,2,4,35,4.711681076607968,2460865.194987391
4378.2717334761255,2,3,33,19.91596470931145,3190489.4906561514
4371.8161244270805,2,2,24,0.2101379611690805,3426378.221094476
3964.4641816934436,3,4,30,3.128447932611771,3834336.050298804
1245.4585016667988,1,4,41,16.88934824107918,1544615.204116133
3637.4205263632075,3,2,46,2.1175022621371906,3211033.136043177
4758.105884154503,2,4,12,0.769456011,4068336.739958912
3603.1781065754913,2,4,14,2.5141148466697922,3445979.674458667
2059.1141360744696,2,2,50,13.902584055086665,1866178.3050398186
2802.5489966956575,4,4,49,19.86289958327338,3123689.4247866785
3441.190190744636,1,4,12,11.853647759313283,2888195.058
2846.5097984054155,3,4,32,2.573893754273838,3276449.9422215484
1127.7929436162672,2,4,30,3.757197542128542,2103425.439
1973.0817964688908,5,3,24,10.799871970216971,3115216.3769344236
4130.542534435983,1,4,47,14.34159792499377,3008112.2268224335
4390.239402820277,5,4,39,13.291952437204378,4398953.570770369
1204.120143948509,1,4,22,11.537057316656277,1725991.843745446
4790.501710554388,2,3,37,19.72676853894276,3380388.4026026563
2046.8195185338811,1,1,2,4.0408756087110875,1797265.165197036
3514.180450415168,1,4,15,3.5407894222825074,3075947.3548662513
3908.0306422093972,2,1,1,17.195318087326044,2769781.8774624956
4172.563432406687,5,1,22,5.887352414433594,3923207.586018989
4761.298689794093,5,2,33,6.717274905559031,4345976.764890184
1976.8460113268195,4,2,29,11.01849598588721,2587726.0040499833
4377.4284,5,1,46,7.6873685057958765,3869639.748
1179.422375119311,5,3,9,5.824044593613405,2892903.2137917047
3702.179987955808,1,4,0,18.35178769882264,2948727.158105769
3864.702009861538,4,4,21,2.6725568380765465,4138572.786273556
3581.9822612858097,2,4,46,8.145366689758994,3162756.7149520423
1710.184838994673,2,2,32,0.15904446833877023,2056584.4482348782
4441.389846866895,3,2,24,16.168327833317633,3442001.284871412
1342.977238829738,4,4,21,3.451535037309388,2862130.8367729983
835.9930826916557,1,1,15,15.482500936636102,898019.4407174231
3756.8459586924137,3,2,29,3.0572019781150654,3336951.857888223
2692.0931470240284,3,4,17,8.393103065600307,3157857.430304325
4336.031287818175,2,1,23,14.590880276208022,2925870.9564892445
2286.9474206563395,5,4,4,5.489095183178832,3678364.724768911
1340.4257894339364,1,2,36,6.346950799626905,1427946.7968287475
4280.345646867427,4,3,22,13.379717646056195,3927251.388616907
3015.2023792163154,3,3,41,3.8352495742820367,3090569.1162268342
1432.4614865175615,1,2,26,19.04050921443951,1270093.4770743079
3769.6895937803615,2,1,11,3.8568749153955797,2917380.2166865864
2848.9000093538025,3,4,9,15.02490966177865,3143624.729545646
3258.9771218574074,3,2,33,16.07171749854586,2807727.129062104
2627.9526881089605,2,1,32,7.549971748,2167649.827195037
4246.3195287992285,2,4,15,3.2091588993538758,3748649.504516854
4250.075949,2,4,28,3.4014799660169324,3681681.2932866886
3721.3108160272996,1,2,17,19.71046224377957,2446119.0812423755
1063.766060544434,1,4,26,14.535657737194725,1575842.7936326398
4290.956992377903,1,3,6,9.05594399,3199032.5344900666
3552.4571143448034,5,3,35,5.221260804387816,3961476.259188963
3666.9063304189176,3,4,26,0.4763114426194957,3758599.854461387
2197.1244977770352,1,2,9,13.442230750192659,1849390.551988982
4468.830047,5,4,9,19.142635298945965,4471235.235670812
3791.635041033373,3,2,10,2.226179834,3465966.8419430424
1095.3980527284557,1,2,29,15.114375818951697,1165084.428089511
2394.2233513871156,2,3,2,3.1494140564725055,2688796.312668425
4500.073592624623,4,3,28,15.86289313492625,3957451.851718104
807.6654874684676,1,1,13,7.474399617466993,1054017.6694892112
4830.233126425018,4,2,12,14.270025395391777,4034388.973408991
3588.315300606076,1,4,18,18.53301984636303,2798170.1714800945
3378.054301630857,2,2,24,12.440769978950337,2684884.669340739
1790.460728547162,4,3,9,18.421910583286238,2646465.070712174
1694.683870452379,5,2,14,4.776985081422465,2946475.1517020576
4745.056166,2,1,27,19.564862807700553,3010903.7448252165
1912.3987986301402,4,4,39,17.469676632281768,2776478.7847737526
4012.223305563597,4,2,48,2.240709349404972,3685970.3838980165
2329.735912111148,2,4,37,8.329440914,2577952.055888486
1212.7179114526975,2,4,6,18.547887528527564,1970074.1232601148
647.1473098595794,2,3,13,1.6544957600169614,1790156.6578337678
2994.7322828671035,3,2,29,9.129878973031852,2834441.4800772322
4893.426801615304,5,4,39,14.499515863424687,4626396.001643475
2224.199253,1,3,11,0.7656014676545848,2306460.5151314754
2171.646269569397,4,1,27,15.081334989075383,2413869.3531075083
2114.003118537545,1,1,49,7.287931297871672,1530915.8514156565
2890.392884141377,2,2,13,5.062499149652904,2643619.377181948
2538.9254870668915,5,4,0,11.561847794306264,3702898.705751638
4471.624357598864,5,2,3,10.932191211117177,4266841.272681406
2824.291483583357,3,4,48,17.491391795378284,2886990.8239884307
2834.134488029703,2,3,17,13.552458421216729,2625690.993694835
1208.835016770449,4,1,50,8.495100404,1949188.4184055696
4924.053980005699,3,1,35,13.037754398244603,3490944.8201422747
1699.8807198228506,2,1,31,15.027945899886276,1559054.360018017
922.8018968222517,3,1,27,18.752838744290557,1416017.091629632
3517.8434954909185,1,2,27,14.11480564685491,2406298.552912678
3219.6120286902396,2,4,37,10.923059875642695,2971017.7349365833
2426.640877568081,4,2,31,7.522303650498087,2872547.2838783963
2457.6458290749833,4,3,7,17.840524282424603,3001685.3469933174
4054.281252604297,2,1,24,15.871140729393963,2754390.7298185867
1461.1356164384558,3,4,46,1.6359072176926714,2532522.581969692
4209.114603357515,5,2,19,14.02086997755162,3993812.8202320426
3454.487301,2,4,32,10.821116629301756,3115494.2360873227
2443.4670046299075,4,2,29,2.1625141404595536,2998156.1376100807
2615.325912969022,1,4,36,11.342721592654305,2365481.4427357423
1729.2477116188215,4,4,15,3.930868069612115,3075679.412521486
3909.303063866689,5,1,24,14.192083202994203,3615482.7859777785
2856.648866143178,4,2,37,5.641379993736043,3095169.7513011857
2011.7599880993118,5,3,41,3.09184428,3203716.026554656
3222.6205093481813,2,4,9,1.7312610871710687,3296357.951034987
4981.231589025821,4,3,4,9.866909308799993,4437950.526441229
2515.1540304888367,3,1,7,4.072732004470926,2605795.293259317
4651.042163425926,3,3,32,17.11704395008326,3687853.120815615
2118.074095668091,4,4,36,0.15972198817264951,3240515.526
840.8239104699379,4,4,0,16.88841191312485,2447316.6350767897
1498.665268021087,1,4,30,10.46973887619625,1854610.7745909358
2442.2586306418107,4,2,6,18.45069633272461,2786788.3067707308
1566.3936858161037,1,3,46,4.171764020272357,1734434.480606922
600.9989681603244,1,2,22,2.1352485954079126,1212467.4302763212
4626.006766,1,4,23,12.536668363632137,3411942.9338762346
4313.069409416088,1,4,13,14.163875652838193,3272930.1097555975
3866.0858185425673,2,1,22,7.514442686113246,2837426.973653336
1338.384220842526,3,1,8,0.37223545451801243,2086420.3194352202
1129.5997353239386,1,4,7,8.198552922285298,1830501.7273205805
897.4608976784858,3,2,7,4.752359793798694,1983356.1710675864
3785.7284306008532,1,2,2,7.014645863433789,2807244.2161360686
4686.755027026696,3,4,31,10.184413726075835,4049362.1570961485
2494.357612017363,4,3,3,14.07660240292345,3115319.6760545303
1124.218956782612,4,2,48,19.26818319793471,1901418.732536929
2854.528411221269,3,4,37,2.965596903322467,3247625.185648503
2134.8603928179728,1,1,1,13.62999858784051,1654503.1427564935
2249.229667,2,4,8,4.740907891090229,2754469.593852508
3333.854746285112,3,2,45,4.492023604750843,3016759.819151857
3762.3596983536904,5,4,0,12.707726186956759,4291698.243542028
1086.6558350419077,2,3,48,15.542390475137061,1557153.0261225298
756.5970155484961,5,3,10,19.557962143945648,2401812.1829996523
4975.053331817146,3,2,28,15.399733123929279,3704204.9215343045
1624.004735228428,1,4,25,3.230567867776503,2087063.928363001
836.8543096,5,3,26,4.585512860906486,2661389.8156847977
1435.451448022048,3,3,37,15.251654928936086,2092365.5435366195
771.4145239332425,2,1,28,10.587059285666644,1198638.9943576057
2323.9679363155556,1,2,32,5.978619466638876,1947084.4969293175
4130.567851585827,5,1,27,9.488486601895591,3805187.1118593197
2101.4755789339706,3,1,30,18.30627162946637,1999285.2749819753
2554.406990264813,1,3,18,15.136427416685736,2149147.8649030086
3572.5818036967307,1,4,47,9.068885088198009,2834586.118188723
2839.1339083074727,4,1,25,19.613023100449567,2666979.4102490623
4390.361018493826,1,2,49,15.91800506770591,2696493.325997113
4410.556970201329,3,2,28,0.21683112993245576,3725614.780606333
643.6070602,2,4,10,2.3361083417368693,1989754.2813501179
4023.4037485260765,4,2,40,11.123978897260532,3553895.214422145
2627.227841063365,3,1,31,7.064088056939925,2482005.0774972015
4950.898381736118,3,4,20,16.269919400339656,4114723.7209655833
2726.2211338519146,3,2,37,17.924171452346673,2484300.0559833413
4942.342159708509,5,2,33,4.8889514508374114,4473064.968941824
3920.105189305241,5,1,39,15.289387795010267,3523937.7568567325
1693.8614922985478,2,1,21,10.754407373186911,1691515.516789853
2968.9379088626138,3,1,47,7.900144106260447,2556138.990410415
4965.396813705764,5,1,26,15.756923032566467,4102232.864
4373.134674108464,5,4,7,11.34198332225574,4589400.5887134345
1028.4143326813728,5,4,39,12.742152594586154,2729037.0325532807
3708.0367859639828,2,4,45,1.338855715709677,3366914.1967721153
2120.5501778315775,2,3,30,11.759005606649279,2239767.8948871205
630.7219522735318,3,1,0,6.084154305826913,1658350.808124545
2375.3162637187984,4,1,38,9.916555085358118,2563999.9482565545
1632.9194555898737,3,4,33,4.518019909105876,2625772.247717137
4203.024790290075,5,2,46,12.328065510177742,3889624.0030457997
2084.254678921368,5,2,23,3.0346298671298877,3131107.6602224037
4241.104253396795,1,1,27,2.545787946638565,2799309.285869944
602.6309308730994,3,1,49,3.8493867943523816,1444000.6476538193
1954.4042601149242,5,4,3,16.367544387554354,3299524.1604106924
1661.1269429541526,5,1,17,0.7673253858961949,2794889.882
1627.6963887018883,4,2,28,14.618586908216418,2346149.374290933
900.0211269680359,1,2,22,1.224500978483962,1380193.462018656
1423.3467898062077,3,1,36,11.877959049196045,1758787.1320235003
3044.4181074967273,2,4,26,15.493813593362212,2847005.699985437
1881.9887204860756,3,4,15,4.6983512929771765,2836700.2524878117
2436.537042248251,3,2,44,3.999344256686687,2582954.554094709
2258.2142735276293,4,4,26,5.854644728341422,3246687.160301304
4453.981669999536,3,2,8,14.022304173019013,3571217.6696437052
4583.315595646268,4,1,4,5.171049073450973,3932909.734458432
2769.010675285784,4,2,7,10.085222904041299,3112473.797666384
2052.6861813886594,5,1,17,2.775875393811125,2950498.5009224247
1069.923098,2,4,34,9.277792518650104,1944078.6165365153
4794.972669281218,4,3,5,12.532096638851185,4286517.319967903
864.9985575613088,1,3,42,1.5291966403752675,1456588.2640774662
1909.661221300434,1,3,22,16.326923531650245,1782965.0581215292
1911.4912851480183,2,2,45,18.754974784056596,1720319.0649971943
2009.7656590169456,4,3,25,3.951600405591921,2965523.739500952
1322.8621103986009,2,2,50,15.212711638949294,1471849.7405246317
4045.9102960642676,5,4,38,6.337986581334033,4370868.334509771
1138.9905926503525,1,1,23,13.56681995252519,1047831.8153789898
3393.5893002739163,3,3,9,6.202880364728415,3392409.960946707
1144.9225175055967,1,2,14,17.260628344704454,1221921.6099630264
910.3568054090089,4,4,37,7.007450898711351,2494702.3028345946
4601.489816217857,2,4,19,16.991730891873097,3630583.208375784
1436.566571802305,1,3,28,15.346237181524844,1536031.460374973
4213.500680062699,3,4,5,4.006845858828375,4066286.3409590996
2996.3758328713975,3,4,47,3.2233663110610866,3263393.508318795
942.5686862785863,2,4,8,15.615152106248335,1883654.2191186438
4803.972042327497,2,2,50,7.867034756626379,3359318.244135538
1686.629134764327,1,4,49,18.992924068304507,1683129.0041203906
4382.439519551469,4,4,4,18.864670467434706,4158599.268531358
1342.7640254520825,5,4,47,13.900264549159331,2823049.6398471724
4357.348681424152,3,4,38,10.06154876,3852116.2836267576
658.2067767832935,2,4,18,3.9798494259984762,1924179.3179759944
2851.834008905715,5,2,4,17.659615453899733,3317397.6134791807
3985.547349,5,4,19,1.7317592913684723,4527811.407004373
4713.100276968246,5,4,10,7.469990408,4821823.248424709
4600.489399308543,4,1,49,6.452468258068283,3690868.2525972235
4206.349426009638,2,4,26,19.172733701842354,3354392.957072289
4508.041938509738,3,4,28,2.4505069371960975,4129683.7486152644
1476.5666176831367,2,2,6,17.813984932860173,1716676.5282886822
1850.4109011316066,1,4,49,9.183049178131606,1961217.3851074886
1871.4615096526575,3,2,2,1.045228281496238,2569499.1073007216
2259.037296407475,2,3,4,14.604440414310458,2382102.758021846
2330.61095,3,4,12,2.1074973193502022,3127828.4465647284
2996.043428480572,1,1,15,4.816381157969624,2191367.009185211
1303.4709588123421,3,2,11,16.014603815676406,1941116.321
3641.485320658353,5,3,38,3.1791669786085146,4031832.238861324
1337.2927729398286,4,1,26,6.576853860472855,2171782.227364775
1965.3573212600093,1,2,44,7.283865967779323,1681674.2593787352
2814.718574667078,3,3,32,11.817171119426938,2875688.7830493175
4104.338471,1,1,14,15.819672605903618,2530448.7013378954
3853.664626,5,4,20,4.693144093449438,4397642.349360529
3440.351168206298,4,1,43,4.195080096,3185946.9002931505
1285.4023465527487,1,1,16,4.515861613118296,1337056.8591183259
3006.999520708542,5,1,36,7.694076296940893,3234291.152519771
984.7646079194959,5,2,48,10.748552935280077,2302084.1633584634
2260.3979779052634,5,4,14,0.36755459378483896,3717520.8151812525
2419.4727332758202,3,4,19,15.62792194911181,2866850.845759991
775.1703335613169,2,2,18,18.541652074172212,1291425.0434015316
1805.547637667876,1,1,0,16.88603919839354,1429725.9529703844
4804.857655972553,2,4,3,0.8399717834918781,4135302.3104207567
4795.983474450633,5,1,2,10.53764332543952,4241911.788820844
2150.2390387111727,2,4,7,16.29913951492117,2478809.6471614805
789.6404793726258,5,2,40,6.947877924714065,2320535.599296349
1388.0177330439988,5,3,43,17.951043820539354,2584660.9082155298
2325.7582911075765,4,1,4,17.748905601575494,2552573.9516265956
4770.230671064611,4,4,8,2.9199199635967013,4651389.8543646885
1221.2758795636137,2,4,0,9.923252325581108,2176845.8113745023
3959.4697121401337,1,4,42,0.6107829065518553,3222192.1160433474
1078.203173248645,2,2,29,5.709006194792686,1644594.380832786
4917.533340521618,1,2,6,16.25626947659286,3168314.198833269
2279.1125960801937,2,3,21,19.505298053028383,2209123.2550838464
4011.0319711558463,3,2,19,18.275132802513223,3209686.2476319764
2107.400764,3,1,28,0.9473493590438612,2359426.313
3361.743059498758,1,2,26,18.54193744985616,2244705.698856573
1444.8707728561617,4,4,24,16.470698719206354,2637694.3301482713
1242.4924849066351,1,1,45,17.367280083339622,913573.5588908424
4727.482214099778,2,2,34,18.305052828185172,3192312.968590503
4637.648022779507,5,1,26,9.814780359190959,4057201.322310252
4504.863336936683,3,1,10,4.303244045832662,3581039.7056560055
3351.907180733011,5,2,16,0.5183793287710463,3850258.921895402
4156.380129351624,3,1,30,0.5686105872016363,3381490.771036097
903.7625224100497,2,4,17,12.885977314199055,1873834.633025361
2073.071784318988,3,4,18,6.811873777147202,2874971.3347208677
1980.2937489314875,1,2,49,9.968343381360745,1610452.9249428462
3396.8394165914983,5,2,37,2.713570023813749,3723821.225923792
2166.2142032708184,5,4,28,19.512715987076813,3217525.6999981906
1253.4298392321955,2,2,14,2.6858656918356423,1867670.523883702
3224.455131819592,5,4,6,8.951646237869019,4067867.5592567334
4183.289250943959,2,1,36,8.922735308799975,2897862.837400297
2281.343375623882,4,2,36,0.27190727062085085,2919906.4605038413
1181.9823464333194,1,3,6,13.38917968,1557880.4976980507
1465.4280681764214,3,4,21,10.810390396216496,2476179.1442681984
1644.9265427452895,3,4,11,10.000174155737184,2632132.7063622186
1919.5494091759595,3,1,7,16.379888283356856,2061849.8570251598
3428.2983102277603,4,3,17,4.898630016,3695849.472892358
3244.1601319659635,1,3,27,17.235826514716557,2407036.453792968
3662.7513908949722,5,3,17,17.309095394029338,3864866.705671217
2195.008731938658,5,4,30,16.554560086740363,3281086.0823388393
4225.589668271905,1,4,16,6.893815723282573,3359591.4377746186
1497.9857090853452,1,3,22,3.3348930529284804,1836967.9115884204
2663.7792890798773,3,2,10,9.556024476659703,2755442.0731110624
4124.130374782293,5,3,14,5.270837060694715,4351321.364
1392.6980500235247,1,1,29,1.1384127506687918,1393253.688102704
1083.3977004594449,5,3,30,5.661453239584663,2743142.7035423466
4488.209457827154,1,3,5,9.435653402378021,3295064.5789703345
2108.890516140462,2,3,11,2.3434373151319137,2517249.4298719103
3609.028549599741,3,2,22,18.892241304155736,2981342.366821073
711.5338587613293,1,3,38,13.156413505704744,1167311.577370887
3636.206309001578,4,3,39,2.8131805505493297,3731512.462
1990.8457708066703,1,4,35,16.260077595714034,1959894.2515933716
845.2597557847437,2,3,34,18.568957086701086,1445923.6542626673
3283.176150811715,4,1,2,5.329403016154809,3289672.9331870787
1659.5367907219622,4,4,41,2.9507298731361566,2930426.7160025756
2301.951865028272,1,2,27,6.517262510546977,1950303.6004075138
954.5555740606598,2,4,14,16.661751112607668,1838715.6828824938
1247.5183048177594,4,2,12,3.5843684677069905,2456744.701159057
1911.0998361817126,3,2,18,15.60899707755948,2218042.894643984
994.9418024646914,3,1,39,14.35363890968491,1480071.0411429647
4607.635564619787,5,3,17,13.062197480364656,4422246.750806917
626.60699,5,1,30,8.723018237037614,2053516.0483683175
2728.9849630029703,2,4,36,7.398728629728901,2801190.827011225
1142.2888157832263,4,2,20,1.7966337108975785,2399884.651777979
1953.7879937029736,3,4,38,7.211380126705284,2707339.312421699
4674.662063200368,3,2,4,12.076651943164409,3740470.910841213
1311.4560344055421,2,4,50,17.974363401308803,1810913.6672809122
4849.662206760663,4,2,16,16.67917830938067,3975920.4552970356
1505.4952587534556,2,1,18,0.7410930317770078,1812598.6868455047
3862.8908772540503,1,2,3,2.8633716136739924,2923850.924457863
3005.3799655481716,3,3,25,16.984910764285384,2902664.6855926956
4491.706401,2,1,23,18.79243546447953,2919677.409527597
3037.570324213776,2,3,38,1.2105960070074888,2869246.160071056
2952.060564287758,1,4,37,14.054916075596104,2474604.8787362743
1460.0152016209595,5,4,45,7.378088977838112,3022118.739358035
1331.4091930272984,3,2,18,7.349375924755839,2093389.9961228496
4632.552264908262,2,2,29,12.889116931261857,3278166.7119332114
2042.488075,3,4,25,16.223300149542528,2636450.9525835416
2237.1619218367423,5,1,10,5.5692672625192365,3021868.5337723037
3943.224097084909,2,3,38,14.136551446937498,3063553.937708022
2090.8233226603525,1,4,2,12.753938544609598,2245005.808542302
4789.074765211612,3,1,21,10.394681165924343,3546316.6773916367
3846.8821835947215,1,3,16,12.088272401426863,2866348.5618731407
3228.688667323048,5,2,10,0.45926231986970734,3819832.005368447
4475.938706396911,5,1,46,0.18091200595851523,4069024.0311836023
818.2659967377241,3,1,38,11.053727477177802,1462731.3669296233
1731.0758456325184,5,4,46,10.529758448858212,3089615.6719434126
2646.159870572004,4,3,26,1.519570586014372,3327361.441670032
1598.7055736746925,3,4,48,9.891323899798984,2426199.2269456843
3873.1828241294684,4,2,42,15.174822623039347,3387767.8777082646
4644.515336636391,5,2,28,10.869928635900612,4229532.013704501
2464.588527696063,3,3,11,10.400524386083035,2833956.6942306883
2105.3834404923377,4,3,12,14.386378233122842,2869637.0736880293
4830.823221405291,5,3,10,3.5196997183669105,4759690.534439624
2557.3507044411795,2,4,30,9.203862589760448,2709271.0185296983
2751.812961976846,2,3,10,3.0461527503787784,2829656.3440851653
2147.259438304384,1,3,40,10.524421908663026,1927814.1990832486
4602.013281253408,2,4,42,11.879634506126088,3618086.869
3103.4041264401435,4,2,35,2.5212987021933446,3290949.007280522
3953.5681835992364,2,2,1,1.6027524414250072,3304401.9610754354
4171.949561,3,1,22,3.417998861205672,3372287.721252154
2104.135784435936,3,2,35,11.768118703960964,2306378.4362430656
2508.255057809672,3,3,13,3.873421307838539,2976332.0208523823
4333.275807387565,2,2,36,5.577341868357149,3239763.9844309567
2198.323547373565,2,4,48,14.080664329103882,2342221.405209022
4093.3145871881457,1,2,26,5.042062057899701,2880488.970540396
4740.366219327523,5,2,11,8.010787090165824,4419640.285964763
3342.125641499231,1,1,28,18.584022658034712,2024055.2856932383
3863.160064788311,4,1,5,16.517432566086132,3340904.2991767507
4142.428172980994,3,3,43,5.183897778147415,3617209.0490318662
4318.1744551452275,2,4,46,11.991758447896112,3453924.976719009
2338.2346865699024,5,3,22,13.349508011683586,3256800.1011555973
825.5592204,5,4,50,18.014806043649443,2467156.407418525
2368.255593441654,2,4,9,10.994599603773464,2683908.722749675
3564.527411049995,1,1,33,11.26960886389721,2256544.446351371
2581.5416974354885,5,2,43,17.780099548201253,2984841.7758580367
3895.4378637857535,1,2,11,1.1821969281096298,2933747.9114350015
2170.722689662121,2,1,31,12.600012317949053,1843034.0165763965
3392.874221,1,3,25,8.391319208908065,2668283.6443550214
1420.247141357488,3,2,6,18.20429136142212,1980710.661554619
3897.2255212378104,2,3,31,19.21475140447743,2973990.6506336746
3001.0622627773137,2,2,32,3.4879205580977315,2635445.638
1497.8833096050425,5,3,17,5.701222565298998,3014590.121600859
1884.409163390352,5,4,34,5.541812264978222,3326041.2544999286
3893.8783177600626,5,4,19,2.1024897825082483,4474562.281334183
2723.445436910691,3,2,30,9.710583718878846,2682183.962182086
1550.5383377295177,3,3,4,10.310320073517557,2413735.685498725
4855.993238,4,3,31,11.50226736722513,4207624.189574469
3746.550087194307,2,4,46,13.29287149228048,3142090.531855861
4811.393263175103,5,3,41,1.352057304048377,4638328.403610901
2479.2622,2,1,18,12.487422561268641,2064555.5666716998
2690.4414990435703,1,3,0,18.284804834663646,2244197.5709328298
4551.0029512140845,3,4,6,9.154320482,4127087.9840762313
2910.2170970796924,4,1,21,2.2235776220242984,3070309.914203678
3712.0272123849354,1,1,49,1.810286131895749,2439480.802
1709.560660980332,2,3,33,5.7068700319269965,2140315.847955943
2565.5964622916185,3,4,50,15.075240063317082,2795966.3479837854
1143.1794095655625,5,4,9,5.293893140820053,3085384.760070698
1506.3121578586313,1,4,46,16.305185154793307,1661725.293937767
604.1510271775768,3,1,41,16.411217024622683,1233524.091200652
772.7662273,2,4,25,9.196525576831045,1842125.5201947489
4900.048821978489,2,1,31,6.085697973789091,3337983.37
1666.3562586017542,1,1,41,11.993576338909811,1252979.520626998
3518.5671218176085,1,2,26,16.229549964240526,2369365.4797283113
4292.038674718291,1,3,11,1.3849588802167907,3327993.0778591274
3022.9060206408826,4,4,39,19.073128512199386,3299663.358180771
1273.8358003694073,5,1,22,12.953415471337953,2332522.5088622617
3803.712324279132,3,3,13,8.023140350482318,3541066.2732342375
3241.1062044381656,2,1,33,10.169782787178452,2416830.3645798313
3817.5025931284504,2,3,16,7.773290685859467,3237958.4009513534
3986.8851405711835,5,1,5,8.310959479675859,3866896.298796392
4891.805617812878,1,4,26,11.952770555758201,3541520.315895593
3123.6784321175237,1,2,7,1.2987858874576903,2565536.4164139256
2103.220895838648,2,2,32,3.590004787200747,2184483.2702796264
3453.2440503610433,5,2,34,4.618087439090161,3728933.194503036
901.1391207,2,1,46,8.209534058139027,1221051.797275314
4548.548201,1,3,16,7.484044838588477,3309266.1216400377
1125.2764498880658,3,4,25,14.471870737402412,2212873.728300302
2042.5084866976003,1,4,6,5.257669437275726,2350773.772707603
4189.279674754932,3,1,45,1.2357354587803633,3309598.0463061766
3228.174464655132,4,2,23,1.2033006984293975,3439694.1364632957
2331.996289220745,5,1,24,0.32513040688892697,3104168.4545769114
2683.116901250094,4,3,34,0.8567175301328188,3319097.018126708
4360.0085300895935,1,2,25,17.187347427480308,2775930.234599508
2096.019298663525,5,1,49,13.975134063816958,2588179.886159741
4426.458613173554,1,3,4,19.919030201371037,3059521.6206636736
987.7914962974426,5,2,46,0.5042232896219612,2518484.2004605993
4017.9131237179754,5,4,37,16.995130866398856,4148726.862635328
4329.209585,1,3,34,13.951520952398244,2980247.2917767726
1399.9976724842904,1,4,29,12.842814386382209,1762815.4666188182
2493.524742437682,5,3,49,7.194989299821759,3322535.5033267234
1328.1990085200848,5,2,24,7.596875554320574,2656834.911277949
3709.058167574558,1,1,23,16.926667691155053,2265668.6480684956
2955.5301794712896,1,1,29,14.298329177399681,1911471.4242919686
3395.4227255166124,2,1,19,13.439299949010989,2498598.281882404
1464.542654607329,2,1,2,0.7099216361505682,1872745.8126849704
1531.6817930306458,2,3,31,3.767960749210342,2100154.5996354334
782.5882322,4,1,7,19.256226758716497,1735842.4990517814
2017.0971548612108,5,1,50,9.141987870824735,2640381.7381184283
3062.8765098681697,3,3,49,15.649725281462334,2838116.6674091555
4374.913621588246,4,3,46,7.847572001826225,3965178.288861916
3534.480768818195,5,2,22,15.310025255149123,3615712.7974104327
2515.743822958906,3,3,45,2.472330105,2848098.2274777773
4793.728503334206,2,4,15,0.9383475905832226,4067770.217959756
3764.6788825336603,3,2,34,9.376913773260307,3189474.0839059413
4692.726893,1,2,24,11.87375931481745,3053561.1781055788
2921.387082397529,1,1,14,6.5416676369981825,2124533.1065631183
1739.1788090898142,5,1,50,14.348492096797589,2397292.480713273
832.4374200047768,4,4,7,9.966811012856954,2546555.4078495665
3794.773346528942,2,1,33,18.573505266114505,2525589.486046498
1133.733191,5,3,24,1.791311297856555,2875713.2877593613
1932.2105643966556,2,3,48,1.4247104515814928,2262283.9912710153
2942.8719946891483,1,1,43,18.111924859715018,1758870.418254591
3083.4329862308896,4,1,18,13.415231942867438,2948084.7723624134
3242.5660667433986,4,3,42,13.455253933817609,3306850.8727996643
1331.5234535386828,1,2,49,0.6483489233872458,1472467.6664059137
2270.8445812152545,3,4,12,18.759736987223103,2764900.468967483
3315.6545993146533,4,4,45,15.459318613016272,3488313.8455013186
4867.2030043886525,3,2,11,15.309864874346307,3737077.122811718
3801.577006,2,4,14,18.247399862806166,3230513.423787509
4659.456531213415,4,1,22,11.605248005197119,3752296.2236070824
3953.733056582379,1,1,39,7.953861172219744,2487462.2229511123
3203.554663126562,3,1,1,9.665515455,2868139.940570569
1444.902824199916,2,4,39,15.56709,1980782.5302840471
3533.4168683270573,2,2,22,15.39772665202565,2713426.819227333
3342.870090223591,4,1,4,12.230773766411934,3171492.4878878742
3250.8643500119724,4,2,33,4.439799163199048,3336309.109846323
2755.057819148259,5,3,9,16.395793417805997,3469285.9593223273
2926.089057552813,5,3,26,12.980107207382911,3538115.3027330656
2071.547119319658,4,3,41,4.503114215808693,2905384.1934479726
2884.975847626134,5,4,3,9.664824550171009,3898864.350913964
1469.2459849853044,1,4,3,19.944405981882372,1785407.790959322
4142.767348385658,1,1,7,6.634758797699893,2768361.416343149
1417.4186006743143,5,3,5,2.4195562339399324,3099991.093762676
973.8516755136523,4,2,24,0.5311816019649428,2320975.123821845
2519.4825159714924,1,4,26,3.7741839074925485,2518930.497940213
3496.552733826672,2,2,46,3.820629490667886,2806536.695204296
2525.954029707582,4,2,49,17.17556205283968,2639138.6919013145
1817.7181805857579,3,1,39,3.2074795090303745,2114382.418216589
3055.9532091179394,3,1,19,17.266753743380765,2552314.447795672
2126.8102758136797,4,2,26,1.8256585180184781,2861564.885650788
4704.617836557186,5,2,6,18.142221567027608,4224137.405
4659.638614255718,1,2,22,5.201434688234615,3180463.5314674843
2810.436008,1,2,19,12.26881143360504,2129514.6933708265
2042.6895736803374,4,3,48,3.2785709770983584,2880446.285402519
3843.382621409212,2,2,50,7.862107070304768,2879122.0874028276
761.5369513254932,5,4,33,1.8067793132006442,2844305.807503051
2688.9836265920653,2,1,28,11.632611264711162,2136512.5061061266
2079.8229347894676,4,4,43,6.982961982,3049925.1458608327
4650.357894451241,4,1,50,17.05778666388198,3498696.132052298
652.8133199998032,2,1,4,3.718147918154632,1396716.6197411264
3032.385453160736,3,1,26,5.6717624819841035,2737430.3950450034
3858.9197566931543,4,4,11,3.6273680798081402,4166585.434854732
2734.0791451057817,5,1,16,11.320073326696999,3125311.024123268
975.7733327159754,2,2,36,2.323768956873494,1626084.205324835
4878.830116,3,2,33,3.8682044046910113,3861723.8880718825
2879.245898054831,2,3,29,13.601949874496038,2587256.869641812
3302.419475,3,3,35,1.5808490780652091,3309265.6740448386
1641.0830439130323,3,3,5,14.888957074680143,2362435.2985672303
2727.3915744699366,5,2,31,2.1762364327798314,3429843.9766836893
2488.257764616616,4,4,31,11.751226315717703,3218777.2740982715
929.5417048087285,3,3,8,19.956408166100672,1890315.6071866679
1067.1055556088559,4,2,21,3.5604688451011115,2322016.319006723
4284.879086322608,5,1,9,5.2956177414596555,4056200.106436428
1655.207789708997,4,4,28,17.978690414382147,2692703.004671173
1457.8163945939743,1,4,10,12.563102036635009,1892319.0746686044
2821.6103855006127,3,2,27,9.901372846205785,2742450.653930508
3982.4873779950567,5,2,1,11.297831435673723,4024959.9783883714
872.5646817475468,2,1,20,5.980357358,1381348.1118120386
3137.9548464083255,5,1,30,17.120903460843078,3141232.2720916187
1124.525948498523,3,1,40,14.930853598167221,1528318.8203902342
760.4286236327212,5,4,16,12.885082003444916,2707185.59
832.0733895137565,2,4,26,18.641677704719978,1677876.058766796
4270.3220761171415,1,3,29,11.60440612479924,3022745.8336669034
1119.078927963471,3,3,40,10.286354460051802,2018485.2928850166
798.6660034140846,3,3,7,19.51629870644676,1838679.9456824244
2526.7595034288142,5,4,36,4.199680854001094,3664059.0527387033
4313.571276544909,4,1,4,2.9251666466343216,3842955.2234440856
1754.5968565529286,4,3,25,3.3294291037222905,2850382.764306336
2455.5355171140322,2,1,5,19.789895959522298,1971642.7574708874
775.6591432805054,1,1,15,13.079795992464115,915906.5698952877
2575.9454621934537,1,1,0,6.187865349442112,2028888.3422122018
3141.497554803388,5,3,8,5.0546583065521755,3894328.5293749683
3111.991036509437,5,3,20,1.2271079428043696,3896126.277502949
2062.6774455672066,4,1,6,2.725751841209751,2711496.6040637256
1988.3459949177964,1,3,42,18.17263436860205,1685393.2281911746
1069.1439233210308,1,2,14,14.972087108319835,1229803.137598436
2213.9126108435808,1,3,23,18.837038716629536,1879888.449193517
1037.7765430410445,2,1,4,8.532245635458654,1492916.2769156664
3973.0221567330273,2,1,50,12.064621196618083,2659891.5725384695
4851.606910092018,5,4,37,9.725058054079911,4710975.212068728
4868.327609333511,4,4,28,17.639569390107617,4306045.334968921
4406.312837251733,3,1,45,19.82849955473898,3046259.3456354043
3243.485457094324,4,2,45,18.66222663224235,2988171.1140066325
3683.809067873072,2,4,10,12.001311370874134,3316551.224623371
1854.9055317938219,2,1,3,1.3298593460456112,2050528.4970803158
3375.3898487595307,5,4,9,12.388779599140717,4059592.250501268
2604.858017535461,3,4,33,2.031243688469206,3161477.0531026637
2720.8762950185032,1,1,3,2.8625473253504135,2152860.119106561
3934.216865650695,3,3,9,3.9077594939637867,3708626.161050389
1840.4407646279074,3,2,32,7.3335190789896645,2278222.9188384777
1999.3742914558875,3,3,45,11.87655102464486,2401829.0433393638
4668.423880966001,5,1,17,6.737718116057387,4179130.4962661704
847.3868973442778,2,1,11,9.100115435987048,1351364.0580567152
2736.7909130186977,1,2,50,1.0410517583901917,2162247.3394458625
4616.323521794591,3,1,22,12.43318023,3414171.074313293
3285.597234399891,1,4,43,13.174932133568245,2628972.892632898
3004.191126533381,3,2,24,2.077863946193966,3005211.202447129
1698.874388609163,2,3,36,15.723831404264637,1919633.4843236061
2110.4121518835723,1,2,3,12.984445197473509,1845190.0900966332
4349.013029540649,4,3,12,9.845615643,4082267.120020659
3060.5597797812156,2,1,17,11.101911496212765,2387914.578
2864.8656525298316,1,3,28,10.110610117600633,2354893.5420172205
1038.1507395761273,3,3,43,1.170479580181907,2145338.696288743
670.5238884025417,3,3,29,14.729474272524584,1760345.3768550965
4840.214830223016,2,2,47,10.285031673922681,3344079.6997373723
2258.739136062103,2,4,37,3.5391946845894675,2638258.592
3254.137473237819,3,3,27,13.64654398956131,3083810.774932001
950.7463220240539,1,2,6,13.931805560634894,1231409.9679036464
3605.702857181405,4,2,23,4.348559841315845,3565553.149868703
4703.293518306228,5,4,40,15.950251947216419,4497314.6383131035
3132.9271131886467,2,2,9,9.184444045032196,2702447.593797997
1154.9074184518065,3,1,36,3.694131288890445,1788244.0015524116
3159.5747208832977,1,1,26,13.186638065929476,2050727.5172273766
3971.9277376604705,2,1,20,11.974866594233514,2811139.4550498826
2388.232760925682,1,4,35,3.491085883886753,2413967.5808894234
4471.286090942459,2,2,42,17.459743105575587,3041121.1014640355
3454.2049947724036,3,1,50,17.105233220856803,2599670.7510733833
4556.695240472491,1,3,28,16.741267298335252,3068195.192373858
3343.4233694882837,3,2,6,8.044634393365714,3145491.9149811454
1177.6670768212266,1,1,12,16.509993217651168,1063306.5921619073
1962.643528862832,2,2,44,16.911426636789272,1787766.1497999479
1487.8977723108105,5,1,22,19.931151415034794,2299998.7759590265
4598.836589954194,5,3,49,19.156331901655605,4135964.5750483023
3945.7602960649238,4,2,24,7.7186619672503145,3663179.826791773
3576.1528232040264,4,1,40,4.0442645716274335,3271864.038273782
1924.2518063791354,3,1,44,5.920001617841877,2088398.7889370476
1409.7969970209394,1,3,12,9.946146410651263,1710648.4884017617
3928.384787151212,4,3,36,16.12860691375653,3626293.173404793
2686.2949618679504,2,1,29,14.487382708949287,2073072.7448593068
1593.4740294627682,5,1,25,15.775483900346085,2420900.2548287795
3313.1367039272104,1,4,11,7.660534822473181,2913030.573618459
777.4689494091887,5,4,0,5.013402421230764,2953139.344384297
2035.1491181643155,1,2,17,0.5801805069973491,1985643.8670465283
2661.6507762009924,4,2,20,12.561054079368684,2944277.2246174403
1251.0166700813857,4,4,23,15.921250943079198,2556756.2342834263
4932.479701399694,3,1,16,17.793895832392643,3495034.8521563117
1520.0284041943028,1,3,41,9.577133878692665,1628144.4426276153
1173.5537721903684,2,2,8,18.560150986324366,1540246.784473014
1495.553445102344,4,1,39,4.128000026483935,2234889.6401258106
3983.868985902787,3,3,27,10.336124650576163,3514884.9180441876
2472.224900796108,4,3,14,4.353978123,3243705.8060441855
3087.830134911167,5,1,12,3.842702700460743,3471733.931550686
692.4402907399873,4,1,27,19.07242383,1594444.5869373747
751.4977577225841,1,2,16,16.373039705728946,1032961.0028510303
2561.632419238871,3,4,8,0.33481793918116465,3298792.769
4193.283070087144,1,1,20,5.443408603255293,2752446.281082784
4495.051066313287,2,4,29,4.182191495969085,3783554.6213415796
981.5088974,2,2,10,3.027970184877392,1744867.963117178
2968.7976492445005,4,4,29,13.978507344356386,3424501.596
4618.2106196287905,3,4,35,11.380072843575787,3971176.7710471973
2307.080119,3,3,24,9.133297957927201,2715547.0186211234
4250.089658284822,3,2,6,3.8709914629523032,3682297.9179876824
1188.2608793575193,3,1,19,5.6245993200049655,1851311.3713829778
4715.735754538315,4,4,34,7.186410875589397,4408812.577861686
3906.2625971377315,1,2,9,15.731105448062857,2658182.107711926
4741.871328262368,4,3,34,19.784869728114028,3969911.1876732204
3577.1158276310284,1,3,0,3.7611433880577687,2978007.964158676
2198.9773007974786,5,4,13,6.896301110976737,3561235.546283522
4727.997159108779,5,4,44,5.676010776237786,4695151.282133951
1812.4938157603854,1,1,4,0.9769411523862843,1731381.0029367842
2061.559097071623,4,2,39,4.462455252999642,2711203.361580136
3683.5570392076575,2,1,43,18.04211747335765,2430609.088240993
3967.3917179116997,4,1,37,16.872877759560687,3225911.2218689537
4689.375328936277,2,3,33,3.435186571,3675656.851156783
1501.1305998473217,4,2,23,7.386643951064178,2452505.3390066945
4111.191354964585,3,1,3,6.284980799912018,3379568.98
3849.6026349466392,3,3,26,3.0400420802777135,3598673.3939720825
880.6960475158306,5,4,4,12.481943371792765,2835382.074426377
2303.7818213249107,5,1,42,11.190225431269203,2782759.320141389
1844.1680110644338,1,4,12,8.597127521493595,2154814.373206662
1939.7578671577337,2,2,39,17.12441672935359,1797063.5170961125
4924.966270040683,3,1,20,12.432255666256859,3578510.939799522
3428.2206193116826,4,4,36,5.259546283091388,3793592.302098331
3757.775094291398,1,4,31,7.536724270277388,3037825.979844469
4897.117604,4,2,37,3.0881189226843486,4166469.341743651
2259.687843,3,3,30,11.86832813489226,2607150.2768132775
4128.096741192346,3,3,31,11.773918850615225,3538242.9116881858
2511.9362385397794,3,1,14,17.416655350850785,2302307.9303571917
4425.9481559859105,3,4,47,17.130752350736046,3700031.949082552
1394.893181769734,4,3,29,16.75514646585296,2382016.579672125
4769.8191790828305,1,1,42,11.024151162060452,2819099.484404524
1562.5955170078705,3,4,6,13.075194234073122,2554466.7919267905
2035.3702307160986,5,1,37,15.533284684968734,2586692.3397629918
3927.245830069834,1,2,30,1.9245281360181474,2839805.2704188717
2332.5226228877896,5,1,43,6.081898114039331,2894296.267267426
3276.1300577723655,4,2,25,3.464889862111469,3408440.149748271
2556.1234047054854,3,4,35,10.278207117487506,2962170.478
3866.427723,1,4,45,16.769592336988893,2837494.933
1604.6575104218878,3,4,42,4.6911681960301825,2563178.309394658
857.2151438422588,3,1,25,14.644980349897478,1475380.8830274972
1919.6893488814915,1,4,43,8.175897528,2045999.6419832406
2686.958125421093,3,4,1,18.071190517138394,3041728.170472096
1339.2882296477858,3,2,42,12.57311186284725,1872854.795671265
2161.108074,2,4,44,19.53340481,2234558.8591212984
2359.9252804917014,2,4,42,4.988828536982842,2634858.9876105115
852.5241122284036,1,4,8,18.486771726952032,1481199.5396794786
3166.551892,1,3,47,7.2054097164962805,2468840.669779642
4491.111083073665,3,4,4,12.477152499777542,4040685.4096455993
1267.6688169934307,5,1,26,3.572713447600082,2497053.057649031
3230.3552589666615,1,2,11,15.219723890762602,2320456.0697723962
3524.8525016077238,3,4,34,19.567183637329343,3265755.4961615927
2445.0725938448686,5,1,28,15.769779716203178,2831813.620702688
3684.829384402788,2,2,15,12.354355175622722,2885000.5067932573
2407.218791360453,1,2,18,9.019458110720091,1997893.1515701418
2820.4040671007137,3,1,48,6.970202525354403,2495470.9011475863
632.3533960394788,2,1,42,8.438351068718472,1102082.594749687
3643.5685021926306,4,3,50,6.632937424023547,3603798.420720162
3509.9077873567876,2,3,26,16.67092635339868,2856208.2847147374
768.9638602359161,3,4,17,17.87291135222721,2006696.621177731
2220.3004725385854,5,3,40,18.998187945623798,2994859.395461134
4907.740099483336,4,1,12,8.425410206,3990034.7637266614
2451.240875301914,4,3,29,10.969762148358337,3025898.1127881077
2808.5597825801037,4,2,25,11.580218878745528,3012348.431819459
4603.692695902761,1,1,5,13.056654729828939,2880386.1714591193
3755.9522538093283,3,4,2,0.14888118374827203,3929671.421334016
3161.1085769465835,4,2,22,16.869524461530002,3097836.717347009
4110.340597900719,2,2,11,5.435999015246035,3256123.2367497566
4403.211572406282,5,2,40,9.496064968051025,4076357.4049464385
2610.307515643974,3,1,40,16.84720831519916,2232882.509622321
2690.4768057000756,2,1,14,19.937437324318726,2041162.5744679805
2298.6241168680776,1,4,0,15.918181745231829,2295621.342
4853.5070160812265,4,3,49,0.5941814219909329,4334542.797705112
3667.5315188775417,2,3,46,7.438207998540029,3019674.517572288
966.1814913155181,3,3,7,5.019491659046796,2212373.8305811407
4397.022342577281,2,3,30,19.286221484818242,3227459.6596965934
2714.4637396795797,1,2,10,5.358155437904917,2264741.679186009
902.5171882589449,5,1,16,18.872668787754918,2058478.1364786914
3018.7559227185684,4,3,26,18.75659851868782,3168918.909089845
2435.522827493089,3,2,30,16.80426522721368,2396349.0273065884
4462.097381,4,1,26,2.0516281572949895,3824689.0456561926
1497.5762558813044,4,1,13,0.13970503732904255,2445666.9452983886
4236.4442817656045,4,1,50,15.898273375852899,3314929.591470062
3053.830241215992,2,2,22,16.88165124606619,2443955.0137909893
840.2853341392638,2,3,4,19.24741569530912,1579867.2712677668
4876.119325832133,5,1,29,4.445813967910305,4268816.301662178
2855.5070740540796,1,2,33,14.689614711692554,2033634.1608975057
1879.858158618963,3,1,46,10.429381906880767,1966014.3592761836
2665.3901047527356,2,4,18,6.636795883401887,2874632.052812648
4374.574247476951,4,4,30,12.165191100174587,4158656.2198393014
1941.5737472942794,1,2,15,11.009167932400514,1740276.4331034468
1447.7761445414815,3,3,44,5.916658546,2250227.819462413
1167.9134864958785,3,3,26,5.442402996422853,2209781.6014237995
1910.5813529169295,3,1,25,9.782946460530699,2099304.665352168
4032.2115829761915,3,3,38,9.533326518872979,3500112.1792149534
2675.1560068591516,5,3,28,6.110848793043127,3540033.945673031
1600.919056251576,3,4,48,5.348250045003337,2518167.4453300387
1331.2139982828965,1,2,50,19.090717441905298,1098465.5684076594
2064.009696645668,2,4,38,17.261173044433068,2261454.306
4735.667240697119,1,2,43,16.353904197948218,2890428.454493913
2109.3175353961074,4,1,44,4.364246996672431,2512046.7458689227
4947.745934200396,5,4,28,3.8668915962174424,4921208.053280165
2735.0140053675673,5,2,44,16.205647464132156,3088066.9715054585
1388.321240476664,4,3,45,3.7750195190757325,2558333.147961135
4521.016403891442,1,2,46,10.12036512152522,2892773.8176195337
2625.5636417932383,1,3,30,4.506293557,2337328.8678663755
3722.5539114199073,4,1,1,7.623588695036026,3468478.099913551
4928.3309661202675,3,3,5,17.083739125449906,3962163.618655453
820.7715414078856,3,2,8,17.839225030727267,1678274.1881937147
1025.4560630652954,2,4,14,19.93391709254769,1808722.6077860112
3770.009662436127,1,2,19,18.883695172300122,2477003.845876379
1840.0300145000767,1,4,47,13.45788941527613,1880530.137048833
1410.926146580436,4,2,1,8.691347284533062,2491309.045703874
773.1922712068098,4,2,2,1.2480782683096443,2316307.4883415294
696.1255327392879,3,1,29,12.202505658719241,1423685.5712995764
4007.736654,1,3,7,4.292545173880509,3147690.3414902478
1191.50708,1,2,39,17.017712048209162,1125072.217353144
2657.970710273064,5,4,20,11.023087699059433,3673196.519259661
3265.9459867897253,2,3,38,14.696683489633125,2713712.241706518
2484.7479225029233,2,1,42,13.502551190271818,1926995.8555503425
719.2692702794257,3,3,12,7.011890717443526,2024069.7388951597
4047.406611386799,1,2,39,15.20581239923122,2589259.975813092
646.2581879832753,5,4,40,16.883167352993492,2450138.665036085
3952.3155352609297,1,4,47,14.90819568373602,2907666.772060062
4530.539773,4,3,36,15.55845492845351,3938773.7058691173
2504.495652651558,3,4,31,7.264309239367958,3016634.5596427373
2956.386881630312,2,2,13,18.879389861689916,2400278.5616856753
2698.7269275176764,1,4,0,8.548985155285914,2643056.6787574375
2312.5179219431307,3,4,26,17.951299349074638,2731905.8920943895
4504.667955629585,2,4,23,17.17040685717951,3558598.759
4533.307446947958,1,2,50,2.574186410030725,3029842.913377682
2077.592004422752,5,1,48,19.32878413587319,2476893.2375982297
3306.3069176646713,3,4,21,19.927199539129063,3214282.386154072
4678.393273441802,1,1,13,12.162315682907112,2895623.2411670764
4833.057395341947,2,3,44,15.683890012112967,3447523.8155330317
2839.419777857009,2,3,7,18.680372047281143,2575775.366087199
2592.4291432510377,5,2,26,0.49848537034563706,3420917.782322923
1826.2549900855133,3,2,2,18.606801483529832,2195664.383476477
4819.036242037804,3,2,32,12.584586141406247,3662499.3162950943
1228.3829396806163,1,2,50,16.586282367348733,1097138.7405976509
3151.250135,2,1,46,10.860373233095478,2293090.5207474027
1843.221177082011,2,2,20,10.657866183930976,1973126.1829667033
1827.636477530305,5,1,31,17.960612294317738,2464278.9109831154
2381.861784455229,5,4,39,10.19869292904703,3456629.9517509914
4994.688918,3,4,40,9.488608684303834,4172245.2032126808
841.8517500952171,2,3,44,12.202957287724988,1521539.647397426
3145.5840000955386,1,3,43,10.419542625130928,2414074.0656494685
963.3174953552195,4,1,40,8.981110427,1866709.4572388232
1279.8916519582835,1,2,31,3.692424181733127,1475770.2604487964
2534.076943800754,5,3,23,8.008269694,3456545.9961257074
2846.024577924342,1,1,10,5.7127094466034425,2123431.0181344193
1738.6865968039056,2,3,36,8.069248057651889,2092631.2553532321
1992.4113758474311,3,2,50,11.903850076728386,2172801.6044934653
982.6548891261054,4,1,20,12.21614956823847,1911677.3713026005
1934.1670489147023,3,3,17,4.849363418024902,2649769.174201171
4852.857133274394,4,2,10,1.7811250676577153,4305478.983
4756.712479358919,4,1,26,14.91431001177985,3714742.958
2073.464476602734,2,1,42,10.618556785653922,1779034.0206926058
3111.7573196265507,2,1,37,8.897816857776226,2357595.2407620684
4602.219720888155,5,4,0,2.678949829210396,4912203.7819641875
627.2088196199454,5,1,28,8.351808643842956,2071241.1550374308
4167.007709485404,4,3,20,16.38169079074893,3820542.957032041
4772.826032271244,5,1,28,11.670569026344632,4077674.5537130465
1001.8332310676511,2,1,8,1.910412703444697,1587381.279569249
1310.3698185448525,5,1,6,6.712275149234452,2555612.3243920547
4827.283732193964,4,1,37,19.598060315680367,3601353.5778876925
2965.176632017524,3,1,30,10.93569868090125,2578547.2604950545
662.4651916755843,1,4,26,5.7992819839584575,1549919.8742629404
1733.5807945595284,5,2,41,18.277550449418218,2560912.3063957174
2579.7521667829824,2,4,31,6.786412616667431,2763820.749
3648.7992085089777,3,3,4,14.625155956533053,3376569.403228145
3825.9056638019183,2,2,32,3.029688064,3057031.988729465
4979.854656872007,5,3,14,3.2142129705689073,4820315.987128943
1865.0492772885398,4,1,4,11.270149004544223,2451794.5766577027
2968.168448221291,1,3,19,4.872484039643179,2556307.4614220993
2946.6236105822622,1,4,37,1.081708521914118,2731350.5529571665
2384.839141567845,3,4,36,18.53666225551578,2706359.243777924
1344.3123329066489,1,1,16,1.214192017430207,1432545.2442090374
4900.808878008907,4,1,49,14.377013945243737,3682537.0782038965
4354.595621332979,2,2,3,6.726417871679447,3392442.3713372177
2792.6653244946438,4,4,20,18.676748805695162,3287470.6042377357
3254.279859809731,3,4,33,19.722442544551196,3132363.997118159
1599.948635662514,3,2,39,6.775069961488217,2134145.8367058095
2992.6631097236864,1,4,4,11.863025710108893,2703743.9587639826
3657.8685857344935,4,2,3,15.482396615961939,3468959.2786523257
2866.734924900991,2,4,21,2.555846064667378,3041923.4592614654
4957.254750573741,4,3,13,14.218299847071027,4293934.296449767
3289.9032874899954,2,3,3,18.133329939871647,2831957.963051882
2232.284335405544,2,2,7,3.652200690713288,2372771.0719928234
3997.468921509688,4,2,2,16.790330817434164,3617600.762510478
1350.035050959225,5,1,45,2.4005091061516453,2466680.261460897
2291.8695803075725,4,4,28,11.409203761191161,3142423.633034281
2126.6193816613777,2,3,25,6.853337018667993,2365915.8685616464
2499.951218,3,1,49,9.487145625400208,2279905.614833423
4039.831234086396,3,4,29,6.082580473628892,3817936.9256749377
2730.361341518993,1,3,11,5.284733495108004,2469158.918961654
4093.663581170236,3,4,14,14.888469879163956,3743735.311106156
3136.551174,5,2,40,4.539952974,3542149.4455371015
2105.1055124932436,2,3,1,8.227419578988684,2447677.2827711655
4163.906472207279,4,3,0,5.563685878404871,4135352.4366398593
1648.4745504336029,4,1,46,4.848838173951616,2261933.4298420865
1587.285111,5,4,46,12.579212609312341,2976731.221477621
2819.8128658412775,3,2,27,1.0040294635346483,2919498.761754263
1747.7366822331912,2,2,39,15.79908487,1727559.5618934368
639.9829537853518,3,4,34,10.970057872672424,1995263.2375435447
3452.5091201147266,1,4,33,16.58590418253605,2694209.3945109597
2848.8128144785514,3,2,3,4.339018069622749,2987298.9639511383
2560.2783837699094,1,4,17,14.21718021272706,2375468.5057347305
4854.661464320588,4,1,11,8.469618444493236,3967611.281374747
3113.2764094368204,2,4,49,1.628399145597489,3043743.1399107776
4399.098942273292,1,1,20,15.074280205025401,2662736.7851404552
1213.5810393027048,3,1,9,15.267525984449021,1721112.9180666893
3104.508437769482,3,4,20,5.491245631220645,3407102.224364646
4419.110357615973,4,3,39,18.32931577726653,3812641.781366973
3165.6653320315513,5,3,24,15.302998955657824,3621445.605006937
3759.2623837588067,5,1,49,6.204471645555448,3575214.6770726116
2236.9916983737126,3,4,16,4.8582679538676325,3006003.4082138212
1006.777874963093,5,1,50,8.857782159,2140906.2124117604
2614.761298559114,2,4,5,5.926517314080435,2928523.221102266
2335.709319690973,5,4,13,4.418758772898697,3679152.402
4415.064802467368,2,2,36,8.042105068782261,3231363.2179623567
1673.5793303508779,3,3,39,0.6115140342443448,2494232.3025948694
4853.630601154476,3,3,39,8.088080306559498,3934726.6125503653
4815.807727139783,3,2,17,4.511086301524302,3897355.055643723
1689.5792295143303,4,2,29,5.3602503208220895,2557257.526445041
2131.428604,5,2,8,1.7428103960209067,3255531.0122340047
4540.445259845094,1,1,13,11.819740504348871,2833500.737939887
4853.137771942873,1,1,45,9.492983628695457,2876382.1315018446
2551.132052478594,3,1,45,15.03748482,2214489.2479434824
2012.3870008199503,5,1,16,19.74326264106901,2596001.1656929124
2914.813658306785,2,1,33,2.478726768727904,2407505.211883152
3626.184508009233,1,3,45,5.521259270173168,2742339.9867054704
1803.287867649911,3,3,21,13.680837148093591,2387700.108967401
3840.4819683239202,1,4,31,4.822508981118872,3133463.723
827.2923713044205,1,3,11,0.6999355587764051,1609320.3925809995
816.8957681634323,1,2,15,2.285151816564513,1352417.7658547433
2299.665902640399,3,3,21,8.729175856423755,2734922.352296042
2155.2820450671707,3,2,37,8.672614577241609,2383861.6490930705
1988.786148,4,3,49,19.448863343475136,2525088.725
2760.486955743204,4,1,38,9.372405674565572,2767468.2824846082
2011.2277621709134,4,3,1,13.593547378623017,2893415.851617314
1445.9348412596046,1,4,44,9.894799934095543,1769744.3400522086
1961.666015989844,5,1,7,5.471378128365249,2901078.3635319346
4889.578800365034,3,1,43,2.1984761957805423,3650492.794371224
2408.899034777334,4,4,0,17.195572920188948,3225210.9770892053
2556.7362181766775,5,3,40,3.137987619260981,3480281.274807437
3136.7979557850163,4,3,39,2.028182956865028,3497508.2368595246
4926.699381022597,4,4,40,4.355189359477908,4540918.821426057
1663.0456163173571,5,1,4,0.14952392077531315,2873205.2478474895
3597.641286342709,4,4,44,1.5321064815173588,3912851.4316453245
3750.332651583586,1,2,45,12.740415691838685,2460030.9300593366
3272.227434,1,2,35,4.946597376472113,2426854.688
989.7446944012339,1,3,16,6.836390703274227,1542817.4512394497
3578.2380136413367,2,1,40,16.722465121508886,2419342.622494808
882.0167285591721,4,2,29,15.480701700483737,1951067.2483742284
3223.0276580195464,2,4,14,9.895737210643519,3108272.003
3854.157179775668,3,3,19,12.298235499382503,3450786.7980045015
1528.2675187277819,5,3,35,1.8076444409604036,3017653.7886490007
4303.136833188206,3,1,1,15.255734559479022,3306126.644
733.5567443452187,2,2,44,10.372210187235515,1304007.0865322165
4312.776600096547,1,3,3,11.461887128658285,3176823.475579425
2625.4478228281664,4,4,49,13.343986612183185,3165517.097274737
1557.3869356992357,4,2,23,10.053488452144002,2427296.616911055
1188.6238379734593,1,3,47,10.481683340786123,1414351.1702753247
4794.551537362439,4,3,41,10.042748177775264,4156093.723230032
919.7285853570895,5,2,1,9.986667815,2519803.8544817213
1476.0110477180729,5,2,45,15.029085484095628,2477096.7322814413
2130.418328705402,5,1,1,8.601449691,2952853.089
3329.033335,3,4,49,0.15757703808506887,3481038.045057081
2997.124775214833,1,1,0,12.280057204825454,2117634.1616152246
1152.8313666141814,5,1,12,19.05798325103304,2199928.9363907473
1874.8031284481444,2,4,5,5.213500632752142,2572804.4696733467
1650.507792778506,5,4,21,16.342247290326114,3058081.868687048
1539.588559757502,3,1,16,9.164255144833293,1971182.0950864023
2409.035080511943,2,2,48,12.895343191170394,2071283.5945368807
3697.7383914032903,1,4,21,17.828387249434968,2851974.3688172633
1556.792901755838,1,1,42,15.443170894685641,1124205.9510885235
2213.3870706931184,5,2,5,17.70301042999198,2992306.2448510374
2320.036678101114,2,3,2,0.28944757963600304,2708902.3055621544
4896.408729515805,2,2,45,3.827568194402686,3511325.9189741663
4800.531970267903,5,1,5,8.527538810059601,4269388.127037076
4120.605364109134,5,4,16,16.972051769316753,4305534.564772549
1663.2992516044146,4,2,34,16.783999450253184,2290642.554901461
899.3641820033466,4,2,48,3.7842926062815554,2098669.1569803595
1994.378205970749,5,2,50,2.930624418604855,2953249.532717595
1773.8960175088557,3,4,49,16.710578460410993,2372409.3576505254
2826.073520644133,4,4,36,10.874542451212015,3380218.8294021436
4022.0028042982894,5,2,46,12.572718141804561,3794219.9574173708
4376.620931066976,2,2,34,16.20320088584504,3058919.3659209046
4317.401975806238,4,1,22,4.313754625384519,3727098.8134997464
2182.572469381498,3,4,7,2.8160475181043267,3064638.202
3623.831111227005,1,2,6,17.194980829404702,2502688.857129726
1976.470469106568,2,4,49,2.3243047077324452,2461422.0585029526
867.9843902,3,4,9,1.8547989288519202,2416569.1346446807
3686.887168652946,3,4,25,5.613795994772533,3670840.583
643.2412313070665,3,1,9,6.405292317994796,1613187.6873979545
2400.403385,2,3,18,4.898593545618911,2576902.739600614
2049.2687849291333,3,4,22,14.85830312275429,2682141.2481137984
3650.8611694829506,1,4,30,19.46974684458049,2750708.5659541828
3971.480080145667,4,2,32,4.071867720220222,3708975.603772747
1938.016398273649,2,4,1,15.658858571689716,2415503.9458073475
4171.158863557355,3,3,27,0.9804199843355245,3795643.950196285
1893.2337462217085,5,4,31,2.466162942334538,3406966.5323684807
2563.8359839408695,4,1,32,10.35083659788135,2679574.1781171253
3798.8815188621893,2,2,8,19.992216502895285,2824269.347477507
3648.849009,5,3,28,18.992376430649156,3769249.8937858697
4944.421278173681,5,1,14,2.3276645094347375,4420330.267002462
1590.7085065501003,3,3,17,4.869769629313299,2477631.7787931017
3514.1988195741624,2,2,17,18.921257809506837,2658347.171701262
3282.6003964134206,3,4,6,3.09940573,3613985.001708842
4626.433199756131,1,2,13,14.881500607030539,3015259.5058417725
1287.9934232374503,5,2,28,0.12204966581293612,2766228.636406784
3907.9119197825053,1,4,49,12.67107084323593,2920207.4611308514
3100.381911582581,3,1,18,9.942548394670185,2726012.9060022044
1808.5298270667838,4,3,4,9.473403066363623,2859469.770310437
2687.513622247566,5,1,40,16.600915839992552,2876411.412428249
2068.617027,4,4,49,1.7066134704338334,3119849.162249196
3148.978972269228,2,3,44,7.608909663810958,2766984.2109627123
4511.602688,5,4,4,8.976167045,4720950.920997209
3104.941931413689,1,1,14,2.5661385371786114,2295821.1130675897
3379.578641,4,2,25,1.8047642728492843,3493366.9529658165
2882.4905273047216,2,3,23,3.6743246606909765,2817431.688542859
825.1282284,5,4,18,4.896849727098103,2889300.0377424024
1624.5776502548147,2,3,19,19.324605491398316,1895469.6334037583
2764.8076095011643,1,3,42,9.564712853908485,2245782.466
1965.035248476701,5,1,8,10.254751750183257,2802095.507339003
1399.7598301492546,2,2,27,14.169264278718643,1646167.5476045718
2818.1845044411284,3,3,15,13.71690927629145,2924426.984799053
2020.3630911705413,5,1,10,10.105270302048018,2822749.0576486276
1735.6736299630247,5,3,33,6.862784044271733,3030254.052200395
2641.5358367376757,5,2,24,6.687928702390047,3331682.262425354
1186.450735561562,5,3,39,1.2484436044012728,2837929.413797073
4682.081225531792,3,2,20,18.002639771521267,3545660.735439788
4417.889230844652,1,1,4,15.410951022162456,2745398.5130833946
3713.5305772583556,3,1,10,12.504530501899737,3021347.596695501
1067.3408413892073,3,2,42,7.982026689963063,1828702.8049996595
4013.859919666649,2,2,8,11.691068039952457,3097781.5171385934
4155.012243679684,4,1,10,9.753287119,3597113.2975666565
3978.1643179430857,4,2,36,5.551306071729792,3662728.9556412646
1101.4499033246611,2,2,40,6.0415976594898835,1594565.917
3433.1950110981647,3,4,0,17.502146158475494,3431227.5
4271.029101297354,2,3,25,12.734670642270467,3320494.055907585
3140.3549653665377,5,1,9,0.128307446,3587284.251860219
3444.1924510035915,2,1,39,6.604748125615527,2559674.1810938027
2616.799309475747,2,4,18,6.864914748034541,2845774.2778815003
2926.3122074898315,5,2,15,14.156077633087158,3369707.469
751.2581767475909,4,2,44,14.039021515374118,1839521.5761706303
3411.437296682452,5,2,36,9.336681575,3603657.9349494707
958.3677367211004,1,1,49,19.024490314946753,718366.9801659323
2514.064215096983,2,4,40,17.457360477709503,2472557.816098619
1887.6824297365945,2,3,3,17.337593223107525,2146762.268510464
2999.8829809315375,4,4,13,7.030483668335395,3659004.7352033784
1187.0318763021112,3,1,29,8.676895804,1739650.9401727058
3643.230969,5,3,6,8.437342298113622,4087541.556483345
4098.050762,3,2,11,8.861310961033542,3481472.0801262814
1318.7595788698886,1,4,23,17.795294820716244,1653146.8111249367
1058.9775843482814,5,4,38,5.057501921439017,2903011.6718496783
1240.2681242643803,1,1,42,16.063681912090534,953533.3419946965
4459.361272353408,1,4,21,10.329395503390993,3382765.6442132015
2924.032751727967,1,3,46,5.056775296092317,2395553.7880464545
2655.9483824330114,5,4,29,10.593146199305128,3635784.1853347206
1069.5320040503589,5,1,38,3.989288251413458,2329653.1551012276
3458.046429730632,4,4,19,2.2527680203899947,3953640.7725618333
4419.198204338396,2,3,25,16.779730614857815,3313677.407976359
4244.017825023193,3,3,48,14.01650826627013,3466351.665290511
3354.6407195155257,3,1,4,4.179081905255991,3038411.6397569603
931.2263533,1,2,39,18.85166513214711,958252.7920950572
1094.546919574457,5,1,41,0.5855276294908585,2395235.8253017287
816.9595432832285,5,2,5,6.732275722298609,2513507.1752999597
1732.908552566865,1,3,33,0.5308954659815794,1955509.2850681182
1196.9104555056622,2,4,4,2.931722106457731,2284493.7037279936
1744.211377110709,3,4,9,3.683579585651887,2818107.014946634
2294.2554451634314,4,3,27,16.225663867838293,2852287.3633292676
4749.124249912997,2,1,2,19.861489443614353,3132005.2541885288
3285.654663039445,5,4,12,17.359673464759997,3900306.78
4273.884657005035,1,1,47,12.739146476762556,2511832.3170715836
3725.5466031342617,3,4,46,14.48617626,3407722.694508594
1095.0137743171797,1,2,1,10.504137781011634,1397097.0496426746
3838.049788045375,5,4,34,8.508617772295038,4243525.456681104
1810.4350788601475,1,2,49,13.87416172376454,1447407.2230591003
3412.074526776708,3,4,46,19.465022051586708,3151409.7404609374
2100.2326840291494,1,4,27,0.674991443,2366289.4312610775
4989.757958,3,4,36,6.350290511448116,4252546.087057605
1759.6265097858225,1,4,22,6.668190079841697,2101122.3714003945
1828.1740714067864,1,4,42,8.343592031,2001888.1131913108
4694.957924474553,3,1,22,12.575153723338827,3450648.8058748175
708.4353803998198,1,2,34,10.323687933346056,1042416.8496373061
3665.431546642066,2,2,40,0.47270807561324485,2987934.529913086
3791.4361192378637,4,4,38,8.291030609868894,3904570.365525872
4280.065740605757,2,1,31,12.427029220013734,2901165.2040069215
4887.532966809292,4,1,1,10.146012026116633,4000519.1609866307
4892.648444289271,2,3,46,17.45403109720815,3431916.518
887.2177332924412,4,3,43,8.032053846293607,2232640.7078246656
4216.093020112771,1,1,47,0.3499177285555389,2730721.0735895927
3443.763708092478,3,3,15,5.7694804993345254,3396165.1621638658
3448.3053912416012,3,2,15,2.799885276682865,3257827.9081914607
1164.7396771046572,5,1,50,5.079583437,2295451.0879224217
3460.8235323608747,4,3,2,7.305551558933812,3738973.6531060785
4922.923354645491,5,1,27,13.56544748119099,4119825.645803243
4612.0017059735665,5,3,28,6.550982906433777,4499654.112962425
2532.1749075413422,4,1,19,17.69377258377094,2581884.92
775.7710825,3,4,35,6.061401396853682,2156330.431396651
2194.091356000901,4,2,32,2.8249749016160686,2845219.098072447
4236.117371042443,1,3,21,3.4604218076713673,3208523.1674721115
3686.5960464467307,5,4,7,18.698139291251035,4099008.1555026625
2621.112084613408,5,1,46,9.150807978845293,2962212.8008341156
842.4467546988568,4,4,23,8.122208754443752,2508452.120364871
2478.3368024225315,5,2,36,1.4711275338606715,3294418.7686383696
2663.7097347586873,3,3,19,14.693089268760177,2807666.0001084576
4685.644344734198,5,3,11,13.923585262956326,4474023.385
3420.7788557615017,4,1,19,7.577236933751679,3228517.607310035
1971.2728332804552,3,2,19,13.866094638709207,2277987.441970361
2911.400363583174,3,4,3,7.412290034216286,3357127.2992115784
890.6433544175043,5,1,29,1.555844625745462,2333877.7027981607
4879.300236858842,4,3,30,14.788177608424741,4158559.484365243
2184.2635684951942,5,4,21,19.30750573821635,3265654.5875875875
2702.616361617798,1,1,14,13.000981510664248,1885961.4686999314
2163.2494866424595,1,4,37,5.601578580765675,2249266.0898102336
3603.051612511281,3,4,36,5.471413680751576,3576770.4507449265
3513.821496650209,5,1,27,18.58665417008933,3314850.5830276357
3747.418166328197,1,4,10,6.135477117215967,3165672.458924097
1779.8302102924517,2,4,13,15.38702544431808,2281847.514364182
1988.9413171218903,1,2,10,12.894008147849858,1751263.4137082652
1151.105416823315,5,2,8,11.892776043985844,2562370.1056362577
3484.2438761228955,5,3,23,3.70339014,4017727.0533677354
775.1073602768712,1,2,9,0.7847798135000394,1391531.0019727522
3229.802276,5,1,37,9.824674913,3298080.5579874283
4426.661893347189,5,4,42,19.76435628427072,4272716.739092497
4519.661452474387,2,3,40,3.9956220942450607,3544591.202
2575.7661456278315,3,2,36,10.783753883338559,2556880.9132514624
2620.9362281375247,5,4,41,13.45248796342656,3501091.272904549
938.6644052352764,4,1,31,9.725186558795523,1884501.389546045
3551.366111949357,3,4,19,10.18798275128416,3541596.3190533128
4213.54145,3,1,13,13.25842733504452,3241275.0962236873
1676.4822402607374,4,4,37,16.316619390398944,2691581.650426707
2453.7238791868044,1,3,3,6.732423508300361,2341886.387531712
4290.893082,2,3,23,17.995577109192542,3235207.9168040617
4459.330057714067,5,2,31,9.749527370372224,4144347.3995539066
1669.991913162594,1,2,9,13.271361696275857,1589241.640760097
3022.5107919820025,4,4,42,2.2196213182405287,3621535.887730508
1446.969862797639,2,4,15,9.900337798918535,2215151.093524766
1048.2665622140487,2,2,38,0.4205182785310842,1690395.8336407198
4608.9302061246135,2,2,31,7.881392302916786,3356510.1751082884
4210.233019,4,4,17,1.1842355913220384,4361104.715588517
3944.153567933965,1,4,24,17.94991866934601,2957751.329
814.5718027778179,5,4,6,13.48882190537341,2772182.381385758
4312.406687925133,2,3,46,15.858339488972312,3173709.472287438
2527.3939339836884,2,1,50,9.406821740941403,1990233.4502773334
2106.5385425017826,1,1,17,17.05276499507078,1491886.889453793
3004.4959885116564,2,2,46,17.47350773737204,2287450.7576127048
1001.9542679836457,2,3,17,7.200682973,1836636.3926390153
3929.244817150555,4,4,2,7.5994126770193615,4167307.0731392074
3162.7143383085017,3,4,0,10.213990102879263,3441750.2852009833
1420.9964262419371,1,2,32,0.9406455513382209,1596358.2201985214
1428.2216789838005,1,2,6,19.915789109592872,1350467.975
1410.6940669197666,1,3,9,7.247706556,1780065.8204348574
850.8105052285096,4,1,43,9.469781935798848,1785682.5320025953
3186.313177235413,4,1,7,15.119665854879559,3020436.189624433
4297.531981389436,5,4,31,6.020518668414893,4538028.535430738
676.9921415445099,4,2,22,4.1124653287317905,2110919.682301936
815.6204378736036,1,3,16,2.6362574075367697,1539757.9888903839
3120.1892174225613,5,4,13,10.607544450717407,3947616.638
4205.781015698631,3,1,16,0.20941592130483433,3483375.107527536
2037.6511185019879,2,1,24,14.219461750976203,1779109.242335787
2138.3033547539776,2,3,20,9.281651059335163,2348191.574294603
3223.924588985814,5,4,5,10.683274230395785,4037969.7279893085
1806.5367121462468,3,3,19,5.337772512957717,2566185.8239182867
717.0768107418102,2,4,48,3.647235794272393,1810266.6075897745
3835.0054796470226,5,1,19,14.029794457823444,3606579.769
3352.8596169423936,4,2,25,4.284443319164644,3430413.8601922216
3155.326396,1,2,31,15.623710572507783,2174861.9045766117
3863.410167564022,3,1,7,4.153083138283653,3278316.3391206553
3571.015685272965,2,2,44,12.292393750789499,2684332.886
1505.880747984613,1,2,47,12.913054074875749,1324352.210599109
2150.916606550745,5,4,43,10.162347261327858,3321884.2761531333
1154.884623,2,3,28,19.936136228951856,1603392.505218255
1171.3708590386766,1,4,16,7.579275923929974,1818772.829145056
3575.2612839687727,4,3,17,17.67809078859435,3513741.744316817
4377.840470722992,3,3,39,3.4676410275323817,3789240.332915166
4836.023368989012,5,2,17,6.810496361830743,4461474.675362209
3364.7273172175555,2,3,10,2.9928057058530393,3137180.462596034
1410.0458227882107,4,3,44,12.112127974877263,2407453.2700008773
1064.861519975295,3,1,11,12.801320272832703,1686077.272635311
4176.544274761734,3,3,14,9.124729291808945,3700450.4696490057
3146.528495983997,4,1,25,14.431204888074951,2924313.068334817
3320.4540924603675,2,4,2,17.366283844709052,3067574.2874403205
4038.4331905207205,3,2,2,15.553530271207821,3362818.9079405214
3694.4198020227873,5,3,37,4.909080902798769,4028701.2010597354
4271.616312566825,1,1,34,6.475945174847825,2700962.1708907736
847.3411840234653,5,4,8,7.667503425509833,2894993.4416058534
3889.090801684621,3,4,42,4.154948564686798,3716119.3476528926
4343.752132,1,4,39,7.2886011077712265,3295776.962057503
1858.9941868165831,4,1,3,4.837108969520272,2582427.832122204
3417.9680055703125,1,1,19,19.914984323627497,2080357.2344169237
1982.3130808826772,1,2,14,15.686681773729285,1672095.8230710702
4815.072692522797,1,3,28,17.214339693221017,3187922.470501296
747.0637187162165,3,4,4,18.45072324732815,2049190.3125158625
3151.088512865002,2,2,38,13.333519732806653,2483546.7798806853
1332.6156070178663,3,1,39,3.6019336950124354,1863942.0477130017
3733.768902779498,2,2,6,15.194668782563296,2897663.9938428006
1373.917247042113,4,4,7,0.4106681858809868,3008418.177907754
1635.6863523527734,4,4,31,2.3532857402921117,2980450.379474862
2775.2315686013358,4,2,35,0.6887307204386055,3163514.0879962137
4625.273779986263,4,4,32,2.7953578139944577,4461402.651817559
1531.5432374510717,4,1,36,15.064884368858776,2049146.8494526776
1234.6560929196555,5,4,31,17.72106331378965,2772579.698288352
3939.498060157735,3,3,42,5.648921581190385,3511443.5165593773
2802.7259422692964,2,3,35,2.470631212043348,2741623.264998099
4611.854494479794,4,4,33,5.531897804262571,4394962.209258962
1245.104051503306,5,2,48,12.977563673615792,2387673.6703836545
3442.082729301373,5,4,24,7.069040501564201,4124333.4727237197
1624.6682430679862,5,3,43,19.226805880244505,2677470.9220334208
1289.745886067213,3,1,31,2.7064780490847724,1900416.3001562282
3607.0894266919904,4,3,1,19.80781622350883,3567061.3069801363
3212.2123275984263,5,4,8,0.34778865981141893,4223823.308707302
3921.2408167942576,5,4,37,9.088690018006728,4258519.526141312
1961.6353363632024,4,2,28,5.111054286294121,2703269.500560036
2571.075288081636,3,4,37,11.369080835587784,2937828.9454333796
2384.0753758538413,5,4,17,2.021361556423334,3731283.3749027713
4929.993641452663,2,1,21,17.52887521506768,3174092.2345292955
1885.8954096533066,1,1,34,2.816875368184811,1581283.1155672746
1897.1958487257743,1,1,14,11.789047715545081,1507489.8881563027
2160.0121188458725,1,2,6,0.7636025747854087,2099406.9260315457
3084.213957677415,3,2,12,6.288742733094153,3021005.042281142
1710.220074760479,5,3,41,3.079485755307223,3053193.2403784124
4627.275737668805,1,2,35,19.55914825032617,2812127.8219321966
1769.0164854115594,1,1,15,0.33922521584513815,1667396.6564931942
4541.589218864857,4,2,40,7.112667276207922,3893214.182012588
1055.2902800449724,5,4,20,6.125243938991381,2969813.1793469763
3488.875891,5,2,27,13.181734472476887,3610476.173934015
4590.736281128272,4,4,9,1.2219215382661972,4590602.627903129
1342.497529,5,3,18,16.231293656377513,2721295.8094528723
4860.638624436722,2,4,16,9.383823554,3927315.7592333658
2592.6867858282512,3,1,0,9.110174158149773,2578812.827855448
4761.146477140508,4,3,12,4.613118619603169,4392983.784282507
3578.008191972207,1,3,35,9.851930669,2681638.400703765
1926.9822274436267,5,3,46,7.341479761173604,3051334.4366026586
1428.5311096352682,2,1,41,4.978215081,1574374.1712935485
1936.4342033904372,2,4,19,3.456472075,2568760.578307795
1009.276601,3,3,40,14.593877800682876,1877433.6624685447
1233.019051910651,2,1,39,2.926655169531793,1527649.3406690068
1060.505937524517,5,3,5,3.4428417232036543,2901069.052402503
2460.951592462854,5,3,22,11.583719810539513,3353474.3181249546
4100.5448555333805,2,1,41,4.598942395712524,2917966.497956757
1222.0876385518968,5,2,23,9.241591491193065,2575884.9075564044
1173.409905958278,5,3,48,11.103055320848283,2589316.7646664907
3431.0873778762552,1,2,4,5.561152163938437,2648993.5637636767
1467.6051206594916,4,3,31,6.936729592303065,2604740.8865880016
1029.4841676795631,5,2,45,4.283115858341673,2468752.6847772654
1334.1337441045416,5,4,16,9.262447334329627,3066490.843469996
4664.418141857815,3,2,10,19.848758195814323,3549906.8251169384
4214.473512,4,2,26,7.317966827278842,3795550.3376663607
2157.884074362414,4,2,3,13.10127454694643,2766589.464346596
3485.6113762405284,4,2,22,12.754299575284696,3342392.614718888
2964.0129641393673,2,4,22,15.750988473697907,2821659.630700043
3579.3467593232813,1,1,48,14.267176901283598,2129002.7597402856
3603.753070836141,1,2,33,0.334416706,2694861.1194015252
3366.429666263969,3,1,20,6.253420141,2922819.348419841
1770.8460215641578,4,3,21,17.417646209770616,2596743.004690984
771.6282513563998,4,1,0,10.837049349684781,1933746.0567888215
2604.4938407564787,5,2,31,2.1740593151542735,3368438.652179471
4520.285092639097,2,1,27,5.595124064715168,3177912.9831295623
3105.787937481734,2,4,17,5.739383694322376,3117779.212958737
4262.520583488395,3,4,6,17.476229352382685,3816408.622800861
4963.1471090294035,1,2,37,11.11268529430469,3138992.7667329255
1319.9112982084155,4,1,5,12.205640054823451,2155515.766112056
3643.8216122247222,3,3,13,7.404587342940826,3473491.977357862
3566.8917242801085,2,4,29,1.3001766420855363,3377115.247402661
4911.8039683764255,2,2,43,1.597440831635893,3573626.085659812
4936.643229392322,2,4,45,8.465612578,3838682.2812326294
3621.3858915861697,4,2,13,3.6321281803509526,3637723.3002903834
1671.9050847216547,4,1,43,2.1748249347344695,2342128.9617704554
4113.645687774636,4,1,40,5.318646542140468,3515122.831148826
1070.9281905285677,5,1,8,14.866722575953464,2262802.561849532
4035.0769383551665,1,1,30,1.5530642575028752,2701150.102131843
4604.862946236664,2,1,1,9.019695593833134,3281710.479345987
2284.466936981115,2,2,17,16.53913447532417,2091123.6970883918
3374.795297925554,5,4,4,5.431703821296523,4223436.490641164
2492.628021226036,2,3,25,6.1072968830852075,2563840.991055631
2526.1662419477652,2,4,22,17.695724844219658,2563841.542193807
1965.6319120757282,4,1,11,13.035071247248815,2431787.4491972052
3953.3703299814283,4,4,13,15.974470693162889,3956868.6692317734
4719.176882332623,1,4,12,5.8551639092223295,3647158.0810861825
4739.303780631629,2,2,34,19.935912531766256,3165606.557784807
1369.0376534497088,3,3,46,2.903837761208549,2261114.9896050007
4448.872058488891,2,3,14,19.242548043325275,3334257.9864822575
3844.6983422793373,2,1,34,18.05177247111856,2555986.639821615
1712.4845630372727,1,2,18,11.082703517193659,1609261.1292790803
896.0522968546641,3,2,14,11.74739995114723,1807751.0675087047
1779.1879742912631,2,2,50,15.523452781697861,1693797.8496159916
4613.716241838712,3,2,7,6.204963913222003,3812431.7607592335
3385.986169541398,4,2,22,10.596648662884864,3335733.0296173193
3772.640507950636,4,3,12,18.05727829521714,3629847.6061752927
1731.4703448800217,3,3,22,1.4581558409737356,2591244.9737248537
3765.3078845292093,2,4,30,18.120020520208666,3134926.4499647487
723.7346276228645,3,3,29,14.602680991856023,1789486.6120786292
2251.4139214012607,3,2,41,15.419912095895402,2276981.6368870395
3357.7147335862574,4,4,1,1.3878902503719437,4010772.479890007
1242.824888381809,3,3,10,3.836357711209044,2359358.208071041
4221.215727566513,5,4,24,18.512709806714923,4285026.585753276
1634.137714772442,5,3,28,2.568623824615353,3090369.2989982315
3470.0368964011636,4,1,21,12.660538826008885,3141480.5897847214
2382.8674273314505,2,3,18,15.675581738881505,2352594.9969924125
3222.5918201016475,2,4,8,4.702512287641131,3241918.5824023187
1072.7824315671958,4,1,40,14.005925204567067,1820945.629796574
674.4163196550722,2,2,37,1.404972614575297,1488781.6256403476
4602.083480473325,1,4,28,10.025491220548592,3425204.833930008
1786.3720385756044,5,2,9,6.755219043218859,2977754.5565277427
4206.578812,1,2,21,12.95026614543804,2803957.0013125665
4997.141322077681,1,4,23,17.791196436814808,3492419.650406862
1530.297535195209,1,2,7,2.5972692706540994,1742876.3002888397
1766.7512612067646,4,4,46,9.061122284197333,2836826.103023753
3516.5830655925292,1,4,5,8.521556749419911,3027533.315912184
4847.973992242733,3,3,6,6.543525244039036,4127789.409344903
4629.583132039274,2,1,19,9.655318633463919,3191358.111454676
2812.6522882885733,4,2,16,17.62649670919443,2938469.1280647153
4098.485243117589,3,2,35,19.47587248,3149398.0900243036
1197.2817536395646,3,1,7,0.15657345893862099,2025182.3257453272
4900.728010497654,5,1,12,14.80672770795121,4158902.3691941206
4843.154229758341,5,1,23,12.340115886229114,4124447.7152589057
1320.4074146683522,3,1,45,19.890791729008267,1502060.790858328
1917.4617491336692,5,1,49,1.889634778184525,2740611.097107461
1040.6819890297745,2,3,30,16.24579140139629,1610098.0845912786
1795.5574351519906,2,4,22,18.68517077116045,2178748.2202571034
4190.2054734269095,5,1,16,18.25110107526406,3714753.6333124912
2264.5886715271417,1,3,49,11.255396813934523,1926859.3175891978
988.9466554457368,3,1,45,6.618367285832679,1601778.900110532
2105.792309,2,1,23,12.834086356914588,1845887.3454796155
4918.0866706616325,5,2,42,6.190832704942352,4389899.599336286
3370.6078191404927,5,2,9,8.304158260077953,3738893.6624730043
2431.108164187094,2,2,30,8.969927197358004,2250828.4562507044
1332.769459387988,2,2,44,6.1088085106504755,1688881.4775853017
4939.177908048257,1,4,19,6.902364558406088,3701214.5809603245
4211.735640757766,5,4,15,0.24553106744697278,4690630.117
1838.5001307840453,5,2,13,6.011869388856794,2998685.5957192043
908.3022611732337,4,2,2,9.498876945784167,2218846.5097752507
849.1524524612554,1,1,29,3.5428466673254775,1073392.2109884354
1129.6638578243487,2,1,17,16.131133079374727,1321882.1854289973
3155.381767903455,2,2,5,10.798976740358649,2701384.2672488717
4686.559053304167,3,2,19,15.898225296771704,3594987.9388209665
2785.6710832263316,2,2,34,2.649258304190687,2534523.2936336696
4308.960122807268,5,1,18,16.428174029396562,3800589.499
2561.9011273831543,2,2,25,19.169432251004118,2137234.836775812
3717.767601378431,5,2,34,7.113834322128243,3811280.0323509686
3820.2400440606034,5,4,11,5.750652848904671,4404779.883156525
1365.440306,1,4,7,12.971947702459175,1852954.1170424789
2189.3506594935716,2,1,36,12.754690799793856,1824254.431855226
3404.1294887673052,1,4,48,2.3381139741938712,2879975.3830040926
911.0650760112112,5,1,9,18.542499815545625,2104355.4597990103
2190.776826157009,2,3,20,9.633217492,2367396.9813451003
2953.117651637247,2,2,48,15.311886652342839,2294994.010876084
4983.3877693964105,1,1,40,7.250421756053032,3011358.367681462
2687.947675538739,1,4,44,5.3045791749199305,2482555.1723752883
4190.649731303024,5,3,41,2.3143107321074643,4308711.569
2501.096054293118,5,4,28,5.562922423782917,3663962.4967752183
4104.11918,2,1,30,19.869279795973295,2669346.911948212
3219.825127128477,2,3,39,13.193407659277943,2715717.328482997
4501.019942610553,4,4,6,16.07536836784713,4263675.522052651
2408.1472303404835,4,3,33,19.174331658214328,2820259.9001102727
3258.939447214507,3,2,33,1.6719279007387546,3095704.0836967956
3372.0821947228405,5,2,29,3.3774190721263726,3738165.6340232105
2436.4849439220825,3,3,3,18.566517270686266,2696585.044651633
1234.9729922249187,3,4,40,11.334618265032958,2255467.0489161178
1011.6613904142764,1,4,29,12.733499187576292,1570833.6295599295
673.3548226383856,1,4,24,8.609922219,1509151.8850337248
4443.550762678944,4,2,13,16.30713182231166,3795305.662997556
1640.489613850256,3,1,23,10.39315988188467,1962054.527391752
1530.6296968397794,4,1,42,16.539976220554667,1989188.2421131136
3838.5557618746884,5,3,30,19.844513411222927,3837060.530817203
2008.0708975845237,2,4,38,12.969863006968268,2319311.106757214
2826.596646612081,1,3,27,10.62339031831048,2330503.435044148
1315.0486873088078,5,1,24,7.366641299878009,2454864.435761161
4822.881174432665,5,1,18,3.9744592053250867,4306624.321214148
4346.958160075845,1,4,3,13.167489972355868,3359802.1986951223
4400.674341046014,1,3,33,1.346480115,3273080.4863317017
2389.804493716823,3,4,31,19.130122948151374,2721972.7059997013
3954.3893403115603,4,1,24,12.986348589534153,3362140.616469415
1233.0550837150327,5,1,21,19.19131918803213,2192374.076201191
637.9236114038332,3,4,27,5.518262754889253,2138269.468708449
687.8809033433238,3,3,50,18.935664697622677,1579900.0758235257
3181.047644580066,5,2,17,12.281290329523232,3524570.933803886
2603.7375830909396,5,4,6,16.22425292643718,3612056.6511210436
2879.2675351974867,2,1,10,3.6605737240159617,2481095.2112227418
632.8378178357653,4,2,41,10.052196392010666,1875047.8991819867
2459.821126492673,5,4,10,11.422311285114112,3616137.255648372
3759.4999092837875,1,2,8,7.917803053922752,2746066.811667756
2547.8522886567175,2,4,34,5.139331430839789,2765812.434
3821.764507773778,4,1,36,18.105017355845675,3133454.8248742926
1625.283443346073,1,4,22,1.792671743941205,2131461.2048985297
4177.824819719592,1,2,32,3.1643431129249358,2930298.465705615
3189.0974579951903,4,3,0,6.478159609322842,3629658.454915456
1527.3576374915874,2,1,19,18.40342302979148,1465283.2762542814
1641.570093756865,1,1,4,11.32778636898867,1438902.2376029764
3363.334044105963,3,2,28,7.526156467436021,3055816.810808579
4251.734210134751,4,4,25,8.113296482826929,4203274.093515154
2428.7622409282826,4,4,50,16.771774090064707,2993618.5567671647
1736.5218881614057,5,4,37,0.6329135343231821,3335275.591498557
4414.851070406642,2,1,2,0.32564725886435364,3355585.5081303515
3544.780483703674,3,1,20,1.0170854530852869,3116721.450894449
2571.5761440455367,3,2,12,9.437179512,2701717.3998804702
2746.760859228928,5,4,30,11.66686295270268,3654716.0886647278
1498.7284589201442,1,4,16,12.526929329108476,1883498.561
3357.9315722853135,1,2,34,14.64962877557233,2280646.1287355274
2178.467046,3,1,22,3.875503353402268,2366396.374230627
4980.838777367137,2,1,2,5.319465055446986,3538703.005678946
2712.8074671523063,1,3,44,4.945789617430862,2302160.8593318537
2737.896667234298,4,3,1,3.068524752402134,3467250.7566734236
3089.747864606956,5,4,2,4.963471970433164,4100277.4109991323
4633.726413722486,2,1,19,12.311687629865112,3140302.372368258
4123.599639382901,1,4,47,7.391590714953226,3143640.923496703
2584.9723071105022,3,1,43,15.381457494918754,2234529.9217611933
3762.276770280302,5,3,8,10.774734106927035,4090316.6211059275
3179.436194635351,1,2,47,4.319579425624055,2332999.426909512
2766.415014285495,3,1,3,9.400901811608438,2644862.3890148965
1446.1894002511424,1,3,24,11.908039171514627,1629606.834799596
2641.319559,5,3,49,17.337279931433468,3193587.099076408
1681.6017828993283,4,1,0,16.69098024131334,2271654.204727715
4625.305459347281,4,4,38,8.586948726774681,4315586.673242465
2075.7899793839265,3,1,11,12.988748800041224,2187792.9317954564
4789.961663946838,4,3,39,6.026315115347577,4244127.447770785
2945.443276416729,5,1,39,12.696765858050307,3088459.2391516757
3378.7952661751056,3,2,23,18.264569656082575,2873779.158070219
2988.9379557530424,1,4,8,12.52840111630593,2668573.874
1169.274714653484,2,1,45,6.145059565,1401409.0841391508
2253.6133636349405,1,3,19,12.915270125072722,2038174.197420333
1036.2428940215452,5,3,4,18.06481794957508,2601498.006123588
3340.9977944068796,3,4,19,2.8272339223660614,3583627.1368604363
2566.246458881931,1,1,20,9.700693666118747,1853782.274222908
4023.133874912122,3,3,1,6.4889139037219215,3741461.5774859404
1570.0701163972274,4,4,20,4.905202332478493,2951603.9296533614
1324.0906570890736,2,2,41,7.984558628352938,1662027.0740817953
2387.8618162405783,5,4,23,7.939964115024754,3584804.543924112
4676.975686160877,1,1,8,4.287616638175211,3077408.4284212515
3725.8559860546115,2,1,38,8.132140057371313,2674958.109984197
2443.2639490888423,5,3,29,12.71126322362017,3287079.628176335
2875.9975469189667,5,2,17,0.6120661075546202,3605430.3694127086
970.5372491792327,4,1,43,19.78558173169488,1639229.9080600361
4932.133944054897,3,3,42,5.989292065786773,4000954.0488160304
3532.1921406576434,3,4,9,12.510542753652034,3535558.133360098
1855.7779012390588,2,4,44,5.742624008811845,2357709.389
3177.556934547075,4,1,40,7.931363964628388,2994824.1060852874
1081.7224107035736,5,2,47,11.02982576846379,2349937.608086828
4849.681342753368,4,3,20,12.275864802465305,4243996.293431696
1369.0539466868101,4,1,21,15.432113195449752,2035557.6275387271
3451.333399442942,2,3,16,15.854507916296054,2893249.4594998676
1679.999635171294,3,4,4,10.422193264540155,2676228.8703991617
3757.2700836535573,4,3,5,1.6069425098487453,3986169.1097341212
4018.0140158572367,4,4,9,11.199892821802292,4104682.07
3563.0468072103035,4,2,42,9.603847652979843,3344119.3686498725
3303.797625122847,1,2,1,4.386193484579035,2623847.8609741605
4526.864013388851,4,4,6,0.30224115259680423,4592060.101746806
945.9575283549353,4,1,45,6.387722886196304,1884897.224557859
2056.0249694328586,5,4,3,5.263817609153725,3572409.050637672
1692.4649103757222,1,3,36,9.709913345170897,1736707.1063887605
4947.261433087855,4,3,18,15.255871228094927,4243186.210086347
2313.3150305342433,4,3,27,8.836896221,3009592.5089600617
3823.4958766577543,2,1,19,19.036211558701414,2600696.625259166
3612.790721,2,2,29,4.5041350304028365,2935985.578034471
1533.157444900462,1,2,41,4.496945627206235,1536312.7280104235
1651.5897929308258,5,3,37,12.128546300491402,2862896.888559902
1837.65208,1,1,1,17.935625616336893,1419786.4455942544
2408.9600243412688,1,3,2,13.46996558878744,2189753.6184992027
1631.030288862318,2,2,46,13.50619676815239,1680064.1271724284
686.4665240861303,2,4,41,16.145090891392016,1580004.362319542
4469.3294499516605,5,3,48,13.406722900418087,4191203.1850717855
4848.683258,4,3,38,15.21101927424036,4094794.161657455
2102.909702938899,5,3,24,17.335936486032693,3049409.0398531132
2089.4302694720805,4,2,1,0.2574230803438506,2999239.5912334807
631.2039762072324,3,1,38,17.723895916843794,1235796.9878710574
3593.1030286536457,2,4,14,4.3837611169937665,3403549.210091265
4231.935541293967,3,4,2,18.25089898798612,3805622.7089915783
1245.076521584014,3,4,4,5.397047576,2559270.2273744885
1302.5319372154634,2,3,39,9.159254892812974,1837753.7888557895
4076.366299874326,3,2,35,18.68427906,3154170.486858987
3311.6792927582364,1,4,49,2.283961572927729,2829833.3330248813
797.3864535619549,4,3,50,14.931134255069159,2014743.4597839117
3339.2067580340395,5,1,39,7.909727910151479,3381081.7389183077
1959.2379805125706,2,3,37,0.5796048668899427,2347699.8110228037
2222.3906840717223,1,4,36,18.78874803359329,2020093.2994683126
3986.818240506273,5,4,26,2.4447943604675184,4479186.151148103
4168.114847759487,5,1,4,15.505421240191138,3818621.9171802383
2361.569158095255,5,2,16,7.746975921524318,3210517.978721459
4767.472918427961,3,1,37,16.230600273386372,3338797.3718505707
2388.435958989118,3,1,44,15.030716569218798,2138276.566
3996.078555012484,3,4,40,12.701048988089822,3608691.2158487625
2729.059964,3,4,11,18.790528089258697,2998392.3383605136
4549.142237,1,2,41,2.0685772668521425,3092872.4911158597
4594.149472060786,3,4,30,15.991724657401926,3891913.160986672
984.6339546,2,1,32,13.448627103801865,1228017.3533446644
4720.5706577649935,5,1,42,6.362942776514208,4087699.391
4232.3533026898285,1,2,28,10.96484660856201,2821552.637277992
4081.7671429757343,3,4,37,12.928090830881327,3661994.672974558
1484.0098946162987,5,4,2,14.751801556108395,3101641.8342902986
4142.524518520526,1,1,37,3.822488439199818,2674485.408580584
4340.5840326141615,5,1,40,2.132059067705901,3992323.753
1872.2614715982643,1,4,39,2.130912235540528,2163185.409192639
4789.944344794225,4,3,29,5.947986372,4295685.363055796
819.3846441563227,1,1,46,3.168045765642971,981004.3248696192
1259.6007142874146,3,1,21,10.759267302207057,1774287.9292038835
2965.357007426663,5,1,37,8.797095841,3186409.5049995575
3133.486872938163,5,2,31,17.872024615313943,3318975.862
3438.660366523975,5,4,42,14.376309437302906,3886476.9126202473
674.6641689880524,2,4,9,4.195662934745651,1973091.7439034304
4825.6138083373735,2,4,31,1.0099675063548395,4002280.4721459076
796.1876080302336,3,1,42,14.212201689665095,1368522.6883261323
1229.4725919829705,4,4,3,16.93196831246681,2625769.847846466
661.6638771146507,2,4,28,14.049773051035048,1674509.3956409416
3094.1771064940167,1,4,44,12.911507889943666,2533531.3135524527
4701.974289252278,3,2,7,5.061369862622374,3879432.6654780093
3530.1675307540427,4,2,19,9.942609674384915,3435904.4899936407
4219.692861,1,1,46,14.526737775526348,2453984.593
658.4372952177523,5,4,6,3.9481579776029365,2884928.406161135
2984.8673133107945,2,1,0,9.583216521168149,2465442.2443363518
2622.077101024296,1,1,24,2.428862589382104,2007134.2168288233
2795.4589545714894,4,1,25,10.661307803482797,2824176.239320406
917.7380155,3,1,8,11.513392253335835,1653274.0807750141
3611.5155887049527,1,1,22,10.754174046365396,2345347.231529486
2814.1698253779914,3,1,39,9.442345914580764,2487910.912501698
3966.6549393895616,5,2,1,11.790333754374737,4007193.712711604
2735.2787898715474,4,3,25,19.93631047027164,3008586.1036346583
1257.2791993963012,4,2,13,12.488474979551185,2278543.0182114444
3452.3305979424167,2,1,43,15.076097673901122,2374316.2635975033
1358.4999932627313,4,3,30,3.9232059341717265,2615458.7960522487
4438.536078761185,1,3,25,10.64746576346559,3145991.6422155984
3297.7114519046627,1,4,48,0.24935721671067082,2868541.4997224356
1291.6970876505986,1,1,18,0.726009261,1406001.2767101442
4834.287453,5,1,37,6.517360080594922,4166469.442951074
2880.808038675411,4,2,4,9.385349506468954,3197369.9473126438
920.7531882,4,3,5,11.555173068720508,2368946.050847548
3358.064779426296,1,3,34,17.77128690722642,2418279.5696729366
1714.075190856365,2,1,15,15.457951648117273,1637551.4805701543
4136.251188260131,2,4,30,6.069541492049009,3561407.682393403
4198.417123691239,4,1,17,14.895335103660042,3480974.777876736
4907.3683657605125,4,3,13,11.032882551168669,4332699.45
2808.225936507816,3,4,24,15.605707609946208,3036671.734159301
2601.8102708020433,4,4,14,8.279886937,3429980.3147678296
3915.2926639645148,1,3,25,1.928677008260588,3058745.7099213633
1182.8708879044768,5,1,35,12.40790660852416,2232950.229886072
3006.4282606897464,4,1,10,11.185047456818365,2994186.0993128237
3003.489440575744,4,1,36,19.076710277802352,2704883.4328361424
993.6817403657037,1,2,40,3.326389769020239,1294985.9929067644
2439.1299762304197,3,2,36,13.157045590463712,2441096.994410253
4354.453113695688,4,4,6,9.534061868216085,4321218.237587839
4367.075936776505,2,1,17,7.640556875,3110399.748991717
1036.6457256465965,2,2,49,15.911894522710785,1319757.8904733998
999.1718840904558,2,4,19,16.23194037824347,1844620.0525846758
1755.8600988085152,5,3,1,14.320551708133813,3051191.9333458985
4448.970675237571,5,3,25,1.763669864645815,4528884.858430187
1167.1713743233954,4,1,22,6.967703208375928,2098904.541098496
3767.9859315607637,4,3,31,1.0303286878916593,3873059.310126866
1045.128726297654,4,3,12,6.939255653151545,2488452.1681901137
3341.806556490432,5,3,12,12.993563793904208,3815704.9204714494
2166.696116124237,4,4,16,10.422264760426586,3159575.680957904
4071.221437049815,1,3,24,14.08844279861194,2898514.7806569864
1628.2379748315998,3,3,21,11.074089631183135,2352310.1128964545
3412.4880493158234,2,4,26,11.160694151322943,3117703.0597357703
1637.0031521338938,2,2,16,10.268207856069756,1897810.3370498691
3740.1052456934767,1,4,25,7.350074519659271,3062724.0505578704
4444.183352067294,4,2,37,8.986641106404525,3822031.772009874
1157.9279161577442,5,4,13,2.3375111178180545,3131886.6538268286
4413.0210298202155,4,1,13,16.706718162566037,3572049.069763105
3211.731119422911,4,3,11,17.795311605465603,3359632.245706461
1159.2861598149054,2,2,4,15.348789187871656,1617340.214254337
2481.1841635827327,2,4,36,11.713361642136215,2590997.7670529597
1307.7852913344307,5,2,3,11.426667036154088,2675032.223048451
3681.530711012906,2,2,28,9.459440217174029,2876249.4692672896
3939.0197914389782,4,3,24,4.703799958595325,3920106.815
1065.5046892003154,1,2,44,7.737696116406674,1222671.3403763417
2827.0153518564352,5,4,3,19.79912569111777,3667198.0802101796
4184.3502465140355,1,1,49,3.001479948,2651818.442392989
4719.117382824385,4,1,15,10.899396871705951,3831243.6720823906
2859.478613663788,5,3,49,17.343863399732044,3302534.9569415706
4781.228583890191,1,4,1,9.114733452310123,3667992.541
2957.031470006531,5,4,22,12.151644284903075,3790155.7674095216
2334.438176239595,4,1,3,16.573083732979967,2585430.3315645154
4332.0937656327405,5,4,19,10.996471026276655,4515790.3803951545
2769.1239260155917,4,2,16,14.656236314135175,2976110.1548294094
2676.3710464839014,5,3,5,7.010720399,3637644.033
2757.3749534032445,5,1,17,14.687161994131557,3064617.154923308
4325.854008,2,3,19,0.9163242011630595,3614273.438194496
4260.542783,4,2,38,3.142695964863144,3842090.390520769
2375.487966736929,3,1,44,12.782193908360217,2176773.0233055777
2066.519383,5,4,40,9.034195571639351,3317248.6983866855
2764.483305772169,1,4,33,16.584144044506854,2350231.6901002647
3120.1990428432796,2,2,39,6.905292075026182,2591666.5980254337
1648.6837267631865,2,1,45,15.367445437166861,1456665.8727425733
4093.4023727485987,5,3,23,2.868346058352668,4339007.183311563
2740.5241692226605,3,1,17,18.609916919962142,2377736.6643164046
2069.800413047822,2,4,29,8.426942827462234,2486034.2680789838
1070.0123690415587,4,1,0,4.6949470930701045,2205780.160763695
1650.9187057758704,5,1,22,15.804125868105485,2464049.7536301427
4776.837155726328,5,4,28,18.962934644853902,4533832.803070404
1942.438622005917,3,4,40,18.369826397388188,2468495.701159512
1342.9808732149554,4,3,40,4.834984707012129,2539463.660571553
2626.960283,4,1,31,13.47295321811559,2653693.995382991
1951.1860707850942,3,4,1,10.98247405282527,2815616.472440359
754.7007011932543,1,2,47,14.529572967363963,916431.8093536652
2021.8389560294358,4,4,35,9.789963686515783,3004793.1223887196
2994.077945333662,1,3,44,9.448286817714841,2352746.1544168512
3027.5344368878546,1,3,16,17.665866232115345,2345122.8119059377
2168.859253,5,2,42,17.438002624275413,2790342.492207964
2568.132127511443,5,3,1,15.773166871146593,3428275.644437107
4848.2788402329725,2,1,3,14.127408144240665,3291264.1753359903
2260.333299813371,5,3,43,13.599494920662885,3107849.6695977454
1736.1979783439251,4,2,33,1.2180199272553314,2643411.508731174
1671.2549938937445,4,3,0,15.015770088505898,2699985.013281072
2614.164296,1,2,22,12.79827914806028,2005789.4830922068
3941.888654354554,4,3,5,6.117986785395887,3988257.5095736766
1506.348010429282,5,4,15,16.420019574955557,3014446.5318198474
3720.9029594193794,5,2,1,16.665696738278953,3786810.463048428
693.0592227374317,5,3,45,18.650594278346905,2213190.643906095
2443.3051031293626,3,1,11,8.425324865987095,2462818.9723492567
4013.806286892262,4,2,26,11.069874384553744,3620178.573859373
2090.4250054074982,2,2,18,18.12848957523325,1957315.6293034013
3080.4432463597577,4,3,27,6.404347865609588,3441807.5839720047
1501.9086244340076,4,4,34,15.953188483046324,2626563.4606603947
3864.779720955158,3,4,50,19.840135481554775,3350260.0689508007
830.0280543825423,4,3,42,13.073519660239313,2108216.552090802
4351.187637452202,1,3,3,19.675709158885663,3031752.553652705
1472.0641002553398,5,1,48,10.36466739093474,2353411.6204132927
4447.351339516656,5,3,48,3.1457624381387252,4385433.339
2151.1286617222763,3,2,6,3.594358024428388,2638350.088476888
3779.807727687741,5,3,36,14.654352189005253,3881489.7381680827
2004.5913102592292,1,1,50,0.11808445617939489,1614606.884110344
4586.011353432449,3,3,24,13.271569599071343,3772247.202839115
1157.2033522808472,2,3,50,3.1103083704596686,1831068.4268355474
1385.4870727994344,5,2,40,19.68893482331765,2363637.7580376817
2769.3325506987303,4,4,16,3.3462377963415184,3602414.4375268524
960.5291318,1,3,40,11.094033500039751,1323056.8139874437
1462.3128126877525,1,1,13,13.421970927061526,1262389.9059069632
4752.572081732863,5,3,36,16.40797409326898,4332799.477105369
4896.554509050704,2,3,1,9.239348003815223,3823163.2125533647
2255.5410490538566,4,2,23,18.68259528,2603791.5369592463
4662.458492461316,2,4,14,9.656902824,3832764.107854921
2997.228573,2,4,47,5.1159928085339486,2925967.3484151885
1786.866849844575,5,4,50,11.901400828567809,3070078.326455249
3690.554372754634,4,3,32,13.194311038029033,3586063.883721054
3499.1679489293715,5,2,11,10.197083745747664,3755315.218
4952.151404078427,5,2,18,14.690324349631336,4356942.133150904
1766.2080646008465,1,3,46,8.471547463822564,1748346.0011282894
3557.061811711636,5,2,4,0.18630279391656684,4019477.768081804
828.9045221295663,3,4,0,5.364324864,2371838.6818895685
1100.0425702655655,4,2,42,18.923516034654615,1926223.8825440074
617.2408497848104,1,3,8,15.288142738034486,1227530.488236033
4997.626996662561,4,3,38,3.8717231025221164,4396051.954385156
4130.004267448902,1,1,33,1.4263945393782689,2736147.1610412034
4061.5812648275796,3,1,28,7.080858279,3213846.384934756
2842.7947312679908,5,2,48,16.74240839,3111222.1160280867
1920.2951647839357,1,2,47,2.2089903241033992,1745640.6940142172
1265.562851635774,1,3,47,10.912742038796296,1444199.5031462782
1852.568851,1,1,45,5.572504876512727,1454507.2460362827
2254.2733764882123,3,1,1,14.552474944550468,2295760.1074574143
3927.7644267132937,4,4,18,0.10816528516399775,4236391.825757684
2974.5118711738705,3,4,27,5.615765127595009,3304613.551139353
940.9279568441239,1,3,34,13.61708225302288,1292795.2514659218
679.3276394192138,1,3,39,10.980335189124764,1189730.0340314289
1050.2615899498778,5,3,50,15.599425969037434,2427815.1936985077
2406.194340268469,3,3,47,3.2377510754667145,2768015.066729218
4706.048835,3,1,21,10.666413144641101,3499369.072719336
3404.570917320575,2,3,3,3.995818830016298,3172042.0001642792
4128.033959452267,4,3,7,12.820480772361957,3937280.282383212
2652.0482158200134,2,1,0,2.713716264117292,2436422.7007319783
2191.330766058188,2,4,35,3.0590068322491306,2624158.1644884287
1076.96164,4,3,6,6.631284308395843,2540528.051912971
4454.105297619301,5,4,24,8.097937839,4609766.810132981
4045.9041277227725,5,1,28,10.021337045296006,3747198.2410597834
1339.7196294299904,4,4,0,11.656066713140126,2801411.399
2853.9464810555464,4,1,17,9.429395014296249,2918058.258346166
2744.4491548534775,3,3,3,1.0082105701470447,3201733.2841281155
3350.402831820726,3,4,19,6.934861500684045,3506177.1040009996
4763.222333561549,3,3,45,1.321500714790601,3994854.0705892798
3150.9943437549105,3,2,7,2.4498671099363407,3156172.7477830458
2976.955973825922,1,2,26,1.9471889984516808,2384207.125048245
821.4209049125213,1,4,49,3.246101188659239,1565461.346787393
876.7928944793053,5,1,38,16.27711861379553,1987526.9930680594
1424.325881837871,1,4,34,12.58869069308167,1755062.0451616193
742.8713954436924,1,1,24,10.184940110721715,912409.8136117291
3870.7527405080546,3,2,13,14.67192450362685,3241610.798285808
3782.653337573438,3,1,43,19.22835314314576,2756432.524028121
1198.647431499229,4,2,46,8.411735391044164,2165761.9260330484
4278.747163499236,3,4,39,7.411497657,3860816.547
1281.0585533228927,4,3,30,19.557693923692334,2264048.316291917
1925.1725827883788,4,3,4,15.449474270666723,2798269.7240851726
1695.498356310006,1,3,16,15.564513404325533,1721131.8281728097
2238.1512337214103,3,1,9,12.038851670937559,2297971.5015462716
1720.5205699158323,1,3,42,10.189467736329654,1711143.8483356403
2751.384076329189,3,1,15,11.056775033943852,2544229.4555900353
2392.5946779606156,1,3,47,13.076492508765057,1964440.406909324
4940.905759429037,1,1,3,7.599103075186656,3168143.736315103
846.0759405641929,1,1,4,15.667665815058324,954357.5720852471
1225.598056104347,5,2,41,18.193496777499877,2308602.0106064933
832.4339331978509,1,2,45,11.468545354697573,1026518.9776092912
3353.7012579224534,2,4,40,7.691364896193433,3087696.249141676
839.8408206203661,2,2,49,13.942236719034378,1260748.5940338129
4280.334844454943,2,1,19,3.725074628193086,3135338.847767927
2852.5299750004824,4,2,5,19.37459569974011,2978445.9916097564
2918.8335481587483,1,2,10,13.193948357495117,2210210.725033789
3071.0158339336544,2,2,16,1.444617589420574,2791288.4832827332
1351.5803077473272,4,1,40,10.642026423217105,2027622.5435136387
1469.8373337037451,2,1,2,15.031780910251129,1588955.9667511673
2002.7962206412205,3,4,15,5.629133909056952,2878488.3502437887
3211.384229616146,5,2,35,1.1146918519160747,3673071.1958740694
1524.518214136944,1,2,25,9.834332514,1505245.3748886134
1111.8595993863494,5,1,23,16.68912642495971,2171820.1892982977
4868.514300241101,5,4,46,5.105534010588426,4766819.388013099
696.7199851623408,3,4,33,14.368560964045045,1960661.691404587
4131.868583478496,3,1,19,8.215034586689862,3271306.518109768
4067.354658130097,3,2,16,1.286677956950371,3592616.688030359
1907.7421009184225,4,4,50,6.148864691217601,2945566.674739177
1196.757110432179,2,4,19,6.346657865,2141118.3160236445
1240.766045503863,1,2,15,18.10281941306488,1247999.5525949514
3668.699115843647,3,4,50,19.63678842587826,3256286.7075085756
3428.3490007791643,1,2,48,4.274379146524927,2453359.835563401
4044.0809667061017,1,4,3,8.667205635475408,3298369.289
4724.917158556061,1,4,17,19.53639873461662,3351403.5226900154
3644.480398373005,3,1,35,8.204636385,2947820.3895880505
1285.7467608263512,3,4,34,7.048504850824037,2396576.2015010123
1671.147513767807,2,2,29,2.286642098,2009513.8330201101
4305.652415841704,3,4,17,15.09036157478146,3830691.8945295406
1520.9467336705177,3,1,20,8.995410617659708,1945238.072586382
919.0981945997182,1,4,31,12.809392746141302,1513034.1604813503
3694.432237785902,2,3,4,10.246149775635871,3186966.041484551
2371.115964156625,5,2,40,3.5732890580409324,3178765.119021811
4648.1762312019755,3,3,22,3.6097589334308484,4006565.8550366885
3461.122312812111,3,1,29,18.80115087397009,2674211.0570309707
997.8435022833073,5,3,26,17.801431008768013,2477566.0490706107
4770.568895916107,1,4,14,12.25161669928487,3534925.0320766736
1737.6519600170818,2,2,40,0.12476062879935028,2031003.6855368712
2083.7349577876575,1,3,13,8.722583251765414,2067088.7319628377
2369.945820207585,4,4,20,10.655517303980336,3236535.4821285033
825.3869041789783,3,3,33,9.043812367360113,1931490.122846604
2784.667857814661,4,4,25,18.51644398722142,3261677.9672672194
1142.601360731286,3,4,24,0.9132302450251226,2497708.993569458
2364.2694374287476,4,3,49,13.133077281396048,2839146.0911907707
2143.123067165171,5,1,44,6.345344333,2789327.5650231764
4000.4963670766147,3,2,30,11.23359341039331,3290249.2334347586
4133.950251184017,3,1,47,13.15275513547135,3033592.940986899
1275.0166825119873,4,3,5,8.87234417,2599734.3759657936
2212.8252244685955,2,4,47,3.052650240370885,2575032.5255311974
2242.7539085400595,4,3,3,10.42885878,3062472.696758363
1266.2059533187742,3,4,23,18.66582770271522,2209459.3407094004
4113.195422225238,3,4,41,10.764015559937103,3700990.3180181943
3711.804644675862,2,1,30,2.546502768884694,2819645.1850645547
1437.6798597069528,1,1,18,16.500844190870954,1163495.9641403747
2213.5763978127156,2,3,10,4.512723255,2531206.651919824
1065.5421093686625,1,2,28,7.467317820294811,1308097.6163827523
3364.1090272093934,3,1,4,8.632266805903729,2954082.0955909397
1134.0364680139267,5,4,17,6.860015020747702,3009490.851696327
4938.1103419496385,5,3,2,8.148589572155782,4760756.298
4035.0011286265944,4,3,39,15.930064488855198,3668572.192640511
2317.0496181695785,2,2,10,4.544844297099768,2382300.841247111
3145.6813020291597,2,3,20,9.461329336891348,2848286.9823810705
4609.903991352198,5,1,29,0.4981704468955699,4214661.504842505
3038.036833741635,1,4,18,10.202551794166537,2689640.2990918043
1367.7933401510027,2,3,24,2.322604024,2082117.507690355
2266.2947645571007,1,3,34,5.716495250472714,2113490.3953734133
4309.837406,1,4,11,6.564980547,3433292.0102323373
3434.5372703543185,1,3,46,1.7388172502740096,2717165.2082759966
3463.187291068721,1,3,25,7.275266651921401,2725761.2306002504
4414.014537029352,4,2,47,10.011342299114215,3736453.3406367092
4533.481452835021,4,1,4,8.678798884416086,3837837.666833506
4647.087316,5,3,18,5.680463760729824,4584607.301
1017.3364503138869,4,1,26,5.967613718125779,2023988.868898745
2994.154408637644,2,2,37,12.708302404137655,2422584.0743403863
3858.241893360602,4,1,28,14.396078039400594,3265872.3039966063
3930.478118558861,2,2,11,11.572959972586789,3043452.7779320125
3269.551288668017,2,1,18,19.526142009769288,2318925.7222429407
1333.8642748081663,1,1,8,18.902993858894302,1113545.1783305146
4108.650437343323,5,3,17,2.059532200963178,4392807.492756715
3768.489867465761,1,1,28,5.301350658505558,2502890.838667087
978.9973948157597,1,3,2,17.381042846128423,1396550.7585896286
2640.7632285672557,4,3,22,0.6903039321631016,3361248.4537446834
1365.5005578959358,4,1,29,11.884723615843255,2064728.7247354202
2084.899001137076,2,3,45,19.094540840641585,2000231.6018600236
679.5568057050159,4,1,23,13.606481728324166,1717321.686390342
2361.451421007336,4,4,36,1.9294729074817791,3326809.17
3019.458453087326,3,3,36,14.981572846108936,2894770.687725802
3326.163408439182,2,4,3,7.592044802530778,3260913.7262732927
3519.3575185663244,2,4,27,18.438518927319922,3020581.298841081
4279.681777650824,3,3,15,5.797694082571765,3813559.925278294
1548.036792013212,2,2,12,9.517317487078767,1888344.964369348
1130.1200187292588,5,2,7,14.95748292603418,2495583.268948263
4346.763556350873,5,4,47,5.225045423538933,4498553.787808974
1289.0963855276595,3,4,24,3.717468713999034,2514871.7365881666
4888.944357879259,4,1,1,0.1538920198941726,4201067.256646063
4307.168209354003,5,4,29,9.810440341743822,4477048.2159464415
2803.857065914236,3,3,39,18.57948769258989,2700011.6972096376
4918.254269656911,5,2,2,5.701594825901019,4599768.156414753
1028.4576080752186,1,2,22,0.9632327285936942,1449637.0675700526
1933.4893491704472,3,2,28,12.446582514083802,2242485.942407865
3408.187426,2,3,40,1.2177812969459163,3044411.005254744
2140.0302212819865,5,1,29,10.187553466020052,2785936.9594249097
4684.839228715484,2,3,10,7.692441183443885,3703243.708793182
888.7547879823973,3,3,20,9.560934689,2017831.618305528
3017.412061068244,5,2,26,3.336541698804678,3576648.114662346
3199.8115765385037,2,3,23,1.8950174236386323,3011678.3579007965
3472.003744619786,4,4,30,15.004918467195232,3650576.421070306
1724.9313826599835,4,3,29,4.988768525185694,2782363.238930595
2204.0922810874035,1,2,0,16.028439499101765,1846150.2686659838
4312.194330525902,3,2,0,15.19310091259991,3516908.065
1457.7481834687032,2,3,7,4.047739527214401,2177592.219294381
4238.218527562793,1,4,47,18.174981037861123,2985282.561128491
3075.6838607720665,3,4,41,3.3094638693196323,3331325.571103958
3953.625049253961,4,2,33,15.963200395840465,3457221.434814489
3739.872411559275,2,4,15,8.468621042492877,3390236.7030340973
1513.0505796934676,5,4,26,3.7420246822143257,3216357.714306765
3102.7760403090406,4,1,3,18.76841520129846,2925692.634232869
4417.981872342407,5,1,18,19.268823979369916,3798287.3746881224
2501.3114419284893,5,4,28,10.276320944903398,3569802.220170494
4852.999388982594,2,4,40,9.436572900773312,3802441.1545801484
2589.7464404475595,2,1,2,18.026750482418265,2089011.1286797316
1228.2568013386926,5,1,10,11.96311988441282,2389538.9210854075
2313.5125923417622,1,1,7,5.394168603364932,1878545.8422078995
4787.490588118363,5,2,38,8.561425411406821,4297189.703935362
2006.7717370953585,5,2,32,16.73618266166073,2773335.133418782
4419.6319034150765,2,1,7,17.20530981635974,2995382.673484661
4477.502999400315,3,1,24,18.791130789282114,3207601.802018833
2140.8207070606286,4,1,23,5.836391654833515,2603355.4385379613
966.3336954227814,2,2,25,13.631059863657441,1450218.5685425594
3788.0548002988003,1,2,25,1.460937365457511,2804481.5709445677
1970.6541156615385,4,4,16,14.545462844982358,2979090.7190354397
4044.8639027333184,2,3,26,11.307673831910355,3230951.3928327695
2547.6813323459055,2,4,28,5.070345252482719,2797106.679227616
2735.173666307535,3,3,42,13.127175113551278,2759716.2489870596
4022.8013896935618,1,3,38,2.790123831525849,3030271.1363205817
2282.398656671163,1,3,8,6.7427453050218435,2231017.340339462
2549.760319420824,2,4,13,8.078180615999644,2812989.4654947366
2255.2380625863375,3,2,4,15.565029559097358,2460991.358215539
2216.298267220032,2,2,49,6.244807699902676,2102925.897716279
2914.164938366421,5,2,29,1.0757895766355208,3555239.5957548176
4158.717555805063,5,2,27,3.696739818099894,4135096.899644851
2191.780572,3,4,44,12.20105330368221,2696542.1382603184
2906.7207703660415,2,1,36,0.40348257206195726,2429963.6518460987
3551.2002319474436,3,3,7,15.865422218180779,3287964.5897144238
1785.533563736082,2,2,14,18.032289559334966,1826793.908785659
1821.1003415705272,2,2,27,9.958412402122544,1941054.841
4707.017758903201,5,4,35,14.181845325510238,4559544.891045713
3783.552123,4,3,32,9.307268131,3710303.617
3139.621375382559,1,2,5,6.244389560845432,2484595.8145786887
3449.9682394506926,1,1,50,3.380840935662955,2272040.2191164047
728.9175496550408,3,2,11,10.411429523931076,1765903.1024532162
3319.6530484714663,1,3,6,18.604802407827965,2522403.394183491
2841.8390421864883,5,1,44,17.81044612100831,2909383.5167773953
3001.298591029517,4,4,27,18.400553427870737,3362311.1450616615
2181.464838055595,2,1,6,19.3316199,1838772.9392131087
958.4851499369444,2,3,40,3.390623750444803,1776103.0180638933
1450.6926278930296,5,3,0,3.0158542916591213,3129702.146
4783.276738135755,1,1,23,8.612452016205564,2969062.2468480836
2398.2780739921095,2,2,44,13.817299569016997,2067465.9637200318
2653.405885655802,1,3,18,8.849909007,2324377.681
831.9230753551316,5,1,31,17.85785198170868,1968477.4161477091
765.2914099935145,2,3,29,14.376190027413575,1514794.822552803
3755.598367005734,3,2,0,12.716019028379419,3288151.721039596
2967.6165221328897,4,2,31,1.513652766837544,3263208.1238340116
2838.3063305515734,1,1,19,3.589175006937061,2117042.583241363
1669.7479338597423,1,4,20,8.620259709,2027141.6908445244
3876.903219171658,1,4,18,19.529857910223953,2922527.3694856674
1340.2409480773642,1,2,29,6.754733101815922,1454698.730106681
1435.7128721084882,5,4,49,12.636511704063908,2884799.1200772836
2627.1335539324123,5,2,27,19.779230060671917,3047655.093857085
1859.631393,5,4,31,5.354098672101976,3332406.641308548
1688.837117425844,5,2,29,3.4166737625074264,2895758.001567091
3439.0456360346593,2,3,22,10.972032314466595,2954755.089832315
3464.275678961596,5,1,26,11.082618771177254,3445158.3821615702
4227.875107119688,2,1,36,18.445543986911073,2729699.5919259405
2437.917694681094,3,4,25,0.6259588943129814,3146112.587558605
921.5744005,5,1,2,8.206816887759603,2351323.780606656
1804.1320936544137,3,4,30,6.315728353313636,2690424.3978652516
4912.024038065994,5,2,1,11.463951016199118,4486405.916813332
3223.537731023889,3,3,9,0.28567406172731574,3425728.3023817157
3722.843173124489,4,1,37,14.25016978718243,3156091.108922913
632.3744504,3,3,18,9.751295876,1895834.2257680057
2880.1052216030916,2,1,30,14.043715197135812,2173851.224963147
765.1260931399337,1,2,28,9.011343652,1127009.091643044
3104.612933202371,3,1,24,9.536437381,2706250.637094854
4651.391738398732,1,1,31,17.921439588640858,2676939.995530866
4861.044174201795,4,2,16,4.296873157627286,4229257.542052669
2978.4317717112663,4,4,50,4.428025816863677,3515328.2876226767
2616.1011431097504,2,4,44,11.23358424269506,2628051.8048052914
4758.075214693374,2,2,48,13.238463063632926,3238941.264178346
3563.8832607854583,3,4,22,7.158295846294751,3593448.631571152
885.5568299690016,5,1,17,10.438272229566664,2213685.8884974853
2649.1925417369894,4,3,10,4.634342402138891,3346582.3409300344
1657.0780812429373,1,2,19,2.8046213839655834,1742119.5310464744
2667.1390143741987,5,1,12,4.841426736318426,3241413.890565048
2604.0485168279915,4,2,23,18.33582387798363,2784980.6989586405
3161.437132384865,3,3,42,16.056178146788888,2914267.921360972
2169.7901575367055,4,1,19,2.8908889954279835,2696750.2169641107
1322.7899776060835,2,1,50,1.0265500916925199,1555536.9050735086
2816.3655121958077,1,3,41,1.9543809397313248,2428768.055407595
4252.892691121353,1,3,27,5.939312803074514,3137333.0076035038
3521.653803,2,4,34,16.246044413479506,3030578.9315834525
2088.8186100709495,5,1,20,6.495352283481579,2879175.1774701606
4716.301300138972,2,3,5,3.794539739041771,3821932.773392968
4613.7133134964015,1,3,6,7.977237998613389,3381984.8148802505
1521.1329572900345,3,1,28,2.568667084592268,2033866.0550574893
773.4373745,5,4,22,9.457315210327257,2752245.3011625707
3861.758316743354,4,2,4,13.543527677461496,3604681.522926764
4241.485149936275,3,4,21,7.440087532482679,3931613.7424228014
4858.604090185963,5,3,8,3.5548687692201444,4782877.587812896
4515.280133988567,1,2,31,9.118629893879081,2984940.3872210197
3242.3529801082254,1,2,9,15.273535726288626,2335378.6936326576
2932.2302925344757,3,4,45,1.6242256076588533,3273303.5522183785
722.5006255553797,5,2,42,1.5116487282665518,2385690.256316676
1685.2883661170224,4,3,48,6.430403715,2638709.026868559
2622.3049076248763,4,1,27,8.359550469337131,2773634.362530013
3365.417160367698,2,1,10,4.407789530995019,2709225.7076682663
3051.908066601007,3,1,6,0.6355215609208603,2947916.5201864033
3867.598354599438,5,4,29,4.469236874084506,4364087.357922346
1830.9744959029797,3,1,42,8.763860450287883,1994882.9570500494
3085.791473670882,4,1,44,1.6806041542808179,3053956.571854142
987.8258709194854,5,1,50,14.346247390015012,2021660.9057637597
2420.1283037661105,1,2,37,11.086806803763581,1868000.933912101
3900.7076650002446,1,2,33,8.745360374068769,2675119.5431230646
3650.9637550877937,5,2,45,10.422365679936327,3656707.482049488
4958.828043557588,3,3,27,13.150539042138913,3946076.1590403332
1822.7209543461265,3,3,31,19.89649026428994,2223103.5899915816
2792.0329163655083,1,3,15,15.52488924457487,2275191.591395574
2049.9338206055854,1,1,38,10.853225909971643,1482575.310207677
2538.653701860369,4,2,0,15.433622586992662,2925327.317294649
4370.580571425307,5,3,33,9.556962130425983,4293823.961208452
3610.5199308293413,3,4,40,6.287083184288204,3544191.219833224
4482.741242,4,2,22,5.3130294285239765,3989782.950498518
1495.4488766603004,3,1,49,8.049637614,1806404.6041485379
4442.788918502327,1,2,19,0.1454371805091282,3188158.6337452983
862.9540063848915,5,1,17,3.621422623185589,2338721.468833051
4509.836834,2,3,17,2.618013563627208,3682231.0637935083
2047.9246296272029,5,1,41,19.210806324303395,2499419.1064318507
1984.1855870218926,2,1,39,1.3904716962474042,1933956.2776903156
2853.189737474121,4,4,20,10.069358205392174,3489880.622733535
4739.036826,2,2,7,18.40238683161148,3331143.5944631975
810.2380045981836,2,1,33,12.189652355251772,1160998.8732983738
2149.8162903112793,4,4,49,9.955854652331789,2995463.970213321
4368.9167502066775,5,4,10,14.885568400349184,4501419.925200672
2342.6397007160535,4,4,42,7.132168303180933,3183349.402398726
1476.2903494270947,1,3,50,3.9549173624768335,1673719.7455683278
2469.094397858212,1,3,42,16.960920937873762,1950001.698275948
2296.431006563345,2,1,9,1.2259849636074989,2243368.722
4627.8312864534955,4,2,7,16.175100382830312,3920086.553674459
3952.511253269627,4,3,46,2.1569851900915813,3867788.8409372997
2822.508445273628,4,3,7,12.548800770348814,3289951.1253341553
4948.830493574913,5,1,18,9.59324184,4257223.328
2647.2211376140626,3,1,0,19.970969281449403,2388864.1012823605
856.2464556,3,3,2,7.81962343,2126403.677303061
1754.0070159859335,3,1,43,19.150005288486334,1743676.3203275574
2518.7101129649755,5,4,31,8.135232029,3606323.334013983
1290.3715462429284,4,1,47,13.665839769231063,1901541.896
4769.286555825789,3,4,15,12.908859250020043,4116139.0110168112
3974.135150398202,4,3,29,1.8203938428728665,3970332.6164459614
1780.4636818821996,2,2,48,14.892979786116003,1717045.1633230972
3199.5399474788296,3,4,27,4.252485452407454,3444393.182795583
3774.376291282117,2,2,27,7.829974822,2960261.567295932
4741.627287189911,5,3,15,15.665794867411188,4447170.664
4479.195536371807,1,1,40,18.891842364944086,2526433.838991339
2866.845795,5,4,50,11.240092758519076,3623293.9604380056
4008.4715270892775,5,4,32,10.435751570268922,4300193.650243578
3073.436916841374,5,3,24,10.147975994591638,3678431.856633172
3031.8971162003763,3,3,17,16.34963745102338,2968628.727184038
1104.8646166880444,2,1,25,19.863009990237465,1194845.0266435903
1155.005695271069,3,2,5,12.708461771183307,1963006.5303161857
2929.947906098813,1,4,37,7.634586287019464,2591955.1454133345
1782.990797907629,5,2,43,4.451419856,2852139.9199336637
692.5623708,4,4,2,4.056541957932465,2619823.2643586993
3780.492497160934,1,4,42,17.13740493192636,2802171.0680462574
742.9410254367258,2,1,5,19.847805949275124,1114187.3118371777
3219.218101,1,4,13,13.990009764375568,2729481.7732457262
2972.4526941601835,3,4,17,19.12099609083025,3083479.3433678043
4862.784639,4,3,15,7.064911109969938,4379767.015176089
2730.5378131296234,3,1,23,12.589145145408315,2463158.921760963
879.8463200623083,5,3,12,10.282522616108512,2638945.6258133017
3027.4270583484313,5,4,0,9.692161341457501,3984543.220449383
4300.823150710847,1,1,37,12.684235359592359,2576399.7862678934
4986.136850838336,5,4,13,6.275742408275623,4967226.4953579735
2493.5099642319187,5,1,16,12.848384540616916,2974460.2094079386
2009.314466985667,2,2,12,13.489944480479615,2039531.2619875586
4589.274506588796,2,2,12,16.738655330093554,3264537.0647968445
1441.465367934934,3,1,8,14.636580227201058,1852673.997527763
3307.8872261448773,3,4,5,6.4635118161893645,3564346.294852969
2385.143466,2,1,5,9.070920641213032,2150826.238478142
780.7624058044432,1,4,29,2.4955204330684206,1660143.7123451706
2128.069287,2,2,36,5.220153338679884,2144304.4948032545
1767.0054990117683,3,4,45,10.466806692838706,2513839.533753427
3618.801077351342,4,3,13,2.105139539204043,3866970.6659959075
4774.67819,5,2,3,11.455065286414746,4407910.7072982425
1779.4076244660062,4,3,33,7.866555119,2732045.6279622074
4170.450132,4,2,1,0.7918488813602456,4029061.0066108126
843.5831945,5,2,16,8.745512844054032,2431554.258487738
2967.732444175178,2,3,41,5.694689511338043,2729645.349965146
910.4202803235362,1,1,13,1.4328497464027938,1226226.0633380294
4709.745160974813,4,4,50,5.938060241757815,4350784.293756568
3971.945634452517,1,2,16,5.952492962148467,2851595.876087607
3494.9796093002064,3,4,29,7.165966045027913,3523843.4018538627
4225.144079148523,4,2,42,7.392851886589048,3719387.9199467977
3449.087100508718,3,4,28,8.652452945,3476167.4094529552
4863.355347566881,2,2,6,1.9299667417186692,3727751.2570533846
3741.414970604995,4,1,8,0.20502786726985936,3591279.846061418
4668.497882161886,3,2,45,14.746545015273403,3478990.9588797926
2875.3803248468075,3,1,22,6.8131943436000455,2656099.1936557204
1115.0834171201957,2,2,35,12.310874331603346,1500997.1400323482
2923.9819742612754,1,4,13,6.209992916670397,2737464.0469015473
1158.2404434776106,1,3,19,19.685328074874707,1355086.5783456285
3206.971308376182,4,2,16,6.376951615902415,3360619.5399743603
2722.969466321717,2,2,31,12.140383610164799,2328349.979
3339.3317504642396,4,1,24,4.477427847446728,3224790.236387503
644.2067166,1,4,50,10.404267329701387,1328690.929830919
1457.298163283602,2,1,29,11.62868305273926,1515748.338691333
2761.853900413376,5,4,48,3.7381983888498644,3730835.9005340077
4782.215670992194,2,4,26,2.560742593290185,3974565.9017346106
2287.879777562697,2,1,26,19.474665673913897,1789119.493407388
2467.2369146359924,5,3,45,17.876025544514086,3115770.864532032
3744.6627916291377,3,4,30,13.23533592823001,3522297.595354286
3256.6881320589196,3,3,44,17.23497999797956,2928317.384174186
1915.2750604326661,3,1,25,2.0016514226091138,2257277.4198684683
2407.592140496682,1,3,13,14.614587341558922,2111177.242
1557.8791149718227,2,4,47,5.783526472657493,2192941.9461370786
4850.494420172918,5,1,20,10.835914508101277,4173201.838028751
1174.791278852383,1,3,27,15.319796975866382,1410672.618013181
2236.0818520922458,5,1,14,0.76623867,3097389.0707530854
713.6914777680493,1,1,29,13.92727980387055,797973.0609109309
1575.829764507604,1,3,24,8.753849130415766,1757510.817749804
4034.073008872682,1,4,50,8.849490150374512,3054719.6195331686
1485.1710220710695,5,4,10,18.154834191315327,2994161.7453135457
952.2789711274486,4,4,43,17.20875408000046,2281637.3220680323
2687.5939913159023,1,4,10,1.2449215206469635,2733571.4833493293
643.8646328318814,3,2,27,12.404477074934164,1603515.6930215748
972.9710795,2,1,4,8.773338676539474,1455691.6843114607
4153.553826077091,4,1,27,2.4445078398369433,3657559.674346124
3994.482717382268,4,2,7,17.035922587139446,3586195.8250526628
4626.610809781542,5,1,25,1.523070353649285,4222516.915922103
4359.867918007298,4,1,5,0.7387381658114918,3904832.1137917363
3605.972478,5,3,31,4.0305592450706955,4032047.972330503
830.2645721229164,5,2,47,6.137247206341837,2322060.260038939
4044.533919141293,3,1,31,1.3115274708061337,3305709.3282588413
4320.247567698466,1,1,11,12.86209803615531,2712554.741230444
4115.961441,4,2,5,8.799285481212864,3821667.929
2837.307755355315,1,2,12,8.302558346023629,2257275.6288615023
1624.7680900577193,1,3,38,2.992280605832335,1827211.3510165303
4319.4518930303975,1,3,39,8.812002764381603,3053158.809331884
3799.5163628566092,5,4,43,7.864302295060607,4192145.0536314105
4915.3491673109465,1,4,33,7.734490126432459,3602657.6992311417
1285.047430126105,4,3,22,4.449483536247645,2608206.9624424167
1592.9241654290422,5,1,40,1.9793029623668934,2621548.941571501
1531.9118594786119,4,2,44,5.288087833988936,2404867.0911638443
4087.1749775338817,5,3,16,13.378676281321452,4160686.8812448294
1422.3921043805199,2,4,44,1.5511763916726868,2224845.4424611237
893.3032512225468,2,2,47,7.708256380770554,1422159.4161001795
4993.667548976766,2,4,0,10.336086989583816,4054784.952801024
709.1957303586562,2,1,6,19.266721070852103,1103936.3618666031
4275.0738646990085,5,1,12,16.892117541796924,3804367.4996178835
2207.614102822872,1,4,13,18.340605321325853,2136667.8630892364
4303.108022934387,3,2,16,16.418030675747065,3407866.316
3040.3301613290378,3,4,29,11.823380111270964,3203370.3965434176
4567.177409739985,2,2,47,17.229657410187045,3068668.4747705692
4675.249140224358,1,3,46,11.348424274173619,3145329.0027330243
640.0319976354144,4,4,48,7.2191850615329365,2300305.2156913662
931.8135743682684,1,4,33,7.509605812321346,1615387.5890420245
1701.578410111764,4,2,26,11.352688095002295,2458408.361260154
3544.9878319994073,3,3,24,16.207848492251642,3193009.8642589883
4508.397664650626,1,2,43,2.759688495406848,3048677.9805214936
2623.744585693436,1,2,34,0.8813778706654644,2188917.653537726
3270.6817116067677,3,4,8,15.812415660492011,3343765.4606978614
1429.399352300469,1,4,5,12.987082177554946,1894630.9507034528
4141.854069079415,4,2,25,16.44407508648986,3581718.4509142283
4856.243689955267,1,1,37,19.53586288715972,2717077.505338757
1781.8353048242288,4,1,38,5.1027408272600026,2363535.753971232
2777.234187042404,2,1,26,3.966410309,2343961.8054372217
978.9108862280448,1,4,39,6.885473093246076,1621418.899353418
3060.201288437061,4,4,30,17.57144974758347,3393344.567371179
2812.2471441253942,3,3,2,0.3778809723004599,3253238.8707210054
1235.5205302823415,2,4,23,0.3095919484888232,2261241.3442757116
2545.091338,1,3,14,4.4140491,2378937.6049736897
2070.0604691808785,4,4,5,7.580734285095475,3223088.466992847
2896.055851342833,1,1,10,6.116687157470445,2140367.1006263252
3176.8790758867162,4,1,29,16.515865071219732,2877795.1546232807
637.3805458717219,1,2,34,13.825475474368512,936853.6816
3948.4263249780433,2,2,47,16.77289027022548,2768428.2751888293
3737.2628841916594,2,3,37,7.736829862,3093567.762967748
2211.6600993086977,1,3,42,11.956624666128874,1921370.4744360885
832.9181165028003,1,2,39,10.357563439018522,1078980.707575347
3921.7031750542214,5,3,28,9.547058314024834,4094583.3393509313
4802.770706103783,1,4,22,5.833253874446338,3639393.1936672824
1656.6670224968625,1,1,41,14.213490546776521,1203736.618417218
2023.5083004429666,2,2,41,10.528189158879565,1960863.2851482092
1408.7767137199858,1,2,2,1.6641953436699906,1725777.3680909101
3138.5189427172945,3,4,25,0.11039544829436343,3506724.480497078
1281.3021364488018,1,3,13,0.5043490722189854,1830237.0048843382
2167.2533512300697,5,2,18,1.6114057014288818,3226071.479690775
3666.857261310757,4,2,20,7.481988404,3548461.780688709
3064.510325241133,2,4,20,6.182747175,3073273.1372271813
2300.435283042915,3,1,8,3.2171833343193956,2510546.8929393874
2449.0982479531845,4,2,12,10.357441105427709,2922073.2199723553
3073.287884,3,2,40,19.406610124727614,2613184.657
625.8048027035097,2,4,43,3.2978631103467113,1796618.057249138
945.4434211958834,5,2,45,5.086770138,2410659.2259511477
4477.535498157251,2,2,36,9.295850147233276,3237523.6642382774
942.6675520016794,3,1,37,12.852730982203601,1493952.074461085
3709.935823326223,3,2,44,12.04497481822634,3058741.333402902
4648.167922079831,2,4,44,10.47186566,3659319.565938393
1791.0078589276168,1,1,23,14.771637451086226,1349744.0985464011
2230.162323061863,2,1,37,16.934316629615353,1756067.7470429416
3103.2541857167516,5,1,45,19.979441457600796,2991711.1818106775
4479.519466409773,2,3,10,9.363659943977892,3567159.452429646
4744.384583945849,4,4,28,19.89963676041641,4198872.474868913
3854.0782916895796,1,3,44,14.63693826452963,2678973.2986585144
981.1269477606537,4,2,43,13.181100848457131,1976614.3750155016
3544.2782843533437,2,1,47,12.829693006760051,2445218.2001457885
2405.336376239713,1,3,37,18.223811465749172,1917864.8769091906
2671.084397760671,4,2,40,18.963892690526947,2720937.263174114
816.2529175,4,3,16,3.6520172263448942,2419759.0323368087
1440.673413123976,1,1,47,9.919134437199288,1151626.9359223195
4078.2598731480502,1,2,25,18.834852017978097,2602105.814318781
2597.418865410583,3,1,25,7.704045336732651,2484301.4440749562
1927.313863177055,1,1,11,4.730263060018919,1678724.5884924664
2289.683925445816,2,3,17,2.1427982486077126,2581658.915855071
4359.357858632993,5,4,8,11.98463031,4564659.241
3895.5956765818105,3,2,2,14.035429311674061,3321762.170161742
1798.1877475967642,1,2,9,3.991404928906725,1838938.6933245647
1117.0080969344426,5,4,42,13.505398452124528,2743068.997529048
1708.7921752339155,3,2,1,18.00242192445332,2154020.5672322083
4651.3283846408285,2,3,7,4.947231140518145,3756392.487614369
3158.9908865389234,5,2,42,2.5277979234685843,3583612.402904407
2947.3129184770446,1,3,17,16.724937056329384,2318830.636216252
3224.1318386468306,1,2,38,18.33728408408625,2119993.155746008
2210.524369284667,2,3,30,4.375752654673283,2432420.049653185
4151.270889405856,3,4,13,14.455472929769817,3786198.904211849
2902.4594969210993,5,2,38,11.859297314742195,3288716.7202700237
1113.6907721827004,2,3,32,4.860009417322774,1864318.1158492118
1167.886549247877,3,1,28,16.490788006741973,1578800.4325934162
2962.1802446115207,4,1,43,9.461704552174403,2841528.9493665895
4720.908959511692,4,1,32,14.036644101732815,3684394.515825507
1956.7493353752745,3,2,34,6.098314318256472,2351081.2994268253
4425.981143,1,3,1,16.33405384141511,3145982.4127662955
3962.020580947069,1,1,34,5.359290575693187,2568497.3970639887
1690.3747487903902,4,2,31,7.3592661406780175,2507674.969685952
759.8992925914667,1,3,35,7.890236923561793,1311817.8259288147
1048.127966626484,1,1,45,4.2078940983921616,1079579.019449716
3805.373308928737,3,1,49,17.499951495854273,2772360.5426516007
1478.5468473788455,3,2,22,2.3584080150612983,2246778.181492514
2233.5920502237327,1,3,4,11.306268401160086,2135343.5751929823
2807.476330428269,3,2,46,16.301601899759287,2512379.045323266
3792.0599411807166,5,1,15,11.660008361728142,3652502.7214601133
1098.2173823401517,4,2,39,6.605240260364025,2186676.8040671125
2388.0121832208306,5,2,23,15.648965699294585,3030699.6957288412
2734.3208002278598,5,1,39,10.033630038706672,3036160.717444114
2979.6390814747747,1,1,27,3.3439557083680707,2152613.3446743432
4200.7868221389535,1,3,24,6.405579169570078,3116954.745782393
1355.3840581901543,5,3,6,11.879602385873046,2874772.8994819336
4154.458388037138,5,1,37,13.209652604679938,3692709.0600292874
3648.6650818652697,2,1,6,11.007828604289392,2738848.8869511643
3045.831582475421,2,4,50,5.512987768711608,2927328.9539677957
3677.922629771316,4,4,21,11.915677539585236,3860320.682198271
2412.878051387288,5,3,21,6.7157855105632684,3431796.233586696
1208.949378259748,3,2,26,4.575929390569213,2047629.019422807
3529.367057167616,2,1,32,18.91602031369855,2391036.0404141545
2908.558149416738,1,1,44,6.365980722176036,1971632.3783691656
3413.249122388212,5,2,31,6.778847049098137,3680720.538316461
2087.194636525356,3,3,38,17.945851449802465,2359353.207370946
4590.212940295278,3,4,31,2.939590211237175,4145987.584027213
3184.4274217325387,3,3,0,11.733437967987598,3222217.8696108353
975.7709308798449,1,2,9,15.695841642287062,1193641.5506984985
2579.137559099486,2,1,44,5.545942184090143,2123322.853972257
3927.966640871991,3,4,3,16.89721311334396,3675711.976273434
4094.1920716219984,2,2,28,15.416014682414229,2963448.660267032
2776.2270321605383,4,1,6,9.773271938608293,2927320.995412421
4536.889311657725,1,3,37,2.4624425248804442,3298868.723435571
1777.7411236549092,2,4,5,19.405132474580398,2240440.830440164
2406.634267848373,2,1,10,12.522181458252529,2067546.4228634532
4553.826406503468,3,1,8,10.390258243428848,3493780.9564874745
4543.529552474947,3,1,29,17.72044674538895,3237028.759434012
3617.136182828596,1,1,21,8.484988572,2398541.238076492
4379.514407337769,2,1,38,11.316462886061544,2938100.864051971
990.6023746074237,5,3,8,17.182418469872683,2576325.7360105757
4405.977895314216,3,2,37,7.920146441064151,3524258.9369401424
2010.7275888209977,3,4,50,15.470592443177102,2510624.8636512742
1384.6586546841518,4,3,45,5.197141680630222,2528059.4118337887
1653.2272799050038,1,4,32,14.077065532463777,1849745.2474075435
2439.0614352611033,2,1,25,10.257653786254881,2054050.5600097713
1705.2448202596559,2,2,15,3.381645243988149,2074662.4233543822
2010.4973784725958,2,1,8,2.806548462,2073790.6381029102
1193.9053387152253,3,3,22,9.207995320294248,2167465.681056045
1903.1777684595936,1,3,14,14.245857469605811,1861344.6529419979
3118.048783984805,2,4,18,12.10559017469976,2991585.5066027245
2544.1563156006814,5,1,41,17.10902809,2789570.5141965384
2125.5625494380092,4,1,15,7.854266821176217,2595368.856399798
3884.3893669713016,4,2,24,16.888478560273395,3449098.03
4531.4438741305985,2,2,34,0.8368662626733627,3443657.5299161496
3929.872580770547,3,1,50,7.379511869,3032018.971111588
2060.8030893177884,4,4,12,1.552362866146981,3304027.205440272
3875.545538485236,4,2,45,18.392958992996483,3309586.507487006
1268.7128028858253,4,1,6,9.558712317480376,2177855.0731976223
1173.399148,4,1,33,6.391513256349911,2058542.226778159
2120.7589629590993,2,1,13,9.900505338197444,1962042.2928199181
4153.8904237938505,1,3,22,10.703636896216514,3017545.3920769123
1683.9322878661283,1,4,22,16.940026188593453,1857838.5382655126
878.3149991541902,3,1,16,10.894311951436118,1605944.179
1179.5219549079625,5,1,12,8.684490318,2420744.0892049773
4378.477861530153,1,1,26,19.23095350280087,2539292.7788133766
3388.6464528880656,5,2,1,19.37430694759189,3566510.0055965125
1714.0851188278973,1,1,36,0.8644939955180329,1524425.5976079053
3043.301631443998,1,3,29,14.16623056321576,2357999.122562001
2921.3503386715415,3,3,3,7.497985504453786,3160388.377351012
3483.9183051389095,4,4,29,13.536473429774881,3690902.602078275
1626.025239455112,3,1,2,12.774755641722939,2012190.4249974145
4403.373144,1,1,13,6.669079816,2867977.8936179876
1961.2216731520566,4,1,10,19.73450858811241,2300593.5829180977
3654.1792774954424,4,3,39,7.206478128622451,3652632.9942795895
670.9484440377455,4,2,22,12.676433613096856,1936618.467861253
2239.691371534248,5,2,40,16.286389473803652,2858790.8143953686
2147.5231990187563,1,1,47,2.9947531280594326,1643539.4550525069
2991.3314857652636,2,2,31,6.081310988694715,2583712.441213055
920.0395518196646,3,4,2,4.059557099642428,2433501.552021301
4076.5780443948765,5,3,41,15.658266253496022,3984796.6152318353
1558.2355277773015,3,1,0,16.044049984942934,1922909.6822941094
3578.966385480845,2,2,8,5.193282842918409,3010290.453986372
4134.133342,4,1,47,0.18219076385606486,3593095.773964201
3072.258607462658,2,1,8,8.524674825565288,2490308.7253243406
3859.886109576736,3,3,11,13.77403851983438,3464135.202495998
3512.185373746024,2,3,0,12.487793377672281,3071009.737423884
2164.3311074688336,1,2,15,8.969425842801883,1892449.9549826963
4158.977571747688,2,3,29,6.108638575055335,3376988.9324770547
1896.686027496323,1,4,7,9.540308108,2187209.7696995307
3113.3368381066757,2,1,45,0.40054590983991073,2488330.4189608567
3879.750052222774,1,3,45,1.5700253271296705,2948147.437673111
2267.406003175033,1,2,9,3.3372681383727976,2086630.556924378
1932.1774735166703,2,2,32,12.545566604576704,1919850.3227711183
2621.122445,5,2,37,4.454104300615063,3301152.054472226
4199.039375136276,4,4,40,8.525240488906986,4093687.795894316
4691.655757840925,4,3,50,12.466075732604699,4011179.282372686
2998.3670165835165,4,3,21,16.628478466349772,3226286.857
3510.451303424068,1,4,15,11.038164757533346,2924135.2746656844
4574.4039378512225,4,3,18,3.624817433534332,4289378.538359242
1033.6061462169466,1,3,10,19.039616547002357,1350683.6602727436
1621.1457426111263,5,3,10,1.8913014759830942,3187419.7598902187
3719.1600275069627,2,4,13,7.405673891159205,3411139.454034615
4224.475632414118,2,4,38,18.434346420008197,3318223.8059112127
4370.9277246545425,1,2,25,12.086435929905191,2883408.061833485
2426.4715781617033,1,4,43,13.286779998374575,2197173.1072176774
993.0955701,5,4,19,6.103683625713246,2944147.0306321597
2526.2385001183275,4,2,19,1.6629172514688084,3099533.823134105
1615.2321969110367,5,4,4,7.378643452756256,3304716.147504711
1881.2644019851464,2,3,0,8.102931400657392,2343246.4910837426
3997.9772500850254,2,1,10,5.4784199950717465,3004093.1432453957
932.3191785139022,4,2,46,4.3881592717432385,2113069.321926404
4241.357356915089,2,1,9,7.174623277873447,3096859.131004393
2481.743977626344,1,1,46,12.824395847595218,1619056.989965585
3222.6812968426184,2,2,27,18.985791467653986,2461297.737172547
994.4698174369876,3,1,44,14.105236662181527,1459803.0935791805
2084.3799447720303,4,1,46,15.614101390416952,2264580.8626819933
994.6840436653214,4,2,33,6.190732693747498,2173200.2860620283
4830.792380676882,4,2,12,2.183380406288179,4276401.500316995
4151.951257035502,3,3,43,5.901119554835958,3607626.155525349
2622.384119168425,5,2,24,8.112818806,3293608.601575413
1583.8512126241528,1,4,22,13.828638794892633,1870025.7485185412
4707.202463,4,1,35,18.793235483905445,3567409.439975884
2116.2250211986757,2,2,11,16.204921035695282,2043687.0079897493
1308.3314994244488,1,3,46,5.401365683243387,1580811.3541516738
3077.9233091974015,2,2,44,16.42398355927465,2355154.9015175253
4752.606129517191,1,1,1,8.293760827572667,3070100.7663114597
616.8532782014194,1,2,19,3.5912324908184337,1206274.9073886583
1647.7493103175946,2,1,15,9.278944422538572,1727968.684812343
4729.169617805794,2,2,13,11.308088850528838,3438095.9499966376
1352.778254171513,1,3,1,15.291761676229067,1630226.8116654924
1098.2711872152074,4,4,48,7.062940184991031,2532549.7080121003
3108.8237495191397,2,3,15,3.0209084886707585,2983666.623090472
4392.112822497252,3,2,3,1.9776355911068686,3806176.617530806
2699.283197853275,3,1,42,2.3376750696767776,2557561.015637419
4976.082729411909,1,3,12,19.005466051584012,3312604.961778592
3588.3554779671686,5,4,37,19.039849978038934,3893053.6575271236
925.9295917,1,4,48,19.37825326356633,1300072.6486959758
4968.461379400692,1,1,0,6.119528484201245,3226513.0381206386
2394.734641832838,4,2,8,3.913126968902673,3043777.699642683
1864.571148920123,4,3,20,19.620198011033803,2604554.532343703
3054.6684077426967,5,3,17,19.76645539345702,3511678.0141065256
1938.953404011803,5,1,42,1.659173794811276,2790966.1442139936
980.4130313286702,5,3,31,15.075309197514558,2498373.249818362
606.2847095483776,5,1,45,5.844412830125277,2025927.0162760005
2578.166752849154,5,1,33,18.195045013859072,2824855.394251713
4282.199057797006,1,2,19,1.8755778194792487,3073260.8906132355
3118.186816772337,1,1,42,17.782696943149872,1858112.3876274882
4996.512115,3,3,1,0.1521631917793979,4354885.711944299
1862.1252408476798,3,1,3,10.487359673076284,2170988.345066631
1834.0022849442435,2,3,44,6.777720565272551,2126119.649270988
1302.8976250293545,1,1,37,8.603941697915692,1159042.8966606806
1321.8797883674747,5,2,6,8.732312968192856,2720966.5529241976
1854.8210224442103,2,2,21,13.106702866800164,1924949.371990419
4088.4961992035196,4,1,19,0.5596327538019115,3702728.362630039
4585.329879,1,1,34,13.858145754223342,2710174.942420036
4890.383546713798,3,1,3,0.5417427677076018,3884029.836107064
1622.0744780243915,1,2,19,3.7869478305175166,1704971.2005061626
4477.709200702004,1,4,34,12.174158865971265,3290044.3411358944
2044.322392820283,1,1,32,1.8201049752450207,1690432.0150095583
1096.4983958742914,1,4,50,19.81898281714858,1366542.4596984915
4428.109672288729,4,1,20,15.709243354622302,3564542.887156236
3398.8647924319216,3,3,44,14.14275194347752,3061250.275450728
1324.8159427566716,1,2,13,5.426852024789216,1553543.8489868687
2491.2575330572113,4,4,30,1.0664413561123764,3438972.8575106757
1863.9338574590977,2,4,21,19.577741823925297,2200085.0103553603
3841.8961023248667,1,2,47,3.0421807712052447,2689777.353842646
2595.0314147467793,4,4,29,16.62829009418725,3184622.8235939625
4952.8317584680935,5,1,28,4.030596528843668,4320476.866761491
840.8779219422186,2,4,35,7.544497802507265,1859221.9230252814
2162.0671709994854,3,1,48,13.90243285,2027657.8466241101
2720.360735283901,1,4,41,18.91276134047442,2241598.0589367794
2813.787640892607,1,3,28,0.4936688859967082,2521693.360830687
1990.117618496802,4,4,6,5.289286341837523,3223946.000515968
3808.6570960292993,3,4,31,15.322817268088093,3507545.1207572054
4448.887123351489,5,1,12,3.5505373143034578,4158105.733493993
4730.364928702597,2,2,12,2.317956864436332,3623496.2451668894
4142.410857917916,3,3,13,1.0190757577930085,3850496.8319074153
4342.552868149038,1,2,5,10.09955090408979,3008958.3340970404
3022.3993227279802,4,1,15,15.377899662277438,2893314.586222759
4233.908196277984,5,3,40,19.23851783738495,3996856.6594956103
1935.4172002509897,4,4,47,5.422970389777236,2988922.1104342677
2353.3065532805435,2,2,20,2.5153107916682975,2391019.9789112234
1994.417260801595,3,2,43,8.110810136,2284665.345785226
2656.5042759708717,4,2,15,1.2032619987486886,3193859.8161147796
1856.550311,4,4,4,6.694057069320718,3139066.932442903
4831.090345919566,1,1,23,12.897291810873591,2907272.2548466288
1976.5163632249398,4,4,42,3.446503869114768,3074001.0223344923
1031.3959676881352,5,4,0,12.67434734503714,2926883.955047643
2917.995530621819,3,1,9,19.441785848005473,2489834.966455118
851.2359452,2,1,42,17.297578398089595,1034339.3227219135
1086.3899317577543,4,4,46,7.201013606201455,2533847.6118591656
1565.3133124634837,5,1,34,8.487776040509832,2507574.0535258627
2643.141099481423,2,2,30,8.444481935590458,2367353.829
2506.304102159723,5,3,14,17.212027718624913,3303584.4148116806
4118.644192812281,4,1,10,19.877158737354595,3376451.839763366
3853.688477090099,4,3,8,16.535324068010528,3720810.6752891564
2475.8004935590857,3,2,1,11.206551744151632,2673442.130000828
2068.2985133327716,1,1,43,2.0375842114201776,1643070.4905422996
1992.4626498705939,5,4,29,19.094234558325418,3134019.551873106
4005.5783840936397,1,4,15,17.214911424339544,3048163.8816643464
829.1185873735868,1,2,47,16.844075889868574,907350.6939937393
656.4152578466657,2,1,0,7.897176096832841,1334937.0250909934
4100.395324477251,2,4,47,8.998710434149858,3399896.371659946
2699.4440543518167,5,1,5,2.4812693637938086,3339769.558
1175.8770096357343,1,3,45,18.76367237596708,1252337.975402843
1636.4901122158055,3,4,10,18.870363829006184,2455510.6976320967
4703.017393628483,1,2,32,5.163381230428517,3152913.9903099886
4381.813092749551,2,4,16,13.950555438370202,3596568.3557116888
3723.0542209854793,1,2,50,4.149445774533355,2593211.113
2721.791013484237,4,2,33,7.919646899326751,3002175.486859901
2889.4239552420972,4,3,45,6.117389304486938,3262037.1096356274
4891.075955249418,3,3,39,7.852860854175655,3958153.6786455135
4849.389953090863,5,2,24,6.248556899999332,4444396.756649762
1547.1838014576708,1,4,21,6.971297380586807,1993838.8712214164
4168.860092,4,2,25,15.842099183464018,3607260.9803067367
1467.867731134874,5,1,26,6.0705401176957645,2547195.981317839
1539.5649026893861,4,1,37,16.31243974183064,2023206.5746123975
3574.809350324138,5,4,8,11.401651355010765,4184044.5661661713
2382.004833785213,5,4,36,15.630850954480241,3363058.3159073195
4698.795391268689,4,3,4,18.385923944024068,4126352.134858181
991.6428335424389,2,1,17,2.854656515106199,1518401.204573413
2850.7128195617693,5,2,21,6.9434159933479185,3446161.0080182436
4641.494733949733,1,2,45,1.2055941665904026,3136308.4017473757
4578.100106109822,4,1,11,8.197509695,3834772.777265438
1288.7285390292614,2,1,43,4.824318321348811,1497550.8211919717
2213.2058804244084,4,3,21,11.476404445649594,2936747.769
3324.1341602054636,3,1,5,15.689458072757219,2787950.836751905
1301.3374929941697,1,3,35,9.778682956486428,1544768.0054716736
4859.297557,3,4,26,6.7390888830714095,4229539.918943515
4624.897046401706,5,4,46,3.1358716808059364,4684404.007689051
1334.5807877516645,5,1,14,0.6339200014195626,2649284.9119517584
1133.0840295483358,3,1,16,13.589871924504328,1679417.4943883985
975.7973243563673,3,1,2,0.7078612953362651,1928414.3543757757
4601.552121761177,5,1,9,18.42468839717955,3951955.211041315
1451.9447631000276,2,2,24,11.925177500453518,1732141.7496452606
2431.653685595161,1,2,20,7.1305768013774085,2037888.2248743495
2574.9460088688134,4,4,39,0.9340804481195254,3438464.3135763337
3235.648594539697,3,2,8,8.328382400528993,3075929.5673635863
915.6355124886699,1,1,23,17.359260740699593,860305.4595346603
1597.7379165622701,4,3,31,19.39948442327479,2420552.1879199566
4698.557702443275,4,4,2,1.790074867520994,4668150.271975535
4597.004471981706,3,1,32,15.565048338613902,3291874.1873228927
4037.6788485850457,2,2,42,5.241316540856317,3068686.0115797142
685.3654807,2,3,44,7.650794295427664,1534339.7725558379
2038.8297813828492,1,3,11,10.998683953771824,2009114.1297203056
3363.0184355087945,1,2,28,19.89510250766014,2208280.085705512
1810.836931803293,5,1,20,4.255416463419833,2784983.0547375674
4602.1814582366205,2,3,38,2.6969178271298566,3621825.290680031
3389.1136320627443,1,3,33,11.940042030942184,2555428.893516846
916.3895561923606,5,2,32,17.075675055386586,2221354.195092766
4599.624590877093,4,3,31,12.999494377786009,4049495.325987144
4814.173295975379,1,3,19,7.016770385381586,3436424.1583843753
941.9346409235922,5,3,2,19.541953101128154,2534801.1765435506
2942.3850333897853,2,4,3,19.901138484353496,2822842.665
1934.802842,4,1,16,15.435917145259266,2343355.996070307
2328.4919365181704,1,1,49,16.06808434849835,1462557.1993934356
1390.4653590035043,2,2,16,15.240749084085873,1675090.615924352
3143.517248854615,4,1,18,5.227453064308346,3141882.481245458
4815.109154295119,3,3,3,3.0902563630231135,4195422.367991414
2813.5194411950797,2,1,28,11.131634744690446,2208799.9438080485
964.8241581357171,3,4,16,19.08750933296763,2085334.810512823
3328.005867300597,1,3,21,17.578016555525455,2472115.520644107
2096.9811755855308,5,3,1,2.2265087362650413,3463633.331171782
4366.070834201711,1,4,41,1.2341242137516502,3418025.8509301394
2512.583852592469,2,4,11,17.488038676687466,2616204.0708668027
1448.4942793458806,3,1,44,12.29899993697777,1722940.0590377022
1440.8647398410378,3,1,10,6.155988717662619,2011985.5136715837
3982.5623951731054,4,1,39,11.279186163273211,3335370.392425406
1768.5854325523835,1,4,28,4.511204972887259,2118741.5349227637
3975.8269343005813,1,1,19,18.944340989300972,2378699.5654685884
1505.9041673730374,2,2,4,16.56123419945464,1766400.3178017433
2015.4200222857614,3,1,24,19.24853653427651,1967412.1985616677
2648.1426787346772,2,4,33,3.8224379010381284,2847295.4994508936
4750.061738651183,2,4,11,16.889041482864155,3746922.957772626
4699.618268916828,3,2,27,11.249683877125504,3654488.375020222
1510.2362518580662,2,3,33,6.567340700020788,2023444.2300329346
2176.1637814695205,3,2,5,9.645300765207864,2534848.794
1257.3573091965982,2,4,18,18.89324111233987,1925486.7504558188
2843.9343489793873,5,3,11,13.859912457975724,3554441.843434497
2626.563223056533,2,2,24,7.262319498323312,2412708.1396661173
4563.344714783223,2,2,12,19.998003717615592,3186385.2011436173
4692.023662,5,3,16,6.980284114594618,4591079.066952785
2287.696520432085,1,2,11,16.29302368950275,1827660.7045303045
2763.6469492835536,3,3,2,15.709109267564106,2922314.207394812
4543.439496242986,4,1,23,14.486240097646442,3631667.8642728818
4149.514354,5,3,7,13.42178223,4235994.450528839
616.0877699164569,1,2,47,2.262441312318008,1092467.9768161855
2008.262082407763,2,1,35,19.899623281010854,1595811.4936879817
2455.8066645189538,1,4,25,3.304752048965098,2501481.2093844926
1610.7516482062194,5,4,44,11.963066955680743,3010787.403093812
1478.1151099421304,2,4,7,5.058041333627837,2367569.646402826
766.2518290209905,1,2,31,3.458672609630065,1223625.3804222113
3430.8267903069464,4,1,31,11.233360891902386,3100419.095419743
1755.045278125929,3,3,0,16.743248885922497,2407330.5794488317
830.3275850977776,3,4,2,7.601218563598085,2317812.3393812445
1616.308966,5,4,0,1.635660983271994,3440114.1816006177
4128.4213924789565,2,1,14,12.512802366878278,2908627.567
4346.552399244805,2,1,49,15.35196205307556,2785909.876665209
2725.4914788505316,3,1,19,5.9920816873455545,2612577.023782672
2430.710949798219,1,2,2,13.842734534894921,1993173.7023055286
4902.556251,2,1,14,1.6082274166157549,3513786.4954759227
1482.4845021875076,4,3,36,7.292424928526714,2580066.6706275367
1547.5808445602772,4,3,20,9.535214695081647,2647759.046482823
1884.2155789601588,2,4,41,15.661076634431064,2188559.1748957755
1360.1322004367842,2,3,38,6.829020012255518,1918158.618077599
2269.208632098421,3,1,22,9.128625868692984,2306704.7167796683
4607.670598754917,5,3,39,12.604244955618215,4321423.318369411
3307.530498765727,3,4,34,12.519191243607981,3298054.342615022
2412.564814,5,2,17,10.403428047727722,3177886.764096743
4711.407496113345,4,3,16,6.636646724034257,4307643.731680305
813.2426228936182,5,4,30,13.431500457302032,2652664.220405086
1525.215183,3,4,47,16.75937146751664,2257093.08
3089.9098624477397,2,1,25,3.1609003911219293,2521409.8415057487
3308.4315420499884,5,4,21,6.875189479,4076384.8995557884
774.0530288754978,3,3,44,13.408093199716278,1763537.5685477408
2373.3705347913815,4,4,35,15.139932288555213,3073559.539728904
3456.277445,5,4,34,15.651046957494685,3909790.701582344
3671.510404174967,4,1,10,13.100113187797918,3288425.8564358423
3407.815571071585,4,1,26,9.617577203123405,3146229.159577642
2010.478187188068,1,3,33,12.95141212810627,1845883.7691362258
1011.4885438308019,5,4,17,2.787386110069124,3029669.467818336
2479.294764,3,2,26,4.234448243,2689631.335
1166.519524419444,5,4,3,18.557867708807166,2861775.326137896
4769.544097490935,5,2,16,18.45120255871868,4200420.915675413
2690.7518104995643,4,3,5,14.505288116372546,3194943.0610266486
1995.9403671702173,4,1,41,6.608239459671069,2425478.3124960046
3971.7379129231604,4,3,10,13.011916088450205,3840303.5527968938
2790.973807361961,4,1,4,13.787053025736498,2864418.761270568
1964.1497056547803,3,1,17,10.350787243883303,2154732.0260540415
4172.658066519528,2,4,24,14.995663955102476,3431088.672262032
4415.469464404937,1,4,9,0.6908494755278554,3613590.660796229
3561.2359316701786,4,1,40,5.198793843938994,3241315.007060627
806.6434585937361,4,2,15,15.909562385684465,1974803.3996874962
3091.820672732741,1,2,9,18.78013882941875,2189980.4778823126
3958.497612788039,4,4,9,17.534147715871516,3948238.7701809066
1200.6132531677615,2,3,35,14.358218042474906,1702815.184
1606.1513060922548,5,2,20,3.3933863945391707,2899880.8432596615
4482.978462,1,1,13,7.437518360810735,2892411.782038003
688.5355761535258,3,4,7,1.0992325033671724,2351956.0561137367
3911.9994064342945,1,4,0,12.833249887263362,3164007.623576198
2684.602487063461,2,1,15,9.052278388770972,2250928.5938606285
2565.797499,3,3,25,11.502936352185836,2792512.940507736
631.2247429775035,5,1,48,19.589122982122618,1748502.8299506167
4205.352216252568,4,3,41,8.104823655931796,3900252.553111966
2183.2295628008924,1,4,5,6.203532064504017,2407217.058214683
2979.3687777223886,3,3,38,3.097031432376216,3102416.6783179874
3580.1230198769017,1,1,49,2.9578355096526794,2350577.717849714
3691.5701363268295,5,4,1,10.419615806650455,4297065.670134722
4806.312258834718,1,2,8,15.009639086043098,3127636.2658008146
2937.8957942410802,3,4,4,11.33280301950086,3286964.7548348405
2358.7660242874813,2,1,39,17.47852403748626,1799485.4494983328
4796.295956563515,3,1,4,6.3858612280980305,3715103.6718241144
3425.285034112293,1,4,46,11.94142717437827,2708486.8916728985
1911.8615676168447,5,4,7,13.258710050800541,3320429.500896729
1156.442679775713,4,4,4,5.685736506839965,2809179.527855375
4307.239806446798,4,3,4,7.986451711286936,4138563.787101978
2193.599052294267,5,2,16,11.85970349858351,3044278.374279781
3506.066774003497,1,3,8,0.5165199164143401,2967375.906777779
2671.5922452099517,5,1,33,17.743557200511844,2880597.8966990565
1475.2910310981688,1,4,32,2.310174559627468,1996114.9424608522
3247.4210779300465,3,3,21,1.0464022077058734,3362455.4129152233
867.0055033830022,2,3,20,4.3792022054243995,1810591.6256873305
2418.706823433246,1,1,42,10.096127465540537,1662103.7805101296
3005.1057345201525,4,3,14,6.641078335935083,3464404.218645692
2518.6066861217478,4,1,0,8.858897597317723,2846798.309218837
3894.1575711043597,2,3,6,1.7769948716499533,3446211.806223498
4242.869799999375,1,2,22,4.738782131479225,2981332.1754744207
3993.4695257459834,2,1,50,2.043449846218459,2870538.684
770.7769703719293,3,2,46,4.671161072170947,1726638.1818468631
1454.1665899622776,2,3,5,14.095849634166296,1984839.2204021302
2961.073040760607,3,2,19,11.548286815354137,2819243.702177538
4713.216977952726,4,2,25,6.7460213983727195,4061360.9791132263
4273.809810229314,3,2,41,5.298422611552062,3490609.3709879336
4307.1518367479275,1,3,11,19.950803871191667,2964232.759054448
1934.1160525425696,1,1,12,15.380566903530694,1464119.6063049883
2489.570747146291,1,3,46,16.458679369769726,1950284.7042820686
2671.1061681901247,1,3,50,0.624656263,2337732.8769305665
1292.434966739606,5,3,48,1.285777200184579,2845174.857470429
736.6997730756078,3,1,12,14.281027964194866,1487402.2453582238
4766.3727576262745,1,4,1,3.9174738266629396,3764509.820384196
1659.1353769194295,2,3,31,8.570543160624647,2067829.7433515391
1655.7751763839779,2,3,49,3.764914949085623,2072262.2073145937
966.8678365825419,5,1,30,3.6237309231614736,2325632.217932359
4685.434108552626,3,4,10,2.2706313386178563,4311977.345608273
3150.8433057349966,3,4,36,11.925776197283119,3221579.0470261537
3534.962171351557,3,4,3,14.812097323119415,3520912.057317708
4610.938303957431,5,4,33,1.2312075856216291,4780517.918370601
2120.7287431634736,3,1,15,5.583481654923954,2338367.656587575
3334.632169,3,1,30,13.201531133023424,2717958.379947634
770.7176008071049,1,4,24,7.907088847024143,1571889.9415673867
1421.799124216969,3,2,38,14.122851160964556,1903115.4569935107
4257.481542395747,1,1,7,15.20864144514096,2654240.860399372
3973.780767888677,1,2,7,0.7426513148223081,3001710.2757522096
2142.8278424114465,3,2,33,7.6791095880234685,2417504.647549571
2257.966762206535,2,4,14,14.609865098935424,2531458.997228876
2947.6395076357494,4,4,4,7.630478073,3665883.110466473
601.0604206,2,3,18,0.216080739,1770881.5136232453
1661.4750785673225,3,2,9,6.792428354275514,2314561.890302468
1516.2199578761436,3,3,8,17.465789853106838,2233467.099980253
1702.1249656989592,2,4,28,19.043583984480943,2094863.7212641782
4145.9857071471415,3,2,39,11.254281187987816,3317580.147918132
1830.564969,1,1,36,6.196566050516413,1476024.081496164
1442.693817020652,5,3,18,9.374678538777575,2908526.255839092
2818.7592274893386,3,4,12,4.800450188,3318043.5280907797
4408.838160040021,3,2,45,3.4457013155585248,3575177.9718131577
1661.9386968849994,2,4,39,9.921352001,2202215.226526868
945.5594682883143,1,3,15,14.760011378328164,1367252.4246819112
2168.1808377385246,2,4,29,4.5270500381536305,2613222.3362105074
3889.6680280859023,2,4,4,18.199792528534942,3325511.082
3023.038396657096,3,1,32,3.4477300111382694,2747237.516
4193.890826127129,1,4,18,11.212390371637861,3247370.5237351246
4822.205449,3,2,18,15.550026844873027,3674775.105947172
4087.714897707115,3,2,16,4.346430805509898,3541601.7508476772
3256.733546912515,3,1,23,5.999244494657636,2858054.8016674225
2770.702987430474,3,2,27,1.1245365517823815,2892533.680783907
776.3039799323733,5,4,41,18.884573097520096,2470133.4461201024
4931.016706781782,4,4,36,9.790746648,4454366.3385310285
2287.316939330187,1,2,21,1.3796928835685716,2075737.5300980392
1269.804141234214,5,3,38,16.61952358,2577184.5170801682
3533.5189637444096,4,4,15,11.42994876508781,3827833.424674766
1850.868472020021,4,2,34,1.2001658790155236,2696103.836534017
3177.4243920966096,4,4,26,9.072841755232323,3641928.279047976
3181.7787945162013,5,4,11,8.744620548467873,4025669.9043930606
2561.2112119726244,1,1,45,3.007026495452464,1860137.9941815801
4278.921908398188,2,2,27,8.465418900836912,3199825.494286673
1765.8550708439493,4,4,0,5.727859615712541,3133043.261212041
2573.9834031180303,2,3,38,14.028843715599729,2381087.745351338
2965.8453658002745,2,2,17,0.20928980180737713,2758409.8049683073
3519.948771376118,3,3,22,2.2168812741044315,3470309.678310288
4049.476142224594,2,2,21,18.381111300054172,2916788.763215531
2337.1520446643267,3,3,3,8.723333213690715,2843782.2761626667
3442.6065540250224,1,3,47,3.6060212960293287,2678855.769196242
1262.6881935014842,1,2,10,15.885206093693833,1328312.8929811828
4703.651642386906,3,1,17,17.046692741521184,3390564.8844673466
2285.4587482524157,1,1,47,4.303158869,1686339.1148567689
3809.894256696329,4,2,6,14.30063984885523,3553607.249475377
689.5007602815816,1,4,20,12.341200254222269,1462599.2931606625
1502.8234287811508,3,2,34,14.926628555362623,1947552.0613876402
2743.1631950237434,4,2,36,15.77917854,2840670.9447586974
4464.310858022325,2,4,49,13.25262354222589,3486775.876270962
2919.9226597829793,2,2,29,19.128717473364507,2297059.898528517
4691.430122093067,2,2,16,17.29810454884254,3284425.8881740007
2728.7063449643038,3,4,32,4.6565326079768985,3175895.438426931
2757.9760256381796,2,4,15,18.279959345818806,2703061.7440070314
1126.8858694023404,1,1,14,7.2559862920185365,1212996.126965117
4131.687474269767,2,3,12,14.558182842260612,3279352.9983939887
1686.647814855075,5,3,38,16.975405303850714,2778488.7194548403
4558.294953238186,5,1,2,8.783771487635263,4158144.9649707056
4607.626569453743,2,1,23,1.125020074601433,3330985.8013391607
4750.564492246259,2,3,22,18.998262546383486,3449989.913299777
2889.014152053596,5,1,44,1.5423530512047503,3258332.933107021
3579.212653048035,2,2,47,7.027380864181987,2778731.6273446954
4025.469872271319,4,1,0,11.969301225656027,3538021.8297268567
1176.4643220620487,5,1,31,2.438980481984918,2449125.4694956434
3244.211657988988,3,1,32,16.780305899126432,2591172.629116283
750.9107657345713,5,1,47,4.148100899951323,2122166.2829725766
2789.290766910394,1,3,29,19.72147289985064,2119888.8435625015
1281.3077991290006,4,4,1,18.337025467245173,2633586.3083239147
1404.8608742331728,3,3,17,12.13066613563548,2239490.0325081944
2206.2092934474467,2,3,29,13.23420077681886,2258093.5492916633
2502.7235335526134,1,4,17,10.718768713372604,2416659.3106131717
3341.958667941624,1,3,4,7.882968975793368,2757992.8725592624
927.4850411294689,4,2,4,7.098991131770962,2266435.616033633
2816.2437494447563,3,4,7,17.843932644131215,3080916.1399440714
1403.550573113645,1,2,8,11.57473254966398,1494953.554
3125.490770139664,3,3,31,16.48354527,2942747.3977532275
3404.5802939492073,3,3,13,10.330013773067096,3295362.7896175794
3049.520728832557,1,4,12,6.209795952616832,2805237.363468259
3848.5002461045538,3,3,17,1.9260135849314246,3665402.7694579656
2076.680674659966,4,1,3,6.541566379865513,2657181.928
3966.469003185776,1,2,49,17.614338529895456,2450620.649099296
2504.175159516052,4,2,21,14.268027360287011,2826399.9506566036
2730.411792619426,4,1,19,15.738015206433149,2720118.5102853673
3451.6493599487144,3,4,14,15.49134090040109,3410670.7800706527
680.7768895965854,3,4,6,2.4874511029063746,2325312.3408444826
3477.5745742490926,1,1,12,3.2613252645508157,2478233.6999378474
3321.7746559173074,2,1,33,6.413061051797035,2532299.0250270306
1963.3273137144317,1,2,40,6.090472695491453,1724527.121051704
977.4948535577537,4,1,29,1.4150126612890617,2080120.091657413
1000.1159796173811,3,1,4,3.154083040427216,1881649.2471044634
4662.1844867350055,4,1,0,17.138982642978913,3752985.508612242
3632.8290133936835,5,3,30,11.821992275835898,3894647.579284441
1159.2515005912578,5,1,50,6.911431556314867,2256070.0372736487
2169.581944959188,4,3,19,10.576910167481172,2942925.687234288
3206.9251731670242,2,2,18,5.300136492407951,2772132.7748396704
4276.515502398855,2,2,28,11.71846211520878,3128561.426999569
792.1080863372375,1,4,44,1.5851545763943824,1609023.8697450485
1641.185778468039,1,2,37,18.06274890939457,1339010.8291504453
4514.895557299672,1,4,9,4.884887035203932,3579422.9560500747
640.3284208087925,3,3,28,16.399602488558493,1716845.0787375437
1486.1560522931045,2,1,30,13.233977439857892,1493071.3954537117
4819.706374281051,4,2,10,10.507838154224343,4114369.3421603558
3298.968124697553,5,1,22,18.60294956828413,3232097.989087411
1751.3540132050284,2,4,29,3.2205822883909576,2430938.2789390124
894.7608153417294,2,3,24,2.473621658353094,1842580.8926081203
724.0418979677775,2,2,15,6.505016623286409,1521593.5346224776
1676.87835,1,1,22,16.62140240771526,1260684.045151252
4478.537606191206,3,4,32,0.8005089781856712,4127931.541636207
2430.020078909042,4,1,50,4.864173575455865,2632399.486049721
3769.466824330369,1,2,36,8.551573614564685,2598374.8579782085
4640.454155671814,3,1,27,14.287525671910345,3364149.4825020176
2395.378031052393,2,3,26,6.056330045455722,2511235.3327213996
1441.6204325645472,3,2,5,9.017437679991207,2180134.3807867668
2875.3188957704456,1,4,37,6.803324768336113,2581265.870622818
4595.568223063359,2,2,36,1.9319990690414763,3443817.0482551674
4139.247422205883,1,4,5,14.799652098141944,3213303.587
889.6513107978767,4,4,24,9.281449989245214,2503869.573718352
3647.32032,2,2,12,16.268991178609117,2802953.2547028153
3116.3490988193967,3,4,32,13.924389049377359,3184359.6865264685
4592.8379759242725,1,2,32,1.250522483771581,3176081.456391022
1138.9182341413077,5,3,24,10.05151041987594,2713101.8267774526
2949.758898100489,3,3,13,19.81802690994593,2878191.828955644
4469.635851452326,3,1,39,6.226618211132235,3379958.479607836
2404.104661663669,2,3,40,9.909866199743881,2368527.9249412743
2720.777638024615,3,4,41,13.075445629113402,2958552.824534357
910.0269817346165,1,1,37,4.125085447559922,1052184.7000204271
1823.8320179752077,5,1,8,14.079893486264332,2654991.0573666347
2027.8292563433683,4,2,17,13.229555861189416,2628996.429052213
4758.538774477503,5,1,14,7.561713287717804,4222708.039588712
1843.7363863810997,1,2,3,5.760341419530672,1856334.2829042538
2627.8224351864687,2,1,33,18.39014375543417,1945781.2605888678
3553.7394636828312,1,3,37,2.627769096673027,2803987.2680122727
1313.6068385946605,3,2,16,8.697412747112482,2067528.0824593978
2740.3465034242477,2,4,6,15.362974201620355,2797586.6857840344
3849.5717736939932,4,1,31,3.0479281999602033,3473500.2409521104
4414.162937319091,4,3,22,18.665257917464736,3888449.228414568
3355.5408085146773,1,3,19,10.572422894615098,2635994.864469354
3543.835467394571,3,2,46,10.145831524293305,3003674.0213157367
1155.6472793721034,4,2,1,8.543120474906308,2366634.148292243
4761.416587883928,5,2,20,17.36225881074151,4198136.035831451
1183.3259409317225,2,4,11,18.97398403539317,1921856.2078623152
4008.5609235999127,5,4,41,7.663353722,4310686.305469599
1765.1918158246028,4,4,48,10.89363363997642,2789396.1532170903
4707.809832285507,4,1,26,6.376920343359927,3861039.427379872
3767.821973,1,4,49,7.423533557259871,2955113.233571975
3916.7803371048235,1,2,47,0.6638378563893458,2774786.3295289422
1563.8603614634867,2,3,9,15.740116139767293,1986800.7760407147
2549.3758971947077,1,3,7,19.389729501105013,2116566.276679571
3318.378056,3,2,20,15.413578381768973,2915590.3785653682
3987.883920109044,2,4,21,10.412407273153011,3445366.7326957798
1057.421254014514,3,4,12,16.567448863508183,2202034.567841411
4834.407392399925,1,2,47,17.171792957353162,2903440.755157217
4516.970950440046,2,3,39,10.93600035547275,3409438.386214886
1789.5337981805712,4,1,11,18.749433965029645,2229451.1378940097
4220.145069,5,3,16,0.7003868418341072,4480737.715938765
2880.625261375223,4,4,47,0.3009105955878991,3563967.336880171
2631.9485188728822,3,3,8,1.721041346876991,3106226.3506032187
1983.5100655701838,4,4,50,1.2513685375236876,3081400.5801389357
3156.261781179007,4,3,48,8.549758656865796,3331808.635556505
3811.512118,5,2,39,18.812389968047537,3599181.1776912822
2408.104781836136,5,4,11,13.536948644839532,3542986.336125595
3368.5644492364854,4,1,8,13.223111938764687,3144492.9039472668
3676.9768530833367,5,1,29,7.759232242503904,3602976.699795908
3728.9359948672577,4,2,5,10.72195248,3589701.8659786102
828.6508318,2,3,24,6.153076461234021,1735936.8047682333
4382.890345014294,4,2,27,10.404971014113032,3813018.6703292043
2616.314584966211,1,2,9,14.958552083423307,2028659.1689189568
1754.6307594633436,5,1,40,11.217980038640645,2517628.6970631764
1663.763832910599,5,1,27,8.435549601,2592843.842548639
2725.262096513382,3,4,28,16.91394907214923,2949024.984918024
4502.058773663421,3,4,35,5.820113307915561,4024300.0387777165
2264.7293594036464,1,4,10,9.681589865696756,2353405.8004922057
3898.7932858475906,5,2,20,19.56513068570019,3722766.947314109
1026.0024163437618,5,2,37,19.349700407601524,2205680.118124168
2694.6494894646717,3,4,25,0.2250638715537453,3282496.3854055787
4963.419017728037,3,1,17,10.69144483775184,3647553.530213299
3989.9263322862826,4,1,3,6.804693251615672,3608542.2192151453
1526.3253491386972,5,3,43,5.895355007960522,2894928.4925144557
2806.3424842708073,5,4,40,11.96541835431274,3628535.793153466
1627.9489600536929,4,2,14,8.981456031564267,2529018.2774998783
2402.0680799550405,5,3,22,14.683557422857762,3262035.8096246826
4032.369704433845,1,3,40,0.639970388,3068058.362557099
3993.3891872777763,3,3,5,18.545127846628507,3465464.9548106357
1603.6416627704946,3,4,42,11.395106513344215,2428591.6192226806
4657.782599881384,3,4,6,13.712927374077996,4089305.6705634496
3207.300004165238,2,4,45,12.131270846764984,2900697.503251637
2271.666880232864,1,1,47,19.783718965561643,1369831.9789095165
2808.516555435787,1,3,14,19.72733898179799,2204384.416186251
3262.313515126072,4,1,8,12.236839556605428,3111092.8845352447
3063.518340121456,2,4,50,13.710869566979504,2772214.6968254554
2740.182156359184,5,1,29,12.409539922866491,3041573.198
2821.7043379933607,1,1,43,6.282550386397768,1934874.0793730423
1376.2124058826992,2,2,42,3.9330097738114302,1764118.9255694384
4176.024778940589,2,4,27,8.114986721089634,3555385.573152819
2983.7454077404677,1,3,29,13.686860763802061,2337808.407
1176.7513915006937,4,4,7,1.2139493508168047,2893769.6268383283
3971.091246964223,2,1,34,10.334673615538787,2773525.0692756535
4702.753504860344,3,4,50,8.227106815387156,4001507.5342267468
4768.150356642634,2,4,34,10.596948341583811,3766809.129593958
2223.678023,5,2,25,17.21851,2907141.729438462
1196.2742436673177,1,2,29,1.0474417373854588,1496861.205190267
2880.958357185487,5,4,34,15.296118582297865,3629229.7250511036
1095.480609136571,4,2,37,13.371506849479168,2059983.0856830196
4709.544641455516,3,1,10,4.156574821365105,3686313.7424047734
1407.7503603626424,1,1,19,14.710255023609243,1179342.9978134537
1712.169783785122,2,1,45,9.977801742891259,1596201.7751390531
2389.200718,3,2,30,9.672393433987123,2515825.409
2285.9236616601534,2,4,33,9.713103247439166,2548372.683985611
4096.516726550712,4,1,11,18.989757838800394,3378136.1246036654
2607.7940104242343,1,3,47,18.892853676102174,1955712.8497943908
1351.3803440146824,4,1,27,18.280800129036813,1939747.0875309221
1775.723540138726,4,4,2,17.746167263547367,2887611.3429027335
2840.098894825097,4,1,47,0.8480030222642579,2932762.305071581
1248.7972366749934,4,3,41,8.07183905,2422634.7554511814
3291.284972842462,2,1,4,17.908053564160518,2432154.333242338
3089.288148825042,5,1,12,15.127018457652408,3246776.6233637906
3744.6901920819337,2,4,11,9.187530066335237,3398267.4128185795
4725.900307669218,3,1,0,15.487735440621604,3517868.3631264945
4613.920068845085,4,1,42,4.2428979336910535,3776774.9938530386
4762.732719502857,3,2,18,12.036004984311592,3715319.1781695145
1676.748626904284,2,4,28,10.706665809644042,2248913.915363579
1178.8873492131604,4,4,46,11.513585738013777,2493844.8779506222
1930.0174821843734,2,4,49,14.463728856934441,2195407.082057815
4538.374760171784,4,4,47,19.001061615836733,4018839.065873475
4877.035288343348,2,1,38,5.353834182144847,3306113.8786330945
4381.029784710095,1,3,41,15.18521042979593,2946483.601863446
1084.0779729611918,5,3,24,12.938305279329855,2627945.7989983163
4768.683191,5,2,15,13.933386841783959,4295346.777000183
2462.775320343458,4,1,16,8.635501333699795,2743350.5516020507
640.9652793543562,1,4,27,18.89711406564152,1272213.276468665
2546.532459292052,3,4,38,9.645159374753174,2955035.96
802.7043465720574,1,3,42,2.519676609042485,1405631.5592094962
2993.0628531089174,4,2,48,13.645790312976619,2948288.5383992437
2089.6377207230257,1,1,4,2.6644953638741824,1836201.8711883463
2683.1137078138145,3,2,0,6.521232524165152,2875805.1215279214
3297.949587269715,4,1,2,4.637312979420471,3310901.452150766
4422.724821598409,5,2,47,10.824794438423384,4024539.4401350543
3512.366936476486,1,2,23,7.015327276242139,2565549.840817718
2509.815021303995,5,4,28,3.2810794130513425,3713958.840495288
4205.482556149606,5,3,14,15.837205851912291,4180670.0791408746
4584.561405321781,2,4,3,9.422983246718731,3853493.9558308334
1126.9438523016677,3,3,43,9.143535887809744,2030274.126498956
2940.5051012322824,1,2,0,17.738622772743607,2180153.0132655865
1851.8526228667542,5,1,48,10.822604772838185,2534147.134080931
807.0692706585686,5,4,14,14.226932307713964,2713668.9072793224
3541.6054585015354,3,1,23,6.628502009961458,2987905.607155856
4396.191420820593,5,4,30,11.269660860351241,4487375.411307589
1316.771679700534,5,4,19,14.555652257490701,2936945.7128047706
4174.6200935451625,5,4,9,5.999792865963193,4586987.107557635
4354.941227562544,5,1,10,13.801829559053605,3916106.9407045175
4623.097947732527,2,4,17,11.41838696051813,3762854.1527602184
1767.2543919786306,2,4,33,8.740443947131158,2308491.2351510096
4577.393486835513,4,4,27,14.288094276767591,4232607.775986722
2010.9161208403018,1,1,37,6.406396959506919,1557003.0393343298
3030.287259204212,3,4,15,14.318604659334413,3218444.4545197356
822.2328716620414,4,1,23,11.067170073488542,1839445.952465567
793.0767888224718,2,3,38,4.987516717,1671460.9781761407
3769.6421360216927,2,4,50,13.398681792783231,3131520.350259499
2555.7119031022808,2,2,11,17.70681144134474,2233392.640828563
1727.6864516245573,4,3,49,6.269278464786086,2658130.5746208746
1437.8193825096048,2,1,41,16.265404511965592,1353274.519119808
3547.7953597805595,4,2,6,6.788994092496442,3572790.7161446684
601.7667937114954,2,1,35,16.44031264467101,961750.0620666449
4145.921144466159,5,1,16,1.1179056710610933,4035275.376916175
948.6982669716868,5,4,48,0.24358474612521622,2894150.3566676565
1442.5543055957255,1,2,3,2.3539148202484825,1723871.7744972105
2299.440139315994,2,1,36,17.491461874713345,1784563.7502680474
2733.378454750856,1,3,32,10.721064875887176,2256940.8479620023
2161.978509581344,4,4,18,11.92261577219742,3117209.857451041
2011.133525930893,1,3,25,16.859888820382384,1808041.9046621162
4841.230453122029,2,3,10,1.107851522318527,3913131.1142189614
3422.9505974709346,4,4,30,7.8034301474441765,3770079.613890901
703.1050036165082,4,1,0,12.897498153036256,1858275.4568518463
2492.773997154978,5,3,39,8.153135270701874,3352997.211267769
4450.038278873469,4,1,35,0.7393909928843938,3799904.237683364
1926.407220206939,4,1,28,13.053778717962883,2326800.953848529
1016.0479170073082,1,4,24,7.888885761998696,1694919.1613679975
3936.892994995638,4,3,46,0.4822591326073481,3893474.233
3266.4608605187577,3,3,48,3.4933158347018356,3188037.0316696595
3109.375034436617,5,4,17,4.429885438396014,4045762.7265547058
835.7368622725949,5,1,2,10.26125518,2267316.245575475
1218.1956431002761,4,1,17,3.8088605305646914,2212593.529043162
3339.2173433377006,1,4,6,7.290412721276894,2958473.335
1514.4249024188775,5,1,27,15.03824869460983,2386120.395
2817.908350893067,5,1,16,16.173625797489088,3070154.577601069
2997.4794185293313,3,3,24,15.928718316637966,2924838.261036224
1847.4316371921334,4,1,17,13.932148723067895,2324745.7622390264
4773.070684382568,5,1,39,10.882065060635519,4038566.9590828912
4306.842070076531,5,1,42,11.057542856078493,3786943.096021013
3778.4434335843134,5,1,2,19.072412438043685,3562446.386135601
943.1730122,5,4,24,17.569588046996138,2664867.663265095
1066.9720849596856,1,4,6,13.030703981409657,1707544.8809559671
2768.237921805805,2,4,46,9.423049381334884,2730330.891380522
1307.138736440337,3,1,9,14.608501273663732,1781072.2608512111
4904.368039529686,1,4,43,1.348046360451734,3674896.010660126
1297.4890297206016,3,2,43,18.89770311356647,1720463.3706932885
2744.8584760414856,5,2,50,10.996831962533317,3167165.516874394
2202.1326501026238,3,2,18,10.10553003876943,2473628.642380241
3413.300254398031,4,3,14,5.887613048280151,3683570.784
1167.7601991134695,4,1,20,0.16745094590484252,2245203.9987429553
2493.392283,2,3,20,1.318739529275729,2684994.269212063
1808.702144351432,2,4,36,5.333868313869091,2382346.624002652
4506.106708555428,3,1,27,10.87677054823532,3365190.8614173247
778.5771333926584,1,2,44,1.7632483056178458,1198696.5186882897
4620.400973628421,1,1,31,19.443834977886056,2630996.7053608065
4265.174209633202,5,3,40,8.278119580086647,4231697.631319186
1909.311152339588,1,4,26,6.394717738318769,2161434.139507736
4072.8788805792606,2,4,22,10.551409949729967,3480084.159399349
737.3396654904892,1,3,9,1.3932331817547703,1560478.0872144667
4854.208421290932,5,1,39,17.023968404115227,3956297.760667479
2917.017747395073,4,3,40,9.259514990705789,3237991.4919877383
1934.4365146879593,1,4,5,3.6488746875759768,2333913.681696777
2195.3661354165793,1,2,23,3.318515146053253,1980985.6828915419
892.1835552261884,2,4,17,7.282991639401168,1980104.8629293882
4953.137861784972,3,4,9,11.509919984865832,4266043.449299486
772.8845586630468,4,1,14,8.396426572987593,1913186.665976089
3481.5913418505797,3,2,44,11.97626703437054,2945943.2483421965
2548.0380819084166,5,4,42,14.139007123524877,3445911.816588028
4775.231360030346,5,2,33,14.994926370571688,4187390.0707080564
1682.3988573498987,3,3,7,8.079015636,2509292.034
2941.182025,2,1,49,14.368365899986228,2102896.612768218
2722.367317764113,2,2,34,2.9159366288539963,2497537.844409294
3692.612353820446,2,2,26,10.310614385641054,2874766.807301719
899.2450205906503,4,1,24,1.543042866,2063434.571089375
1452.6721721027614,5,3,2,4.957702042895653,3081854.9632977853
1544.0852084085393,5,2,20,11.705415121046965,2702607.219887648
3847.8633213034345,5,1,38,14.834371642284212,3501917.1459103506
1432.2102638376564,4,4,31,1.9966563314401495,2885844.9233943424
3123.3637611202976,5,1,49,4.220689950137478,3296940.9996617166
1547.0728102041962,3,4,20,19.838774469128392,2341433.833823848
4391.149780369505,1,2,8,6.819387104,3083860.0662010303
4745.615999754409,4,2,49,5.752411264612989,3977432.6926892623
2881.3690897458578,1,2,0,1.796616121,2469425.1405553445
2150.1590905203843,3,3,3,13.92737103019478,2646205.042760614
1629.8542100769962,2,3,3,10.214242349986582,2160315.1761430837
819.0364067013926,2,4,48,3.235262469211922,1869485.8720707751
1781.4003352689797,2,1,25,12.694674848528702,1676479.588768233
3478.6374317593986,4,4,33,10.562631111485299,3727739.0117543107
2947.914497760528,2,1,26,11.342411431511199,2281781.938354357
4753.781624436081,4,2,14,19.897610630838003,3873611.5177055984
2343.6199549634825,4,1,44,0.6693932860417632,2703095.029865224
3652.998706244936,1,3,31,18.30794600283296,2570013.3511701263
2753.020088890534,2,1,40,16.853626155487852,2004110.439439827
2855.335350066531,5,1,6,8.365322210737132,3295034.1489228406
1778.206984258117,2,2,43,17.630832437403416,1686159.7614853075
2601.783418104799,2,2,43,13.006368723219698,2190437.252692323
2671.453986855912,2,3,13,17.798154882354083,2479436.813885192
3709.2270956953093,5,1,22,11.935144557036601,3570583.575
4738.815996418901,5,1,46,4.401369862451672,4116053.5190647347
2049.013620923019,4,1,0,11.566805542630288,2557843.6177132213
785.6820617577132,5,2,31,3.663338733809731,2429247.1743069794
2783.698552202815,4,3,40,2.902475760977131,3298472.6789861824
2995.6298614563416,1,1,25,13.115818515236331,1975171.4785277613
1341.138424980427,4,1,47,18.954784669058135,1821146.437213368
3946.0442676146936,2,1,8,11.811069986228155,2861473.652187101
4933.688077142563,3,1,15,15.936173896346308,3537793.4787486726
4761.408754837228,3,3,30,3.450450828997792,4026368.2789429757
1467.2665708240695,2,3,1,13.118786287159946,2030930.477773153
4451.598255563347,4,3,31,14.686251682779787,3941747.012230396
3699.772000211413,2,2,9,0.928128958,3150996.339045308
2596.924880750411,5,1,24,2.033569909168874,3202463.960296145
2978.688375028808,4,1,17,15.653459522514149,2855947.9151684386
4338.240769922816,2,1,44,8.855005427097238,2936693.194523781
2712.593734408842,5,1,33,8.171061957356002,3092548.5461616185
2242.112424062558,5,4,28,18.415354979089642,3277422.0305538033
2770.2889693143375,4,3,44,19.840119904637184,2933015.004668742
3148.171137754216,1,4,23,15.311252284422293,2617533.4412929798
1431.941676624735,1,4,2,15.872616108935203,1853191.4342379805
4563.994013174759,5,2,14,4.245587852,4391758.167657402
3566.422574850301,1,2,2,3.9252863025659788,2759378.4794781483
3386.383236284951,5,1,30,19.61558802416142,3215552.7757635643
1037.7833951948078,1,4,9,13.932325213351442,1659918.1114346925
3258.365327959404,5,4,37,13.765524979789788,3833545.082488224
1132.2269138493662,5,3,21,5.7951406239002985,2809883.5625509946
946.2697708597558,5,4,13,17.74093907649721,2717989.022004251
2920.1679408265304,5,2,8,0.9843639041661775,3665069.6104342593
2372.256349804578,3,4,17,5.564348093647357,3054514.1311336597
3190.7651886873823,1,2,7,3.6848123493067564,2551359.2654618737
992.5775394518498,5,1,37,14.250811965462365,2090945.4485209947
2496.325476527937,2,2,14,14.335464808781918,2256126.3601926477
1369.0615461986952,4,1,45,10.741156608536963,2009380.5590329254
4943.2403780661125,2,3,14,0.2046650933803833,3962199.805269766
3069.0609347147674,2,1,5,17.487730905850167,2324448.7673446983
3624.7221881398164,3,4,11,19.116183946590784,3439710.3332424103
2031.8404350034743,1,2,41,4.126017856226155,1793072.7784815314
1016.8512250291143,3,1,18,16.860431272359847,1545889.9051716775
4893.831796247561,1,1,39,19.468400389525595,2727220.8084375863
1859.5397556860062,5,1,4,6.606785055,2842307.094848059
2464.7560147637264,3,1,26,3.7826308891113567,2491398.3077039532
3459.401255,4,1,9,19.553047035922816,3058312.6051315265
708.6681098188897,1,1,42,1.288891507326347,983229.1428672352
4165.140174276063,3,2,45,5.591616774496196,3410410.669752425
2960.9440361259294,4,4,13,14.86638240850343,3482817.2879972137
1824.1556231028173,2,4,33,12.385334284453217,2264044.043966662
871.0751352868647,5,1,48,13.721763190496178,1985775.2219378261
1314.9930280875424,5,2,14,14.19102165566046,2568348.9990348793
4538.148978955122,2,1,28,13.754270058335951,3018662.006
3618.5065853179203,3,3,25,6.910600617833953,3410714.198406599
1699.5675752023153,2,4,26,6.298854509521541,2358479.615515044
888.6433657581299,4,1,2,8.626484236751672,2026464.9162483488
3638.707375,1,2,2,16.172903161969433,2550568.542115529
3118.5939942581667,3,4,34,18.771593603465327,3078538.0431640944
2379.885907616234,1,2,34,9.159397529203186,1901427.9213283705
2199.890376436281,2,3,49,1.8067461306041468,2383483.183710375
1553.9828140880766,5,1,5,18.772140793319426,2441221.509281967
3546.2895287650776,1,3,13,1.7005213504263463,2938807.2554783295
4870.939322,1,4,25,3.2662811694147833,3709816.955862537
1373.1470816820338,5,1,2,17.366792457439725,2393910.61
3227.3131280682146,1,4,32,11.074422956220866,2696841.023014007
2466.4142452822953,1,1,41,7.1184553374758055,1750510.9339959489
2565.4303756765257,5,2,12,18.625102762944742,3114886.0506836856
1718.2480325623833,5,4,28,19.21407713792015,2999515.3916271063
4230.593452910244,2,3,8,6.682177613274901,3506326.092293942
2735.1246582478607,2,3,31,17.38164046561144,2429602.4379160185
2990.985749672362,1,2,21,13.602724152332112,2183111.3098938563
1940.9480163082333,3,2,21,5.562378320688329,2418899.3598446674
1399.957248934579,2,3,33,18.834510353387024,1722961.3355038662
978.0057080924101,2,2,9,1.3550753414020635,1781574.265322481
3742.12422,3,1,24,6.427051754019482,3087193.993058743
1463.4308394265647,3,3,11,7.985606053225746,2381676.216753085
3636.331558,5,4,50,13.84399902977036,3955958.716724266
2317.656362606597,2,3,2,0.864817226,2696204.7548926487
2429.4091243544663,4,2,18,17.806560346781666,2733246.2733459175
2664.3809828081953,4,1,32,13.21614857534117,2672540.4380015917
2217.917436,1,4,46,5.572954339815539,2232172.549188602
1042.7278997793965,2,3,25,13.201007668428913,1697016.7146254373
1962.3799640125214,4,3,12,10.784786006392642,2870167.1799827255
3520.4311870533293,2,4,6,6.791887665289505,3359050.758325192
3529.451366463032,2,1,33,0.669069761,2751017.2061147145
1859.3869518559752,4,2,21,11.066903460629494,2568028.324819715
2624.4515568538272,2,2,19,1.7354121444703496,2547190.453641824
1451.167803252525,3,2,42,16.222509480706627,1855806.630116447
1525.6371587312774,1,2,22,1.8616604793392548,1680258.2878831706
701.4071889890726,5,4,47,8.631911579468515,2607738.2810094836
4545.6848195940765,4,1,13,8.747580664366328,3797563.7146140295
1527.1093263295872,5,1,29,11.168413076129676,2459859.3197465176
1601.1490585204385,1,3,22,0.8862070134024447,1937523.3070964876
1830.246304,3,3,46,4.156265706007656,2466670.7558034547
1160.5955154598876,3,1,18,4.070073561698843,1873569.2046002843
3412.7566859979966,3,3,38,12.019515232341586,3140660.956456484
930.6289939813809,3,1,40,5.346347099444087,1623060.473106126
1190.4906758359411,4,4,35,2.969480119472341,2725528.653632841
3436.9295969964087,4,4,5,0.46522613874023894,4048833.193827717
2094.506730118348,2,2,22,16.826842222059106,1965389.4387223092
3714.9704374852317,2,1,9,19.43380912270463,2588481.9543928406
3052.668876548625,1,4,34,14.094913666832745,2539109.0830419753
1726.4931614706575,2,1,20,8.312977268417173,1761659.9534713025
3463.6429821530437,1,3,31,2.5280177442147993,2790934.054296543
1111.6041932886749,1,1,29,9.554586545,1084383.2838536517
2960.2056855521337,1,2,32,9.200702293870506,2200761.715002974
2523.4516621981525,3,2,5,8.455538547840414,2732287.9782465855
1778.6437643967395,5,4,4,7.628241266,3381429.974984673
3257.6219900538003,5,3,14,9.985393855024242,3823776.036030733
4433.867806297243,4,3,42,1.5562961774264907,4140480.897704409
4995.180678957538,1,1,24,0.8620624748983297,3225022.008
3274.156182471068,3,3,12,1.3728096460384802,3414294.816419082
2380.705847048349,2,2,5,4.0799697543636615,2448426.4465412186
1590.911240951287,2,4,36,5.633598086156452,2267456.5768568316
1731.2227933384918,4,4,1,3.472206629363226,3155840.1821862985
2709.601903858969,4,4,16,5.1131425953418495,3537211.018126965
2216.0218856351207,1,3,23,3.7981641941936344,2181720.577038005
4620.783899549755,1,3,11,3.0997908661495726,3458069.050556204
2220.500057685122,2,2,43,5.930354967826912,2141315.8475903403
2243.156201039916,2,1,13,8.010501333667627,2061040.9919509229
2287.5518547094985,2,1,6,14.910908815264433,1980230.6691537779
4281.128925617696,2,4,25,19.11544386247702,3397928.503663625
3463.468611726368,5,4,31,18.387409672634853,3873659.030514804
3302.342941403128,1,3,28,9.571082273930736,2584422.743327267
2070.2292984889937,1,4,45,9.280767270644569,2089172.2219359225
4198.778378062733,2,2,38,2.601388113543854,3222034.344864807
768.80099,3,2,8,19.43762851939904,1620320.8426988788
4431.507558287698,2,4,13,15.225946163387134,3610907.773980424
2856.0995590932903,4,4,16,16.96660838476767,3373390.5299556097
2352.3010333990164,3,4,48,4.759856946463132,2905626.295874563
2787.536035157817,4,4,24,8.081611083091968,3476808.7140213866
3536.6283343488567,3,4,29,2.1426375632063097,3645134.3340146197
656.1678766787484,4,2,44,18.822180796423645,1696313.2405152186
4434.828168,2,1,28,5.788001460629067,3126326.9730998813
2565.6539113701283,2,2,28,11.960594270740627,2268287.988374569
2109.052686680344,3,2,17,3.1291785761192914,2571615.6899221037
1208.2804887898512,4,4,30,16.075653435262577,2497300.0937939915
2533.6476471771452,5,1,18,3.8082588785473277,3165331.5641219434
2783.820193651267,3,4,16,16.206749382118602,3052448.0272875787
2376.0454557713024,3,2,5,8.095074704102101,2665794.151907927
3586.104412838347,1,1,11,11.597364629751022,2370777.8319284706
2451.9447265405943,3,3,37,5.467204737082955,2796301.1866329554
4830.2373425249225,5,4,2,17.667251482780767,4716446.559711164
3236.821078423804,2,3,46,15.221382032713306,2648655.8166619535
4152.902916868399,4,3,34,7.150051882689272,3928123.338884732
1081.1659736817069,1,3,46,11.748744457467737,1340281.015795816
2348.081688961985,4,3,32,2.666870334610588,3125376.355893098
2082.129886367472,2,1,28,3.293398582697328,1999869.8896341065
3105.7225078010038,3,4,2,10.72018464968523,3393130.4790111147
4388.899488270273,5,1,4,12.847915457953922,3982164.353080375
944.6881581528294,1,4,13,11.192891103206952,1648159.175116593
919.3291113967275,5,4,35,11.232219157662243,2724693.0906494367
4341.397915893435,5,4,27,14.87157380396316,4402940.399971772
1536.5403785687727,5,1,40,18.057908867190857,2271784.930044886
3542.51432,5,2,31,7.813191154810309,3724666.2547977013
2988.6637823875426,2,3,17,10.784972579674665,2758305.3577045957
4264.731818,5,2,41,17.87117728915084,3834615.2810732056
1150.3912032801754,5,2,39,9.339145265125568,2458085.6144418935
1171.0450491794895,2,2,12,8.958464234361632,1711026.1580068294
3050.000785224553,4,3,1,15.353637696999794,3377600.556776598
4764.066074776832,2,2,24,17.558292405668507,3275540.1073793634
2425.9901368313185,3,3,19,14.779677809623514,2687074.4303275067
2038.5452411206577,2,3,6,2.092475378,2512096.0311059994
3269.4330220706975,4,3,10,9.348942769970202,3562410.573740262
4693.973842398137,3,4,4,4.3181954974887535,4305295.929353611
4282.482464516344,3,4,28,6.415223186514743,3937609.686632195
4980.127887226167,1,2,17,9.428212626399205,3281172.6091894167
699.3017660904592,5,4,7,4.508420502680785,2889155.391095931
1096.5758367361539,3,3,26,10.367080048166997,2075619.2355090543
3281.6581588131367,3,4,41,12.901190058970679,3242478.196331472
4210.536333068939,4,3,1,17.510476848745174,3914731.5476638833
1855.0751061497729,3,1,34,4.308066295258774,2136049.145274028
1652.5287873505624,4,4,25,6.280244106298925,2940332.4296536203
4062.6935172772837,5,2,22,8.175429574,4022511.0852687806
848.080157,1,1,4,4.568480716,1177343.3822632267
2225.2836493633745,1,1,15,6.707597406,1768162.7946624095
2825.560579406251,5,4,41,17.678675346382242,3518879.700879798
3065.534167141423,5,4,10,2.859230361022361,4090255.3944545817
3805.9066898882184,2,2,18,8.930577113833817,2999014.7207717504
2161.3211830948962,3,1,15,6.288242818084551,2344568.653290075
3295.8111165682717,3,3,31,1.6355779631485075,3324866.917125483
3175.651860280208,3,4,11,2.0128940500909374,3557240.9672426027
3009.5108428764875,4,1,1,15.71911025845421,2950046.134373477
3418.1264898257336,2,1,42,17.061427082988974,2322507.6213574046
1741.5763526995356,3,3,21,14.854011252159882,2333380.869410888
972.4545157723675,4,1,25,10.830658181321017,1909287.0123640806
1124.795356974871,4,4,32,15.475923356390469,2457552.1294639437
1588.1624836771648,1,3,23,3.1251135781137633,1881251.8883806244
2800.870916300255,4,4,4,15.626011851863826,3432588.1392171686
4297.948102402489,5,2,20,8.527156853151963,4143103.8322425224
3685.690705,4,1,45,15.031279133166956,3081892.6880354234
4071.7786584890073,5,4,17,4.632212948952465,4522917.988369771
2144.292745274802,5,4,38,16.667614072534104,3213467.0092910365
2380.4764632536208,1,2,4,11.405519260754687,2006800.764516034
2332.2002983586963,1,1,7,0.2460164560817101,1990852.7381620312
1444.2420113798066,4,4,20,10.433416645924664,2778125.5908757276
869.3532958317169,1,3,46,6.274561640564563,1343858.3332088843
3200.030808439798,1,4,4,1.244287051493369,3019802.5812943494
4952.553407050579,3,4,12,9.001460821,4300920.405212279
1334.0507017811565,4,4,18,6.298256087949074,2815733.147235914
805.4132075568045,4,4,28,4.167364261600888,2544032.236650702
4029.939400025305,4,1,1,7.04752785,3633692.0611210535
1711.3784294127865,1,4,36,3.6741836028359063,2066878.4607539927
4250.432743552885,1,2,25,6.0662600143509025,2943564.089593742
3697.321334951868,5,4,28,2.3951540984608948,4325430.503611034
4760.963563,2,3,4,1.7778205454271916,3889598.2887075436
2399.2798373293567,2,3,31,18.20938659150125,2245125.104938971
3512.667294,2,4,37,18.06503944473926,2974705.776000927
2645.3610355783912,3,4,47,16.577303453396297,2820807.3668255867
3374.5902681575913,1,2,1,4.683478130498365,2653298.4895731458
2578.2351864340444,5,2,4,14.545223144261449,3242886.048436111
1429.9818842659292,5,1,46,11.835271432053226,2312958.4315962177
2834.748630414876,2,1,32,1.1195449322822804,2399656.3346661096
2925.7704863247463,3,3,50,18.001756441882225,2717523.032429046
4166.656932344708,3,4,34,19.959843533844726,3578804.513599777
3836.291105491757,2,4,18,14.20355664470266,3308747.337956143
3520.683145342354,2,2,14,4.707005521877798,2960874.380337938
1098.9032204313191,1,2,34,11.132750924043675,1221469.5098391036
3770.711678920346,3,1,7,2.2766717880560545,3269495.321803369
2801.342687959865,5,1,46,6.045706472262654,3114430.132638997
4534.037959,2,3,0,14.373394786334677,3544224.001811174
4647.432110174388,1,2,37,6.091377219742252,3081561.428796666
842.6889986,5,4,21,3.0293975061242366,2920429.4673057604
4210.822865559707,3,2,16,0.2486765923180187,3685110.8190378104
765.8685178597507,2,2,15,11.493036644218117,1442746.4441498301
2215.5463530580996,2,2,44,19.37654340375536,1864915.227
2986.119892732748,1,1,0,9.734246947033444,2163047.9255300225
1251.6435139593607,1,4,2,4.330977618881385,1993875.123
3883.780775303938,3,4,5,9.319272457225999,3795177.8566117664
636.7606983574098,2,1,2,12.081466046434882,1231423.9463543247
1341.835813109762,1,1,46,16.047229505130517,984646.2345565879
3155.506051355293,2,4,29,9.108304354113704,3015259.8566996898
3743.3052729640863,3,3,46,3.5417460853017597,3435490.6328803254
4633.229651853231,2,2,10,3.841397993578487,3554459.7841593632
3704.185268512345,5,4,26,18.004547727329907,4026674.5978138917
3555.828789,2,1,21,4.801213586080818,2741563.040943406
2335.101043942923,4,4,5,14.58755073950813,3215472.4252856164
605.6514723179262,4,2,37,5.452080723488125,1973457.039793518
1128.7007384367366,3,4,40,14.439185001837116,2140239.5872859433
2952.0399969265723,3,1,45,1.6594382229112747,2682504.152109378
3570.5714977154466,3,3,30,4.227121681843096,3415416.233325179
2436.772449144435,5,1,42,8.233155695,2908396.0287754154
3814.987650724917,5,3,5,10.354799943192864,4140070.7446029186
2896.1940994615866,2,2,49,7.123726139201671,2425295.4450510778
926.3752606149737,1,1,19,11.51297492275922,1002601.0499566197
1444.871504258975,4,4,46,6.574859748149476,2725611.4752708157
4295.992182273349,4,1,40,13.600935019969333,3440650.308841605
3789.616085147534,4,1,10,10.273020108783172,3404020.558502421
4536.952742854978,2,2,1,14.131674529812738,3345515.7989355517
1117.251896132121,2,3,30,8.676481328183169,1799769.2396067143
4956.979152306325,3,3,37,17.542352727069048,3807315.439716099
1521.389541379708,1,4,25,7.704442182686839,1946278.8451404343
651.8314556612248,3,1,26,6.231860022066156,1535951.4454936064
4988.660931835639,2,2,45,11.185991854841529,3410283.5469253063
1836.7250959584978,5,3,45,10.232531834782185,2953384.8293879223
3539.2855910552635,3,4,30,10.410151659975208,3476112.680432445
1377.4021823757428,2,3,23,15.942988809834768,1819514.2330954934
3153.0055416762234,2,4,12,11.813075709178436,3044914.1747588604
4577.753940400061,5,3,24,17.71678263176584,4279214.235669031
2008.7971366851298,5,4,36,12.420029968451278,3240670.8870778563
3549.1174945951807,5,3,40,0.5318527674788437,4028594.6100523314
1426.7757907130326,1,3,24,17.420831526646626,1509644.1829279012
3349.099754362391,2,1,28,16.811711404632828,2362988.5671928567
2080.381547997045,5,4,30,1.0721123634393712,3533421.444834052
1529.3163377869873,1,4,42,2.593160726,1967467.8724837701
1978.0010230959947,4,1,38,11.171484613809476,2340243.7373761255
1386.9007014343172,4,1,1,0.9527661004972794,2434067.9468115303
4568.430874486684,4,3,11,8.282242769033932,4228243.499966981
2347.622299795367,2,3,4,19.50967689675771,2328290.5300668464
1679.2289418872163,1,3,26,3.5382453789088966,1903522.4814697474
2572.994500470105,1,1,33,4.201306882377581,1902144.030691818
2010.3591339485804,4,3,13,13.559332792260934,2833665.829233389
3875.4447167786343,3,1,6,0.9751663601121057,3352891.949291392
4873.367612296175,4,3,36,16.431654614088362,4092723.631970638
2527.348089469646,2,1,35,4.060719935425781,2172132.5641306248
4388.546959877857,4,4,9,10.677927865376647,4300387.840735713
3089.797523662326,4,2,28,5.050386902728484,3268563.9418809107
1291.8369264146272,1,3,15,13.21175054848701,1571356.3703418907
3638.740065157903,4,3,37,11.78560023555442,3563330.945972181
2859.1117873536086,5,1,20,18.93415070148915,3015545.7977513387
3462.668702309255,5,4,37,8.967455035983441,4031658.168539276
4514.624615315326,3,4,40,17.51009136,3771783.398597715
2537.912110886603,2,3,32,11.558854546782849,2442451.882611962
4565.181542156365,2,1,28,18.29780677856004,2941307.553611299
3902.9436628392814,1,1,47,5.907259068982676,2462999.5681443047
2749.861673863133,2,2,16,11.04024485401168,2438798.8579556504
3254.177397,3,4,12,7.861589867198673,3474529.819207864
2032.5569830836503,5,2,5,1.4113566173407743,3227724.2772993273
4927.828118850606,1,4,1,11.527889474264486,3693029.188044331
3536.3451174217425,5,3,7,15.905145171649703,3879742.5733821946
792.9261509851715,3,3,31,11.168452191052898,1882766.949775845
2037.1363852912386,1,1,35,5.658909066696969,1595062.9294159971
3342.583508539853,4,1,8,5.350197830019616,3288960.715773852
847.8664223166551,2,1,22,4.832986964655341,1381946.389969538
705.0904418042281,3,4,6,19.59466940603181,1995324.7508857953
2580.106653922331,1,1,30,8.044468870443763,1843836.8676566074
2063.836790647748,5,3,20,6.4057082964924605,3268477.147498342
2528.513875,1,2,0,8.427514707330289,2160379.5616306765
1755.8505634720227,4,3,45,2.4043787376780363,2769510.6250867685
1324.7580865491161,3,3,1,4.000788612841612,2442036.189122043
3632.230770713486,1,3,39,10.227152621632207,2681245.251028416
2864.1129115783224,3,2,10,15.997058562851324,2726788.202636452
1480.678529497214,3,3,36,17.540891133285637,2074194.3601872113
2006.1934755439925,5,4,17,17.33309687491385,3236107.7183780367
3203.954793718634,2,4,43,18.900542281634845,2773639.4693309376
917.8091323989025,4,2,23,2.6028533231859035,2256520.4178400505
1248.793241,1,4,18,0.9153086583961232,1980763.3653219899
922.2806580725165,2,1,4,2.2040512391843587,1561732.2223568882
4174.196263942123,5,4,28,12.054770841315776,4370675.633249063
3910.6006261328407,2,3,38,11.166767816953831,3106637.874831661
3914.576900268731,3,4,1,13.45708025509922,3747819.763136699
3751.8315112945234,3,1,16,7.4847037442729984,3110894.598866119
3545.2958641474243,4,1,44,7.892617238430999,3159468.5054094098
2698.764428,1,1,10,10.956944288179194,1944916.2461727182
3426.023919431306,1,3,36,1.6732166572671026,2764220.544674629
768.7908410670884,5,1,12,16.01745610610843,2068719.2165156929
3334.4434596898523,4,3,28,18.464825407144108,3322598.1398063614
4022.6619043622595,1,1,31,7.808169494512668,2564840.4803951937
2801.5767856913167,3,3,44,14.817491302519803,2749111.485
2173.0586450798423,4,3,39,11.021810933509864,2835766.021974041
1820.6776331243082,2,3,42,4.796571027134794,2169080.314123776
3428.3290207131627,4,4,7,1.4491760177381197,4014853.9081061366
3648.3252739715986,4,1,9,4.993388322535292,3443967.788639411
4432.257439395187,1,3,24,12.13763247742226,3118048.988253466
2106.269962828359,5,1,10,0.9005725429192222,3049796.4486601125
3986.9981524965765,5,4,27,16.740195541418583,4188368.083524234
3069.965626433087,1,2,32,19.409093253548388,2051473.8662498933
4484.480558983548,1,1,38,1.7616880476683145,2881679.436642725
2922.373276500731,1,1,25,5.0092888214145175,2100673.7799263922
2877.5712449510556,5,4,7,13.545108947340465,3797556.3616330363
3142.659158,1,3,37,16.140998436159425,2328182.5285511287
3896.987562626711,2,1,25,6.985282424585163,2848461.0509259696
4844.638106845228,2,2,31,10.35324476349651,3424927.076257001
923.6787585493689,3,4,45,17.846012118962555,1944592.0549997506
835.1122505204755,2,3,27,7.7495270047929825,1692238.5032686954
4725.221484592289,4,1,6,1.722611641903935,4062831.427562383
2931.452752280107,3,1,34,19.898393025723465,2362431.4337299014
3305.573264094519,2,4,1,3.6875760887180022,3338708.028377217
2722.663847016807,4,3,21,1.0707581702145152,3399589.6782084308
1012.0927914728877,2,3,49,8.272006588591646,1660279.1820689281
3979.5932650421328,4,4,21,2.517124073739296,4199127.069150598
3887.788438389782,1,1,2,19.576794350073346,2407031.2502977415
1971.4946145683728,4,1,45,7.677797735639027,2371864.2706757234
1947.4526790049617,1,3,49,16.53364154489125,1662726.426708973
4286.502075984282,4,3,44,3.6144472511385732,4015635.0110736866
918.3719340618371,4,2,7,2.862413659,2331610.6119486624
4476.862652768889,2,2,3,13.020933287952934,3327685.5787297036
1729.3114355420234,4,2,14,18.195271702615717,2395423.2018230148
3209.132890124173,2,3,43,2.3792754537037033,2906653.854
4718.374387607822,4,3,45,11.826153916731949,4062337.0335735898
3583.739006761244,5,3,38,1.7902958792179005,4030736.5039005815
2423.491174854961,3,1,11,16.262042585836536,2296177.6538150674
3633.9505191838266,2,4,28,18.19518768007688,3077744.4240946933
2113.5103997920287,2,3,8,12.613006634166224,2329167.985317007
1819.937031936419,1,1,41,13.798027740571465,1293680.8792610976
4985.406422912591,5,3,39,1.203185645779249,4738312.416645027
3903.477017191066,1,4,19,1.5522460190330496,3290366.5063191894
3436.7679004799975,5,3,33,3.6754440642551294,3944547.9870592137
2163.2744301650027,5,1,25,5.549186499904358,2910326.4031887315
816.3076482822119,4,3,47,15.221136725113091,2033404.0077431612
736.6502545546847,1,3,20,8.765042015556691,1357697.2050705259
3038.3975239747147,3,3,22,1.6571687662592607,3240728.3047664897
3952.943972571825,5,2,17,17.06763673946522,3814792.1696009254
2964.468437952962,5,3,23,19.877151381281525,3434364.109455168
4299.454316532104,2,1,41,9.155023224830694,2926299.611873755
747.0767456101752,4,1,28,10.284103710953872,1792529.2166903275
2213.7091362741367,3,1,37,1.6623378400992053,2353280.7294394015
1643.1097211663835,5,3,37,7.722046874657223,2946786.8411943647
2568.001059891337,2,4,12,7.498906761813318,2838695.3128137193
918.4561301,1,1,31,19.319251108332995,782515.961
4798.1792229127195,5,2,18,13.24258703228924,4308910.788914892
1582.323764705188,2,4,16,15.665444888913736,2162525.902678637
4658.1542121277735,1,1,1,2.6538078069019764,3135673.8680301644
2473.9298821613997,4,3,17,8.396844946679305,3148700.960251431
4936.306186,1,2,38,3.9119007659138907,3264587.9959475193
3037.8568872249275,5,1,26,17.217760667854346,3109246.1483596945
4695.664602373553,3,2,13,3.132210267630231,3884861.013938489
623.5355502545805,1,4,14,8.833537258156896,1529769.9480684695
3892.2507471959607,3,1,7,1.167640606899706,3352445.479564304
4573.422873651068,3,3,8,12.722456454588725,3856935.225838077
1214.770494707398,1,2,20,9.690302523960442,1378252.1149788075
1022.9537476214665,4,1,42,10.009538771558217,1865959.0164838862
2468.1194716182044,1,4,34,2.1222163207763485,2486288.3274978925
4708.187186984915,2,4,13,10.328225585819668,3847201.9998803814
2986.5008648379303,3,1,26,11.319291466572857,2601537.521191825
2920.8084403756216,5,4,7,19.260517724878913,3704866.7837945498
1220.9549205170163,3,2,34,0.761131397,2089927.7504151938
603.4738488101626,5,2,17,18.462000828882104,2112169.8259317568
4164.616399280029,2,2,13,9.643332712838534,3189114.4634875613
985.3280771394482,2,2,7,4.281279057270386,1736711.3755286338
3388.9392024354256,2,4,48,13.34436705072938,2952255.1783074425
4624.3123998668425,1,1,7,10.389339123333897,2934042.335571061
1518.0684178970964,3,4,36,4.612424826951591,2551458.630513834
3527.2004794424074,5,4,43,12.573854232127788,3961796.0731829656
946.2737375130416,2,1,1,9.517919276179075,1442451.4013372567
3256.522632885497,2,1,16,13.811390905402877,2436706.4164390084
1321.299572194092,5,3,12,13.812630869774912,2789070.086805865
3838.195666266783,3,2,13,9.509024848316994,3328590.254271369
1925.417697093196,3,1,40,7.876844597340668,2069844.874704102
2638.9204387404434,5,4,40,1.3585604043976496,3756961.9293865864
3237.4943849215356,4,2,8,9.927547299420771,3344869.165
1353.603006931454,3,2,26,4.937989078859719,2112714.64
3863.206401917532,5,4,19,1.1596245460504637,4478083.628142074
1931.617498801984,5,1,37,6.674566585704961,2711990.336
3514.436183616115,2,2,11,1.8406334726833213,3030078.3404587083
1296.445423077244,5,2,41,11.63686227627852,2475158.384117369
3627.717700507941,1,2,21,10.123014387790224,2571071.4806024833
1164.0275203660317,2,2,36,15.869337048182143,1449299.9373236902
2471.568583587928,2,2,49,5.425907518421067,2246939.06
1687.706724451058,3,4,38,7.493428402853054,2568657.712272785
3892.8510974840033,4,1,30,13.810112733904285,3284896.212168234
1752.954019830248,3,1,12,19.859595952607076,1883958.0089672997
4479.5561481397435,1,2,0,18.092978173184445,2942591.4287105002
4524.008930189097,2,2,37,10.46441547902521,3232389.0736183613
1464.3417869802577,2,2,39,13.591151187745615,1630020.7878395335
3300.9221580339868,5,4,8,10.685254298861985,4061428.9111440713
985.9576236,4,4,38,8.752630084898799,2492599.128190263
2322.7632382471684,4,3,9,12.085724021812096,3039340.057
3738.615609805598,5,2,28,7.791334583978856,3838154.031327539
3501.4622861396315,1,3,39,5.675748279247108,2706889.095589191
3348.682945389075,4,3,29,14.142910665753526,3411156.1774837845
1843.1798001147517,2,3,1,17.452270916325855,2132217.399835176
2263.309777511369,1,1,17,5.831683690407906,1794694.1330518436
1052.9630366812592,3,3,27,14.167143193003854,1972811.5725848696
3763.7004099078445,3,2,46,8.736978173455888,3141783.5595891215
2817.1107058816033,1,4,31,6.111492239973153,2595998.426245656
3718.568782,2,2,23,12.460108473009427,2859755.1398045686
1695.3515091062402,3,4,37,18.794347798658656,2351461.7166842646
2027.5282059942913,2,1,13,7.098660478402404,1971463.8115334148
2070.5474839445046,5,1,24,15.213638113376444,2675673.8978090407
713.2666028877513,4,2,24,6.3624918412975475,2074056.382722242
2100.6106404547436,1,1,31,16.09698079,1438038.6226214091
4134.540123479347,4,4,26,15.223696015445292,3997469.0595350857
4548.113381298849,5,1,31,15.336092155339342,3877007.7656469555
2880.160588798081,3,3,30,19.954390553237943,2755665.4014385995
2604.207458964569,2,3,49,2.8962996789476474,2563850.6540076495
735.6283222772291,2,1,23,7.837900739141625,1260729.0644600994
4468.4990853756835,5,2,34,12.653162116502468,4075859.218
657.2449391,1,3,29,11.850461901626517,1211286.149608707
4756.900352924932,4,4,32,15.634598383663652,4270431.126893511
2752.551494227599,3,2,32,1.0335006767429458,2860278.6516832584
2104.511771728797,1,1,45,14.130518258608197,1409318.4387965521
4666.5611133077045,5,2,26,14.780706736784559,4172339.340022478
707.3203696844256,5,2,32,1.3159122074318281,2432014.858797894
3158.2695374239834,2,2,32,10.819778908914088,2567412.108638027
3015.3031077970854,3,2,3,4.975354819332682,3057817.3756162063
1565.009765330081,1,1,29,16.052382501289465,1181130.1507435685
2487.1046979409266,2,1,43,1.087310763255713,2171479.051809666
3469.961626152589,3,3,14,3.008666531189709,3469480.4005568177
3799.377266280481,4,3,28,2.1786300486684658,3880788.9502711887
603.1541783,4,4,27,1.3978323384865283,2503293.3604890625
4722.155092400467,2,4,31,12.04146589404568,3729921.1464236374
1323.9116385283746,1,3,35,17.384083758974555,1403947.0621890137
1627.7539105783803,3,3,29,10.268365180824302,2328182.5697770217
1759.2831610529322,4,2,41,4.290572286092248,2553503.0529089384
766.4086008289554,4,3,42,6.941545742990235,2199046.304
1141.4293437974295,1,4,37,7.271287819194076,1704961.8336191506
4939.939660954313,2,3,41,9.087544413519488,3647891.860311084
1986.9536444600587,5,2,11,8.468713482403459,3033775.470686278
1107.324797491817,3,4,2,13.455909922578437,2339217.118398657
1070.7615491683425,4,1,14,6.864252204,2092768.6486159577
3765.623857747876,5,3,47,13.293011316956532,3846624.620639125
4360.102122,1,1,9,10.980791674801786,2780108.145480092
1730.5901178372674,2,4,21,1.065326056314772,2503661.4558966556
692.0018542750339,3,3,22,18.401474475907566,1732644.3557236828
1581.5960811595655,1,1,10,3.6413521321376052,1532643.916041348
848.6690395057323,2,3,15,9.085424233189801,1732298.9531933872
1054.9377211721826,1,1,48,18.957184304444503,772998.0926015186
2498.635727329626,4,1,45,5.021930708560639,2688552.1675979183
1611.6408317911832,4,4,15,0.5410745159432261,3084671.8436810444
2870.1618655118627,5,3,13,9.851991516055499,3637714.020539139
1715.3725143316376,1,1,5,4.5562308012002415,1606234.5592461315
4738.364124852969,4,3,41,11.682347711772143,4095208.0262953592
4586.153458875564,2,3,16,16.360451442267742,3450540.6186967446
3093.9468620460507,5,2,30,10.273276321327733,3456180.8227007883
2159.4655647444993,3,4,41,12.936083963179811,2680684.0212129704
2277.0462809528367,1,3,9,13.356432676965415,2091067.4050414274
2412.1500458357864,4,3,45,16.428636482440865,2817175.2113733934
3801.349017393754,2,3,19,13.789743498670417,3094552.556827786
2587.2115802828866,1,4,48,19.525825820652475,2127762.191832711
4369.611764625948,2,4,8,9.178603936478407,3725906.7216877234
4754.017058093604,5,3,14,1.1001416331876053,4749678.614487367
2078.1630748673088,4,4,38,7.941135379296748,3054931.747952037
3067.0557180529927,4,2,1,16.813573048799256,3156929.3161548288
1018.2487620632835,5,4,3,2.7480463020895836,3103836.3730941676
1482.0638101719796,2,2,23,14.745203066349898,1695800.7618633092
2419.2493735247044,1,2,17,10.759663020013361,1974104.3444664022
1507.291949967827,2,2,10,18.023255331820103,1707853.7864518284
4456.866159470357,1,1,36,14.650674367692202,2620092.510485652
1296.4595266600315,5,4,25,13.244429800264454,2923014.0854290444
2604.9076148336044,3,3,7,17.748870793036836,2777149.309660383
3265.076658023453,1,2,21,18.17357655313238,2228739.7160533965
3644.2011959077154,4,3,4,7.759842418,3811576.667692924
2285.505227,4,2,1,18.564161505696656,2731142.301388699
4424.035902388806,4,3,4,1.1884902370700723,4332921.064557319
3100.604264742872,2,1,34,15.27507589494824,2239473.5325767887
2533.834233969228,2,2,31,6.796965748102096,2340650.7201268896
895.8587898289611,2,1,43,9.799199216757641,1201618.3286836452
2644.633661158726,4,1,18,16.731422731681047,2662361.2940500593
4211.237699589213,1,4,38,12.777070604929708,3124750.3558003297
3303.9804801737882,4,3,50,9.204071388215237,3382581.7304269066
4261.514796408121,1,2,3,3.362271531386294,3113184.8856806518
2773.6513506369447,2,1,22,18.79136943065786,2065671.2048096322
1121.2315024157201,3,3,45,6.716301783172066,2065962.6336487362
660.0153216778767,2,4,18,2.1131143201734894,1962418.2925397858
1934.1660055618013,5,3,25,11.326520268546036,3080225.5155142974
3671.158074590287,1,3,49,8.184967845107995,2691552.5984973013
4077.1435773434528,3,4,25,11.851172092702377,3741221.2649219963
1901.3124723294495,2,4,6,4.747246251115879,2590384.229246725
2780.8772518862875,3,4,31,7.636704415365033,3147377.455740161
2452.923179509959,4,1,46,19.45291663695592,2372076.1751201786
2406.300251146283,1,3,32,18.737070559842877,1933081.6324806013
1617.9343380806622,5,4,43,17.301196701919693,2912616.153106255
1200.032862129617,4,3,25,15.604505161940239,2327599.245930321
1465.4296562173377,3,3,23,3.2155395198732726,2418076.9558155206
843.4625035187229,2,1,50,9.39191874,1148565.7950663234
1471.775264023739,1,3,22,14.585265438965534,1598855.241336876
640.4839495516696,5,1,37,5.3091745603747995,2093731.4016726562
3359.936962798304,2,4,25,0.7581768418270658,3304477.8626669287
1992.0517925058048,5,4,44,8.420168096551782,3272295.452426184
4881.836730278398,1,3,30,8.560313788519599,3384385.0074731247
1452.3550234157105,3,1,5,1.3954951227036367,2137940.527
2121.645709362213,5,1,44,6.480250024875937,2775890.772287905
2174.501098022746,1,2,30,18.35427119,1634838.0433202824
637.1865826748264,5,2,46,5.080906460048543,2251648.08
4292.514993373619,2,4,47,11.426280363300894,3447404.8075251095
740.7756246350287,5,4,39,9.808851407904625,2643883.7022637394
4736.791272808662,2,2,44,17.256303044373833,3167942.493621172
4525.1271448119305,2,1,44,13.105649850582541,2945123.4934986318
2956.2964307782395,1,3,11,3.252746946623614,2622766.1945609646
2991.8205296096853,4,3,50,2.9430876641867862,3351721.4296254246
3476.622861007088,5,1,16,11.193995827773811,3499104.432052385
2303.020052513503,3,4,25,1.024680610880339,3070689.332143462
3447.778046950564,2,3,2,7.931265825189741,3119936.6250758045
796.9809102293423,4,1,14,8.040320475114832,1932356.9637166916
837.8095603387969,2,3,48,4.007029112072445,1663437.116032267
2611.813846325995,4,1,37,6.090142965805434,2763776.9819512065
3018.3381248665537,4,2,23,6.665970003879179,3225522.5804600106
4506.3976174776035,3,2,50,0.333996123,3661191.804380306
1060.5067891947435,4,3,29,16.13723893086301,2227181.534084429
4219.650879653113,3,3,43,19.15318036,3376434.751
1524.2082840851062,1,3,35,5.856403830963071,1734648.983527609
2333.968053,2,3,43,2.328512597285396,2470086.6928806794
1993.0507132406167,3,2,26,19.07568764938156,2149684.5217369944
2360.6832006077557,2,2,21,14.836965321063158,2143275.211986932
1262.1801915193764,5,1,1,17.83373432212385,2334088.3274215283
2815.7083273756416,1,3,6,7.281435412361078,2496898.3735449165
4127.227395258016,5,2,15,9.732839287673855,4058629.829979849
2542.7496456671465,5,4,23,18.61177015109599,3448812.3379159714
2758.699733952076,4,1,29,9.245093697464052,2814120.911131074
4334.577375237783,4,1,43,13.474696348794005,3447467.6787473285
3706.6557044073356,5,1,47,14.125496016715893,3400490.849973668
2757.9993974870526,4,4,45,16.75856546695708,3183501.3075087024
1733.8608520323905,2,4,0,19.506061923115553,2241482.1056582015
4493.677686117853,4,4,26,6.764496728689018,4346221.826589464
3138.8897674384566,5,2,8,5.0242719015401045,3693632.3637927435
1573.049484487051,4,4,6,1.6463483887898547,3088270.692572046
1784.1269116072456,4,1,4,17.14509671837813,2293834.439540378
4133.785591319482,3,3,29,5.924329450822518,3668079.124747608
794.2404732,3,1,41,1.0872946274194093,1635047.2621483312
4965.205622926808,5,1,26,17.318882409101015,4070898.0813857014
1173.547390745084,2,2,9,10.24719761406457,1701502.6611955678
4102.701511746524,1,1,24,16.78243277053799,2460375.0185668194
2337.0113937954047,1,2,17,11.134190999335042,1925494.7950153188
2765.751206464854,5,2,6,6.3432220004168745,3490684.081328407
4474.862540844143,2,3,30,2.682653675264313,3598451.115021103
2416.8092341925385,2,1,31,8.799514104,2042087.2531179483
2964.972516162232,2,3,49,0.6283259476102698,2789592.657233228
816.9185146003477,3,3,44,12.088942912569657,1811353.317153098
610.3288850167938,5,1,10,8.610526271,2147626.8352009477
1677.119441207594,1,1,9,2.916320319416582,1599906.2323197827
3594.5656088425762,2,4,21,10.651666367175787,3243922.395
1133.5655307802015,5,4,30,16.03812287350036,2760693.226024411
1100.5526187400174,1,2,40,19.498525694986608,1024978.7135745939
2408.2266753579743,3,1,46,10.594434111874547,2226897.5735458136
3450.4829698761964,4,2,13,2.678064124760481,3571353.120547206
3733.1167658908944,1,3,2,16.233053096315597,2796570.239123453
1385.182966032849,1,3,23,13.946192920741215,1563340.5427059173
950.1878484369868,1,4,13,19.084027826331397,1493086.285796183
4737.746949360395,4,2,15,10.75073865590153,4043531.619666484
1746.9320832732476,2,1,27,7.206367910855123,1759011.6015238387
4354.724589478385,4,1,34,19.260518397218842,3386824.844899133
4399.362382,1,4,39,10.815047170580513,3253053.1657109074
3999.0994037551955,3,4,1,0.4165229585338439,4050892.1608112385
1342.8678692713083,1,2,33,9.526013352405647,1380586.5856918585
4215.9264207184815,3,4,17,0.14732281555449642,4084689.6721524685
3984.7024606629816,5,4,6,14.780385485126867,4331416.439
3225.5811564673554,3,4,48,11.362307759817597,3210217.3411416435
2083.688954743392,1,3,37,2.2850421286089024,2075816.5529038352
1755.037858772794,4,2,41,16.27892501421461,2311613.347206422
1136.3125331535794,1,1,6,10.775101020563502,1187327.164269837
2842.9310943638343,1,1,3,2.3698015158883337,2223742.434968468
3175.1478522433245,5,2,42,3.2842164176506894,3576562.515872966
2181.091558269464,2,4,15,16.459866652229806,2451021.364194453
2691.5798977958216,1,4,48,7.174188821757158,2426979.090567085
2199.4636124247736,5,1,5,16.439811909391576,2810608.486128873
3420.4266522110856,4,3,19,1.4831168229620684,3750223.9077506186
4565.540514304878,5,2,30,4.95279534,4298387.268463703
1321.2491530065574,5,4,18,15.315193654932752,2928993.621508941
2278.1987635737432,3,3,21,12.86987220630866,2641374.855765016
1219.8218573837898,2,3,20,6.205807927965755,1950467.688236897
3349.7525897944606,2,4,17,18.72692609,2980010.6911154897
3807.0302417498215,4,2,31,4.300218085452685,3627183.6772701745
4700.416023428806,5,2,46,17.010613431609837,4044668.6611865233
1827.0364755482456,4,1,33,13.94530304407798,2234285.0949968803
4780.929305807893,4,1,50,2.5102298016858797,3854932.9749745466
878.3557560109691,2,2,26,11.146800989050963,1450914.7763287826
3253.260998804188,2,4,37,18.60516085656593,2834200.200375093
851.3839651106518,2,2,43,12.416031372949819,1327044.2732006467
4532.606426152557,1,1,29,10.62326722765106,2773510.786627575
2931.159851108238,5,1,32,7.389831494654215,3222456.213765352
3545.132743356303,4,1,26,15.79688399973528,3091301.609787763
4258.925274005991,5,2,22,18.26987835628447,3918737.987981624
1261.3667389294626,4,2,42,15.09100408404879,2083536.2058880727
769.8028725,4,4,18,14.532462254924228,2368925.1092697275
4467.077042016549,4,1,30,3.9305583450558443,3769600.2722114753
1985.706200819303,4,3,3,16.696328204428006,2808599.4544254085
1167.507194879527,3,3,18,0.9098475165112043,2340229.5652138568
2661.2294431831806,3,4,37,15.171493383065792,2906857.7720345915
3232.546733062483,1,4,39,4.296313685519603,2800020.0109251672
736.2706550590445,2,1,21,9.796499272691333,1231878.260180013
1809.540896331186,4,2,8,13.935155545925415,2550740.2553514023
744.3194468183425,5,2,30,15.20566042013315,2182719.4331108257
2449.4757124601956,3,3,9,17.772870429763437,2688953.3657391467
4538.440127891475,2,1,9,5.7235836714676855,3274421.308620701
4923.670610571705,1,3,29,4.563972836268605,3490228.766664798
3403.009235415961,2,3,9,19.925299526758806,2822671.545277122
1311.205852652204,4,1,35,4.230407558771525,2160667.6932549886
4585.737315996946,2,4,17,13.343066859854433,3705680.238905702
2871.490422080266,4,3,43,19.059619359169247,3004225.741961065
1276.4969732528396,3,4,42,17.941464140897732,2134092.121912782
4655.597346,3,2,47,8.920942404802311,3579052.7428019266
3932.863823181653,4,3,18,12.787875255164707,3785347.325
3819.503199981867,5,1,42,10.629016032568222,3551844.197443886
3720.3950966953807,3,4,22,6.998446104029244,3674901.544371423
1481.4952128243463,5,2,3,2.973999811055254,2930940.5282953857
1528.4294435131146,4,2,11,16.087545190457924,2352136.7360517164
3628.489193079922,4,3,48,1.8997895858084866,3700921.722928109
1566.7801004857463,3,2,23,12.231584888993186,2088431.2705673266
2530.155465933415,5,1,12,11.927946532962055,3031191.720411784
4040.808032613342,4,3,3,6.763004337453113,4034816.8476619264
4049.3910796305004,3,2,26,2.794630294214675,3503475.852035274
2594.3517991137824,4,1,37,16.012778833878738,2556593.240983634
4085.635728411078,2,4,38,9.292295801134706,3431644.8662871625
4289.935903,2,4,7,14.532930540411256,3583982.258931817
3481.013305650745,3,3,25,0.42806746086137637,3471618.221712462
1605.0737501570486,4,1,33,1.5826129691127615,2370557.5338005866
1805.651833696409,3,2,8,3.599368922099636,2455511.4565105294
1985.3010837984357,1,3,9,2.365377869377419,2165015.9026159868
1113.9380740293889,3,3,50,3.9149647421385803,2093342.66
1801.9023296277585,3,2,0,13.761112558297397,2290401.831752249
1521.8845869751412,2,1,47,1.0352417429925387,1669910.3767320372
2603.4464991578493,2,2,49,0.8535256809303032,2404325.654064636
4597.125210637966,4,4,7,0.7298768394227376,4613637.986634845
1059.7133937174156,3,3,9,13.983217579689871,2069865.2633692275
3769.1788653685408,3,4,42,10.769095900664267,3523880.432775303
3624.045219417762,4,3,48,7.467823992210872,3587339.0479689813
1021.3184741187737,5,2,24,13.54459737137967,2384440.207736111
4659.318582,4,1,30,11.116725017738188,3721997.708542314
3101.277689490006,2,2,38,0.24596332746365226,2720392.4963000477
2200.392292997011,2,4,2,16.787139924744764,2519126.2661079275
3928.7697673793496,3,1,38,7.068669225508968,3097684.4172838125
1732.4080169671897,2,1,37,8.051269138256801,1684851.543822776
3651.443283,4,3,34,15.667570103706414,3507043.157532094
774.7293133178878,3,1,7,3.823107233019094,1740575.4301028792
4293.3953654807965,4,3,0,0.30042992334669355,4305362.002377782
2571.951726893801,4,1,4,18.185883060125114,2666931.1203487157
3401.4488231749438,3,1,50,10.159017285283268,2712216.9839861244
1573.446407149408,5,3,26,7.055589888984304,2980284.323899335
3579.124335697171,2,1,44,16.399007034428855,2406254.9452643255
3997.857213930417,1,2,25,0.6232687725850908,2926136.1496178242
2682.1380222913544,1,1,42,4.125587340659776,1913230.182436799
3317.998465871895,1,4,25,3.190232443250234,2934867.5021752603
2607.8340648185535,2,3,10,14.782830616695792,2522933.3381796787
4534.002025,5,3,33,6.310526338591029,4440463.403699757
2790.6243942630044,4,2,40,15.480844236236477,2850368.2305110903
4303.958319726803,3,4,1,0.9253812343581421,4193144.4532805565
4125.949056389094,5,1,20,12.201499998223152,3783617.446334401
2406.221213932769,1,2,50,6.432592415033808,1889131.6767700256
1612.3717641728902,2,1,25,3.8197067116402885,1769464.6659579566
2386.7613832629922,2,2,11,16.35362335,2175981.142753545
4235.356453410968,3,3,8,8.303777459571682,3776275.595618368
1601.5831576053263,4,4,40,11.475428984481182,2735955.9172173566
2907.519921774097,5,3,22,0.7583684912128877,3793265.509167108
4146.8256910272885,5,2,41,15.85332789384076,3816019.2057411466
2155.3008905648667,5,1,4,5.808962656220659,3006144.1102623376
3425.7224028118685,4,4,8,13.898782141653548,3759558.4766771807
1680.7789258147839,4,1,49,15.233444237243278,2055393.4962668438
1080.8295596199036,4,3,9,2.4306135237095807,2611475.4274400775
4095.290590408568,3,1,48,5.988421223093825,3152549.7888467247
1035.461943,2,2,9,14.49645763159395,1547474.7369715932
1794.0781383501721,1,4,13,4.720333194145038,2202305.3233965025
4362.481456788736,4,4,35,16.978661645885488,4031340.413580976
2124.4648631461355,2,4,9,6.308273264574681,2655739.8843858917
4881.3995378623085,4,2,49,8.106371131,3998245.2644239734
4910.8310730049825,1,1,36,2.084892609853296,3098390.602409743
1780.4144899956495,4,4,40,3.038734860326613,2994105.466
780.3041779,2,3,37,5.580890402007137,1658207.1990139335
3702.278450503668,3,3,47,1.0732856821640722,3459346.43
2584.3406116527126,1,3,21,3.9413423669486742,2373016.3765917006
1043.3125134221357,2,3,22,8.237966230656076,1811569.8502022636
3713.1004035033884,5,3,15,7.661248712658255,4092998.1456028465
737.1696000924534,5,2,10,4.054018158557129,2502177.354979402
4428.865438165865,5,1,46,1.700968608683677,4015086.2650135765
1210.0711280985363,3,2,50,6.431141913197744,1891085.6438896304
1160.172266,4,3,34,14.932397491226409,2276111.1015225844
1372.958111061772,4,3,47,10.250981486306786,2411132.343909068
4825.171977365093,4,4,19,18.941399086976563,4303430.925047332
3649.9451851169224,3,4,36,2.883737922099814,3651970.7522207825
4126.034756040001,5,1,40,4.225627098608966,3843177.7541521387
2349.5939372241132,4,1,4,5.677960719416037,2805910.6723280535
2079.7760010218044,3,1,35,0.35873780627952045,2322386.1624896294
1631.7296298459478,3,2,12,18.873271521291937,2043072.3026014525
2714.8513245745994,2,4,16,8.962740245715063,2862843.7754773158
3028.0464275503414,4,1,25,9.684824596900006,2959999.6399414884
3379.8093120721237,5,4,43,3.241362787321908,4074750.3183939415
1731.3214175942558,1,4,19,17.46668403314057,1885999.946238634
4774.077955973159,3,4,38,13.883381509197067,3984044.265906956
1346.9373921113977,2,4,32,8.684083651725812,2104459.941
4848.873968972214,1,4,29,17.571632783257275,3392677.246925279
665.3669390330167,3,4,15,18.118608991459883,1959984.2077916279
2716.953043994121,2,2,6,1.0846627666573672,2671456.1847682307
2066.818487712876,4,3,29,2.4745593352862714,3003590.975
2576.1430212931036,2,4,1,0.649803157,3034748.3656070614
3110.9241475154718,3,2,11,11.676431917255453,2931606.353516944
2516.592295,4,1,42,4.437082817507096,2724227.4093821356
2425.326141327018,5,2,39,16.914068862306546,2944054.6115216953
3823.9830278185486,2,2,0,9.371685824300009,3089230.7155275918
3617.8556103804444,1,2,2,16.77042395324313,2528192.244229677
4266.393640957731,4,4,7,11.15654395,4239738.859645229
1699.8195174537805,4,1,25,15.94373916391543,2170707.893552899
3281.925443,5,2,39,7.4999146631250255,3560637.346300757
3174.857055728557,2,1,10,18.91333742687414,2323834.697431113
2226.8463678398307,1,2,20,13.376458577003971,1810566.930484153
2738.653184371796,5,4,4,11.95026183351899,3774994.2736198357
1980.6414305452065,2,2,39,7.111898008,2017755.6732148922
1224.1153495147348,1,2,25,18.749961180199083,1176731.3692577032
1540.7253269160244,1,1,20,6.820914564530776,1398617.2902717139
1064.2600441652849,3,1,8,16.73360276099951,1622130.8849669695
3605.506130836546,1,1,16,8.145733496973945,2424511.313583112
3507.2005296802668,2,3,36,15.366961629881738,2830933.9503468163
4782.668034951441,5,1,50,18.24637052005659,3841079.525178906
3810.5850200478617,5,2,50,9.365581628,3732653.7955778707
829.0016905269783,3,3,1,10.570090723577959,2062771.9488962472
4490.678765287398,2,1,50,6.673823828062431,3026535.824186768
4395.770716961193,1,4,46,1.188443888225986,3408789.398820394
2550.6094113998743,3,1,39,13.084375839836229,2283290.107
3177.797422322855,4,4,27,2.4808862383272077,3768953.9044992006
4894.744662879083,2,3,26,7.1457726810433115,3739129.7959229928
2942.1392009319316,3,4,39,7.054928806,3199643.942447432
4583.416044854795,5,3,0,3.104976007544033,4694281.420380834
965.3705343648203,3,4,45,13.367535286692675,2055007.479552874
1440.6282223182045,4,1,10,3.5745266832919738,2363496.496
2539.3217511417984,2,3,38,15.588893348676919,2332555.926701678
3172.9299566841405,3,2,17,5.060653522860977,3064924.825989168
4191.402548196321,1,2,26,5.817020972,2914033.7727628904
4948.353306630022,2,2,46,6.940193210861285,3470045.7072021035
2310.9465844861124,3,1,9,3.139775961616588,2512350.6911150417
808.6287990163737,3,2,35,8.741863283811982,1719150.0519362644
4125.154614499429,2,3,20,1.6984699720422727,3493280.8259131867
3259.2751639643557,5,2,27,8.599610085493774,3587318.298
1473.5885790200873,1,3,0,6.864251435437783,1864182.1789056053
2777.245209134249,2,2,13,6.831482399480938,2551665.8746818234
3866.165080348387,1,4,19,13.247417611721938,3037807.106044072
3989.8118631020325,1,3,8,15.4035552,2911507.7456129896
2798.3210127945526,2,2,44,7.184370592879682,2400146.013
1942.9439325669803,3,2,26,5.3140923719936675,2399863.036947934
4884.467360969372,5,2,48,9.937553750987906,4268155.523569245
3518.7954882085687,1,3,3,15.775609601945863,2693558.4701696844
2396.2450851237145,1,3,36,12.927001731269167,2024255.426040791
1834.0381865004706,3,2,17,0.856226821,2479567.4749398543
3816.8531252156736,2,4,30,9.650597522529683,3330087.530261561
1665.607160612578,5,3,48,19.820204766486604,2661072.403080874
1355.5239514842278,1,3,38,7.127237800849559,1609890.138
2931.269111433109,1,4,9,8.870264347751101,2707902.187
1875.9445276342242,2,1,8,5.819393955232883,1946257.3028167717
3367.182637663906,3,4,27,10.00412432287736,3413181.7504787236
1118.9301694466274,4,2,27,3.3023343191239647,2323091.316445152
3481.740860096215,3,3,12,5.0155714351196385,3445231.919450032
1846.5047231898898,1,3,17,14.263552537135615,1817654.2289565497
601.0689115118561,1,3,11,2.8519071943594274,1453169.2299730568
1158.518653766376,5,3,7,18.53026089645512,2638327.027058403
4707.907662474414,3,1,22,6.228412129,3584058.506759339
4416.360412107574,4,3,49,11.542999428680936,3896993.1355844857
1627.8797409594422,5,3,4,6.504430484,3128524.1789125684
4024.836380000161,4,1,6,9.612812437918683,3554834.859346024
3277.715009965487,5,2,14,18.08564642815525,3471817.494523956
4871.980730379426,3,2,2,1.4646879087577735,4061369.525118875
2243.8649019498603,1,1,17,17.141218271477417,1558781.003649699
3598.4266950755537,4,2,37,11.19571636642625,3354971.9383135694
879.5571786652417,3,2,25,13.334918047878695,1712753.1464793643
2343.488325992186,4,4,37,1.2121526291939368,3327174.0285165315
4840.797709227994,3,4,32,15.251842434636949,4020034.9240255756
2971.5158475805306,5,4,20,2.6427904527386845,3997575.032839809
1866.669814673316,3,1,16,19.299941477822212,1932008.995884531
1129.1922377658702,5,3,42,16.005816797308245,2499152.7010410875
3695.524696798734,1,1,1,9.908072778884462,2509273.8109259955
3437.366591090798,5,1,24,18.490922448878713,3293537.7646721425
2245.330339856608,2,1,40,3.4645583150779555,2018046.9217310622
4784.141948209671,1,1,18,19.83411288,2770061.634585559
697.6923771465414,3,4,37,14.364698995713852,1941225.1267633107
1936.3849471800336,3,1,24,2.0577204810229284,2271710.9820738756
4652.705739718158,2,4,38,10.778170932349552,3685462.369316405
2012.1159286055376,3,3,3,14.246439732401727,2570802.087759052
1709.9124689627497,1,2,2,12.299143007397234,1663646.2924377474
2950.569803697488,1,4,33,8.536593038955354,2604225.9591739546
4224.727699650367,5,1,41,5.038042833654838,3871275.911256404
1053.8457478647886,4,3,9,4.840766918214074,2549780.454
4749.291122441239,3,1,48,18.54631239209878,3228392.231482961
4098.320677197122,2,3,26,4.771340938591809,3388406.4379310417
1397.5011244268285,1,2,47,19.251860177659214,1143386.2767645475
3732.8350292719156,1,3,25,4.2834951043865415,2920420.5306525445
2293.8183796052513,1,3,26,7.747247196586942,2126637.1639752043
2370.0965835358024,4,2,0,0.3452361856921738,3142816.486158375
4046.476406731012,4,2,43,18.072564393997197,3411459.834
4836.2531551152215,3,3,19,2.1765983391070773,4144267.528879787
1157.2858405276534,2,1,24,7.210852262499207,1479098.793
2450.7730422668055,4,4,9,16.866112465072728,3207737.189936266
2716.1430755709357,5,1,0,15.858768981084241,3105569.076
2255.7719946019893,4,4,15,16.845870299418053,3080641.509416951
2198.0321443513903,1,2,10,18.290741056421563,1747874.1691515811
829.9821372710247,2,1,3,18.230308694129015,1200057.8128572493
3616.3699304755423,3,2,34,15.43293337263279,2994199.215889433
2519.3434353281996,4,3,12,11.690230922159389,3130540.0173252295
1457.0927316332777,1,3,20,11.274830406098417,1667722.6757989877
4190.547410129101,5,1,14,0.35709873920252816,4082804.6483848174
4131.267291867163,5,2,9,14.479148334387952,3995723.597
2740.1231635911327,3,1,37,4.610866633262773,2557517.1672346285
1913.1829090501462,3,1,10,16.591078635978576,2039442.7999098187
3407.6079935043904,4,4,31,11.120701294668505,3691062.8889631424
1867.8693974205735,3,3,32,19.746232809985763,2243682.960614889
1638.434893424333,1,1,19,4.2844423336766155,1503201.5181429514
3814.264477715837,1,3,35,14.49696068841469,2706865.9431939423
777.4310547721831,1,4,29,10.995921993335482,1488470.0056236994
1016.9812725522135,4,2,9,18.64295621,2055304.430232256
629.8679657,4,1,14,5.393274793417033,1901741.405087874
1272.950020491875,3,3,28,1.2828081918510208,2335491.764513234
903.5560383260216,4,1,0,10.922926102723919,1997992.4152128499
4981.530418231642,1,2,20,10.48009911871374,3245836.144845864
1870.7638677979942,2,1,14,6.302973677879799,1903995.3784457182
1256.779255744688,1,1,2,19.73210217390579,1088420.5024985457
1660.383535182039,2,3,32,1.4872573406670966,2205119.5388819952
4718.952514776593,3,2,37,11.433449949206015,3610480.1765084933
2888.704981307341,5,4,18,5.278316546227786,3913459.0778334322
2205.1996237545704,4,2,3,0.13804903197343948,3049511.7493421338
4442.922414800565,4,2,11,19.75819783595092,3735970.1687855814
2337.957190415743,1,4,24,9.684095450509789,2319969.604301993
2074.0377078138613,1,1,33,17.158090820574003,1393529.9555997679
1512.0430992188365,2,3,16,16.817338069057588,1904347.7063325837
2262.3060252014106,4,1,5,16.26433949661697,2545539.140772683
1993.4111664744744,3,1,11,9.234443329687737,2221689.635
3580.1374209118203,1,4,14,17.928933725314945,2826162.954053929
1874.1639005511993,4,4,16,7.408717358125055,3073580.521217416
3139.6788842592705,5,1,0,8.226899673527301,3469974.366763407
889.9255261,2,2,13,5.188533397430272,1640865.0132260518
1441.6722894646632,1,3,1,9.016893010461361,1800171.2026274216
2392.5831950899346,1,2,3,19.73135403594706,1851337.4349303434
4722.576717,3,1,1,11.507489178846514,3590811.493126517
2259.9087371490596,1,1,25,16.63884521543935,1536850.382
3521.9261332792703,4,3,45,5.340524059150385,3593825.503560945
1722.383778654152,4,2,49,19.122821768004506,2198408.372071303
1158.9477342822197,4,1,39,0.3621470524721962,2141903.8441959834
857.5610403522205,5,1,32,18.611879856408333,1961215.841152261
1943.8193935881059,5,4,47,17.970277417080457,3042177.0665567615
1293.708517906395,1,3,38,1.440388707160474,1692719.4029143052
1365.6459712709466,5,4,5,12.136449873462347,3079766.906270544
3947.3409569025803,5,4,29,15.726356644065822,4178816.2636742913
669.6875121574466,3,4,21,8.135776831,2131801.137567658
3054.3645532359114,5,1,26,1.9279605486408633,3423295.983749456
2269.630074611245,2,2,18,16.605058557748123,2077386.7842549772
2828.819999597608,2,4,9,9.383316519099594,2946416.5875211293
3076.4530437442527,2,2,5,5.338677018196358,2771125.8996125166
1978.817855612024,1,1,25,1.510023264540196,1698881.3806195252
1898.4789848108553,4,4,41,12.839419707943705,2852124.016350871
3826.9681370735852,3,1,50,0.9418070353441949,3109320.8459342266
4433.618747733091,1,4,2,15.842767897262197,3354626.934025619
1447.3591828175227,4,4,2,15.43796489,2769593.211797157
1029.5225463546553,3,1,5,6.526559748616386,1823902.9963093172
4550.301548124914,3,3,48,9.498518103309703,3709853.3301005806
2139.540040048554,3,3,49,13.41747015572541,2421093.5350140864
3025.7965189163824,2,2,9,19.186564735672004,2448839.8828490684
2181.9898358880155,2,2,37,10.451005397439483,2061647.7280995355
1153.5302799226258,2,1,12,19.93392680916015,1282759.5218824274
3193.0592377700036,3,1,37,6.569605197553202,2744810.4330382557
2910.6197477863707,3,1,11,10.57718973761383,2653438.9972452265
1493.1716604412677,2,3,45,2.400749604532422,2038243.7562343027
2588.2237964700225,3,3,48,11.173147524040202,2695321.865858525
4106.569017668841,2,4,26,10.772634860272547,3472504.7297332874
3197.874853674722,2,4,7,16.9913969,2988782.4069873784
1026.4362390947774,2,1,4,19.93137652661758,1259263.5071193546
3011.294587808194,4,1,35,19.724944437162907,2700821.3232651562
3692.048516874182,3,2,37,4.802393794134068,3229649.300658727
4087.894985435306,1,3,42,6.835066517882803,2961919.0804643147
3368.1173459907736,2,1,29,5.565674306526234,2592418.1049691793
1271.6959239794485,1,3,36,4.073623071613752,1639048.4186617662
3724.7623729967067,4,1,28,3.0877066630066894,3425299.971342537
3580.304122758672,3,4,21,10.283705850100503,3544150.8624816434
707.4782849387861,2,1,13,17.46272576969837,1104157.545179743
2411.689737,2,4,9,11.838364608389837,2688750.494635056
2064.9810866344424,2,2,10,17.466006640708606,1997843.3286073662
3545.413082716031,1,2,34,19.19394309554811,2283500.5975513705
1550.9975741680512,4,2,22,7.724514277006519,2475681.4196482124
3199.8364610867375,3,1,7,16.729789353670743,2694995.361574271
4618.106231982359,4,2,20,1.1414708569009104,4150896.6169574787
4110.330437717874,2,1,36,9.673355738,2846371.0221933443
4654.414039352734,4,3,27,7.429100762604037,4208297.922528604
4905.426254503836,1,4,30,4.176552535,3683854.994662871
646.9485588271161,5,3,27,8.824016911902506,2476666.8592798254
3340.061616060901,5,1,41,8.929680454705643,3351110.1170406556
2416.4933501391884,3,2,26,16.18993789924297,2419120.8351890524
4383.359757474535,3,4,39,17.39148037224716,3713523.1893966417
1707.9846888401794,4,2,20,13.17331344402813,2455198.9936438445
4916.529752106335,3,3,8,12.704424333186553,4028849.3074937537
3300.315065992488,1,1,28,2.2926294378734604,2328977.862343092
4091.564569806856,2,4,14,11.547710060803336,3509501.001791679
976.6380324201806,2,4,32,5.561450884512599,1981762.9166241556
1407.2146929390062,4,1,36,5.965778289377361,2168964.6987862727
3936.976161350494,2,1,46,1.9860155800554193,2863440.687178456
696.7406969730239,4,4,35,12.75377624245288,2282967.741741772
4194.263137932644,3,3,50,11.717787349397609,3477448.7400826868
661.3756822444104,3,3,27,4.483424086580729,1970692.2774949078
3491.3228918696027,1,2,9,5.334434779,2658645.6684646397
2206.413249019946,2,4,22,15.482723602622977,2448225.070561831
3290.5773519644763,1,1,27,15.879373936254677,2057374.115361462
3662.5381907521005,5,1,33,9.912384496270892,3532694.324
2106.8909644197383,1,1,4,3.0651536429527138,1836815.3274551323
1075.0347716876765,4,1,17,1.2062883835267193,2193064.536277621
906.4418180923689,4,4,5,5.502230375659004,2682849.219637322
3191.3184992752103,1,3,41,14.65059708,2362320.2261501467
2890.8835564300907,3,2,46,12.056250983541801,2638989.6766485265
3865.684440132983,5,3,22,14.390324698232796,3999708.644206153
2842.836244017323,1,2,27,9.487784817885567,2161335.3437552676
2458.761476135868,3,1,40,15.118647052339178,2191680.715125468
2351.583584239416,1,1,12,9.668035305945809,1787104.004105109
716.3663714297369,2,4,49,1.7718935783832814,1842418.232
2076.4516874652913,4,1,24,1.6891800783259612,2649115.160270444
4894.488693107774,2,4,6,16.646904112929658,3848979.1823996115
4443.644535,2,4,1,12.629524250696267,3728904.700789987
2049.2634949505577,5,4,15,5.654628476297172,3501212.096053653
3186.2997822920374,3,1,1,15.167791217032754,2749466.984909681
4328.105680356173,4,1,35,2.8011326209070333,3697703.105864263
2541.607081700302,2,3,1,12.940344838260254,2571669.5621892633
679.0146005006642,4,2,48,19.790770400247244,1668364.8103497045
927.8460320020163,3,3,37,3.0853889723530017,2081888.1546582654
2845.727973934309,1,1,9,2.9247030175198803,2184042.844721074
4865.533252973864,2,2,13,9.409904782389539,3544241.448943459
3650.121985763018,3,4,26,12.888962027167503,3501954.6704424764
912.0312423,4,2,14,0.6282720923688649,2338123.0974217933
1433.1878534841962,3,4,20,10.043451148033531,2480397.821885745
3993.82183,1,1,11,1.7550899999302239,2771482.0331827826
4302.3349438074765,3,2,50,4.902343158375935,3467793.526840537
3317.8561792297996,4,4,42,14.27671263384362,3528066.755042345
3435.461946371193,2,3,32,14.803412456777524,2826335.6421543634
724.6847816868924,2,3,39,14.621675766340834,1439581.7936209466
4245.533142158637,5,4,21,1.3964120475705764,4654511.248232224
4068.410916,4,3,37,15.756585863933475,3698746.658801473
1739.7546340547276,5,3,43,8.700919397055669,2945531.847190568
3718.1775678482304,5,2,47,9.558660643017786,3697588.489168077
1545.3602682699916,1,3,17,8.451840410819376,1783316.2440229256
777.4527086266571,4,2,43,17.154745262683363,1795304.3671639787
1485.000787,2,1,1,13.631410225278724,1629545.1072975728
1385.9670577189179,4,3,28,10.050514249639994,2516646.1619709763
2086.0911856333278,1,1,6,16.70231173633163,1543672.2761943487
2441.1777875720154,4,3,30,16.126733578417163,2912727.1403219816
2837.571122589915,4,4,40,0.20037886,3579450.9021911155
2697.7170522366437,5,4,17,9.629711296039373,3735937.218301852
1790.9682662472733,4,1,8,0.9406975807974841,2601343.0996120046
728.3509417259277,5,1,7,6.213010984185907,2269588.169283563
3262.447137843463,5,1,32,16.09636313490397,3213969.224
2341.2772513283594,3,4,4,18.886641806947814,2837578.707629541
1914.1574925052187,1,1,47,4.917126547622016,1488409.1334044863
4414.540588454254,5,4,13,0.5263604618137299,4796416.003
3885.670554311903,4,1,12,8.106493241106875,3485378.3304381315
4374.168412838746,5,2,10,6.7688648897287855,4266379.826729115
2777.924296734828,5,2,19,13.571627036303935,3287202.525745653
1176.0975093578209,5,3,22,9.951647682,2743688.719148764
3663.3743189335987,2,2,44,8.037060543083607,2815618.8667094447
1506.724631723571,2,1,26,4.668156394365976,1694672.1060787833
2541.4105440035537,2,2,14,16.58675993181555,2233642.9914697832
886.0034713751094,2,2,29,5.042946807443975,1561815.7176429925
4231.356970661122,3,1,15,1.1892260829664187,3481566.882
1154.1388206090026,5,2,44,11.335749118433817,2395027.3460401422
4573.6290310169625,3,1,39,6.415240049575643,3428182.632621286
4402.614649950851,4,2,17,14.277459235052245,3795431.0583786983
2644.164163532683,1,1,50,1.7093462016741239,1902568.075837176
3875.2200989375588,3,4,46,19.329520532062084,3385692.556931855
3325.5583247998743,2,4,41,3.8184745105079734,3146082.590294095
4133.532826286078,2,3,22,7.205432256399138,3377330.6861193734
2499.9424434580133,4,2,35,9.671003705030278,2846224.0657327184
4057.557331,5,3,37,17.813338425606368,3952184.815
2634.809995086651,1,1,7,14.478563644648869,1857506.6427546653
4740.249466508293,3,4,38,2.982086447417175,4185155.9224101207
2740.0372436306493,5,1,28,8.828411136441556,3118123.317190811
2635.524797,5,3,11,10.903946113350395,3509356.3940915144
4054.316190879456,3,1,17,14.072301913172668,3125384.975280592
4214.941843747687,3,1,49,11.479105198787067,3097561.7360024196
3039.7521030131516,3,1,18,9.200964244905673,2710529.6847127797
1391.1103793783318,3,1,35,15.33439823,1678540.1432415512
2658.136216,2,4,32,7.623346806685411,2781274.0900772843
4859.519012802585,5,1,4,19.74473688803458,4079537.6867449186
3913.1392493724147,5,1,38,18.960871913595156,3452025.104518622
4169.115457068182,2,4,27,14.176870051505773,3430693.2456082935
744.4321948046565,5,1,25,17.663977291615552,1958609.4696743344
2658.5816355903034,3,1,42,7.924192769800277,2425479.8805034636
3445.1329880932435,1,3,20,11.671257401839766,2653814.2641141443
4252.143807963529,5,4,22,5.525837764,4570228.066801772
816.8040757641945,1,2,20,17.724222137293193,1018590.5132405506
4350.731096824242,1,1,10,9.473398260079922,2800570.501
3012.9641216644113,2,3,41,10.769257876405428,2650769.8214084147
1468.1814705346637,4,4,38,17.30489254567802,2562665.802458089
1995.922952,5,1,15,15.965842307594732,2668317.548141763
1840.4900277068673,2,2,32,6.502689647202242,1994864.139013706
2935.7797508692934,2,1,26,1.839809310803874,2465766.6073228866
827.4169916,1,3,0,3.3256547200599202,1611868.319507609
1297.5590973996636,5,4,43,6.848007479469162,2961492.317214766
4175.849390853443,2,3,15,6.175287513648118,3454091.8632580764
1183.4575592859687,3,4,4,0.8623799302328132,2619154.0991426455
1626.9435856157586,2,2,45,8.698096284106771,1779182.7852300613
2594.8306646582923,3,1,17,2.2064217037125715,2632959.816359212
2875.331907698654,4,3,40,4.495705417566404,3312424.7636023164
3959.8861103022978,3,2,33,15.770915230695469,3164197.668641557
2568.2626773312263,3,2,43,9.948102988730446,2534842.1969953217
4075.4043325563707,1,1,24,7.521765810952614,2631939.7681634505
3320.7237510000127,2,3,41,3.790163151850967,2944231.5305673047
1097.6388534648188,4,1,33,17.33897411750798,1801712.8624865669
1287.8583289284898,2,1,14,18.083426668961735,1376933.5491893275
2522.9483919789914,3,4,3,10.421692542177768,3102713.263250258
2346.313329591774,3,4,50,18.43336687325585,2619162.2454350875
3871.5947864040963,2,1,3,9.349300354312588,2898484.304220114
3155.243415108348,4,4,24,2.234125224650323,3777612.121165485
2307.785556409897,4,3,40,0.4390875634541409,3109783.945040183
1351.3452471816968,1,4,12,2.654718342056644,2027251.1748540327
1598.0832502321787,3,2,41,12.490861027094132,2008897.322678524
3132.2044812638596,3,1,45,6.486013419708136,2676054.890342084
2463.130741559087,1,1,24,13.00134916507048,1716211.3055824512
2865.681038986957,2,3,2,10.208724852558323,2783338.9405466295
1350.9807153298282,3,1,34,6.726950237943023,1835624.271010371
3516.7875103160895,2,4,47,4.4517280100173595,3199032.1130620153
4351.170459766255,4,2,8,1.7127705018080903,4066002.737951283
1734.9338298623625,5,1,13,15.669582121459356,2553748.190606312
2762.662593660037,1,4,21,16.398183205192595,2413040.550830484
4892.320247691968,3,2,47,10.874871182202622,3658335.618306249
2066.263658423202,1,1,8,3.2261839890143023,1793281.0675356323
3218.2039176645494,4,1,23,5.344228017514484,3151890.3165863026
996.8610808810752,4,1,22,19.10739034548282,1770955.6516351984
3266.466011,4,2,36,4.596221796471715,3325981.487629658
994.3798025403188,4,1,44,1.2304155301067092,2017254.5087723427
4820.635915424817,5,1,14,11.045984491058938,4184071.185995547
3748.915669,2,4,35,5.312087755296195,3357888.9975574785
4067.903067797108,2,4,13,19.152954565828622,3350565.360686299
3698.059187395202,5,4,19,11.537881098998865,4187944.889821941
3194.807758736449,2,4,38,19.319713220615586,2785682.5330602303
2579.6162367762236,4,1,35,15.732974932601335,2564821.5378404027
4376.842870948674,2,2,26,14.489387631762904,3133306.6009433963
4810.076937189478,1,1,16,16.62425520939594,2857226.2825111374
2795.7591607779577,2,3,25,12.137222128163158,2594808.0559300333
4698.754216283152,1,2,40,0.32131373443449757,3207623.7515572035
3166.664803949477,3,3,3,7.910049179965121,3274804.3364797537
2968.890422344306,1,1,2,4.458459947,2249948.930336716
2599.7240250035693,1,2,18,8.742822200564593,2099678.487
1520.8661507325273,4,2,40,9.463935530902493,2335827.2828525314
616.3665075994604,4,4,39,2.643838230287432,2424979.4072982986
1662.6273981666695,4,1,38,0.5662878228916834,2394660.8607298187
2842.781955055687,1,3,6,2.850185837625394,2599060.1788796536
2271.8237899429114,5,2,35,17.162799926465574,2882328.8145464617
2573.3350032115886,4,2,18,15.14149847755996,2858510.4501589127
4914.852166081818,4,4,11,15.997968806672874,4447139.625011769
2141.1984309450413,1,2,19,5.598501725,1928302.0990818853
2589.6049331844747,3,4,37,4.798373881177742,3078507.907
1187.468425952406,3,2,11,0.843710946,2186532.912
811.0140227227456,2,2,28,9.498142376753053,1440217.0819306292
4011.8018642069765,3,1,29,7.709936283886888,3171375.1245300677
3111.0059703167058,4,2,19,16.734133396269943,3090493.235337272
3947.101146593138,5,4,3,13.66916441467608,4349840.2031073645
1259.3963151008272,2,4,1,2.971290103636025,2329945.2735820105
3116.046593,5,4,46,19.744387294502644,3597808.4688161844
1716.0268871020523,5,3,29,15.435750586734931,2868971.3499206454
1603.4719943600876,4,2,22,14.432726562105358,2367754.384042254
650.7144618331351,1,1,5,4.410650093882101,1076817.1471432429
1173.4991837039163,1,1,17,18.112616352263018,1004170.1829110151
1960.7796905986595,1,3,21,9.531023472006531,1949442.2939635164
1114.2665466001317,3,2,36,6.023353462043076,1921339.1221635216
4937.777137808125,1,4,3,13.131188403290855,3655937.718942563
1957.983653505383,4,3,42,4.313864023629479,2847387.4643844194
1173.4253654902438,3,3,10,18.160556051688484,2038174.4798156696
1475.962176443014,1,4,40,17.10143865623266,1660625.2332011713
3185.8942047024966,5,3,34,9.351736251640219,3700585.2954227612
881.7915050050694,4,3,10,3.8940826904897343,2477687.0167970574
4394.710173,4,4,33,9.980432058936756,4197419.363236127
4830.598588643448,2,2,8,3.067850529393682,3678615.201838168
1685.6886509364758,4,1,30,5.469992805298693,2348117.3874665815
2580.419181799781,5,1,41,9.706374572759113,2955755.0175490254
697.3915845297871,4,4,31,0.5206808468712395,2547955.093431786
3419.1249887997747,2,4,42,15.337879810582674,2957477.8162925513
2421.274655431391,4,2,34,4.018606056,2924938.1247001183
1788.2572508468452,4,3,48,17.34556401998285,2471890.263128083
1510.0832867130773,2,2,10,0.5429705656552336,2058855.1501477512
3477.701541698546,4,3,16,10.689420644965438,3609735.2760542817
2431.3549365421836,3,3,50,15.555354003384492,2519243.306307719
1390.500871731613,4,2,35,4.835173822922219,2388219.877511679
3632.079958542026,1,4,1,14.180305898205464,2992106.7794112214
3086.3180453614523,1,4,23,14.44526971,2603926.5465729856
4378.157041689783,3,2,45,12.793088951691502,3372889.6599153792
1116.8939550565688,4,3,14,7.348629355,2506147.308536594
4056.933048555607,5,3,27,15.722789483169542,4043683.6527187303
3563.473862,4,3,2,12.605830981739881,3684293.2294674893
1106.0481220436304,1,3,28,11.848725361936593,1440722.4718874004
3657.2112114355714,2,2,44,16.40130925642058,2645252.3386936914
2542.808071071254,3,1,12,4.968297057580755,2576711.0124883293
4757.933056,2,4,49,4.726510276,3804109.240811855
1223.089942718757,5,4,21,7.790293054263796,3015412.028
3428.466919589247,4,1,30,1.555348066504091,3297799.4165688595
2280.7122000369623,5,3,6,6.814130040102082,3438746.4173207567
4809.984550599862,2,1,47,8.184814362823968,3170968.906147769
2051.8895392772165,4,1,47,9.951657838924334,2356584.530964439
4833.618001763921,5,1,25,5.154867935608348,4253384.560274111
4566.5377448432955,1,4,30,18.146164709326314,3235018.496339439
1789.6862353668878,1,4,37,5.773059518757756,2059054.8454126061
4135.583818036282,3,1,37,17.045860472504632,3006547.6176723656
4980.658487935426,1,1,3,8.954553481258673,3160911.0924468567
1711.7172095536423,1,1,34,14.391318248882234,1262705.1579034936
2521.8195450226067,2,3,32,2.306957521,2619443.5401980286
2888.7952408937426,1,3,2,10.938280682808028,2480304.924895028
1897.696997537003,1,3,18,19.22043530936174,1739112.710685584
667.1652944425309,2,4,8,13.358399066359029,1791087.583998402
1568.5686744691172,1,2,45,16.423756282695848,1295482.1296849588
1840.5222911037372,1,1,18,5.295302197332704,1589028.019709532
2551.8386858000235,3,1,18,16.02336152568075,2330125.030490714
1352.8509050189682,1,2,25,7.089942285936549,1474299.5248950706
4442.319169,1,1,12,9.753054191,2830771.4190075644
3701.608984017879,3,3,21,3.840358582361107,3533670.2384660346
974.8821012625127,2,3,47,9.765397921296925,1621806.010309635
3460.406785015698,1,2,7,10.362466681782642,2552626.976976514
3476.0884961847296,5,3,23,12.484310848007674,3838030.9492365285
4807.373164031962,2,2,25,17.385812506113034,3295643.2499980377
613.2918339671095,2,3,47,6.1665379791713875,1512988.075504444
1690.9027791455517,1,1,40,19.68432184,1116437.8709252153
4682.282509251389,3,4,40,16.969030079735116,3866433.5711353095
4701.389227752446,2,3,2,8.118160128547022,3743004.329
3770.5802452308044,3,2,6,4.610606474,3427750.911230703
3969.358612609176,5,4,49,1.5227420916335221,4373897.382576235
1002.5250148904473,3,1,1,4.763847339918921,1865658.4787511625
2861.053673024228,4,4,32,17.70200614073634,3281159.6318017044
1618.9651616715973,3,2,11,5.911425087303728,2300926.9971940415
1397.3593918999159,2,1,47,2.8457983442123433,1571436.6471700284
4165.334516142663,3,1,11,0.5512243295843104,3481315.689583963
1194.1678013944086,3,3,9,6.023838839188714,2296280.042017747
2662.067202784095,4,4,40,4.401438931698486,3407677.740862395
4729.744254178545,4,3,26,2.133826676351641,4356868.511666557
1417.6610444875073,1,1,17,19.02660744418208,1107971.2914644293
4903.171064448232,2,3,3,5.4256753215872475,3892744.9438966885
4974.8671373486595,1,3,39,0.2229189070028743,3552648.1086385897
3044.715480602573,4,2,22,18.89108411239036,2999208.9761577966
1348.6280567794947,3,3,20,11.612412407069737,2206738.698
1990.861506939941,4,1,35,1.7479779755420797,2550144.1120634465
2467.7684637767547,5,3,29,0.7252973500400172,3539051.2029918944
1961.026587176181,3,1,47,2.246196365319798,2165262.284386012
1834.7965514566695,1,1,20,11.870667980579432,1444657.8342210634
4877.810720551973,3,2,22,1.3312449375987823,3966953.379628328
1274.805240629281,5,1,20,11.405997876957624,2373955.5808798056
3826.642798354194,4,1,7,13.085566295307547,3381282.9913752633
601.8052735323695,2,2,38,3.0367779519496385,1414839.9958315094
3223.2037453704584,2,1,12,9.819811580719502,2519878.559175157
4630.149217,2,2,39,19.28121059970591,3099123.3148091147
1866.9100140101636,4,4,21,16.74612008535646,2858205.5234022704
1416.3142911339644,2,4,6,14.494950514799967,2152931.053
3467.3910974650785,5,4,23,10.402928976740814,4075309.8873020406
3735.446192,4,1,4,7.9460676430665185,3453474.661299452
3627.3342833887177,2,3,49,9.083551248812341,2951669.034822429
2004.9942720940458,1,2,25,15.315739156264932,1635855.2710260416
1709.6905695010557,4,4,50,11.130529438992252,2746907.614
4806.042719832994,4,2,9,15.316614307323322,4016361.991874348
4662.517836387689,3,4,10,19.400472111616754,3957922.394065827
2612.1930835284093,2,4,39,12.846231600349082,2618844.8278615405
4323.253011079243,1,1,37,12.101760792463105,2599264.207794677
2590.2233015909023,5,2,10,8.182622775345695,3346132.113392855
2467.311679519046,4,1,47,4.015403668455891,2683020.6844947226
1289.7569694368965,5,2,29,7.5465947707181815,2613619.5074084024
2476.1866485646806,5,2,3,10.449934091255757,3278767.5605615424
2964.6345298391507,5,3,1,0.7936275807067068,3926117.6314097587
699.0190406862205,3,4,12,9.568519993963616,2162812.038568155
2554.0972227717884,5,1,38,17.256771615558073,2806586.097
4037.9673609388815,2,3,16,19.534824814419125,3112960.102285376
3592.2026480467875,2,2,22,17.125418578985915,2708265.870547993
3394.690751001314,1,4,44,3.5224367457290957,2871569.5586903924
4602.043885123691,1,1,9,3.1847625161295414,3056999.610343572
679.3408432310121,5,3,12,7.9269128046670625,2585805.083626482
3051.009379,5,2,41,4.586066364773853,3493456.280431756
4064.3349330027113,3,3,38,13.552290632000188,3435794.5719656693
2981.8756838855757,5,2,41,1.7827062790652346,3514956.634465801
2025.1404313536684,5,2,28,8.930013065779914,2958642.8724655537
1199.5024864047025,5,4,15,5.679089299766255,3075842.3753113435
4505.277515991242,4,1,2,11.948517451296434,3768341.3270740095
2671.354526505453,4,4,35,15.961593893899918,3206118.303479046
4463.706866737086,3,1,3,18.47890651946125,3311948.2210836355
3177.7493387059408,3,1,35,19.280669411019506,2492934.1992368973
3566.4453131060036,2,2,15,7.088771226082485,2931120.15
4138.749079,3,3,40,17.131370858426344,3391420.041
3500.2843962405914,2,1,5,11.880065067372982,2652213.814877154
2351.441298987326,5,1,41,13.875882749428046,2757875.9126094193
2859.9868892860645,3,1,27,17.03749827654096,2418916.3972165305
4133.400308573871,3,1,35,2.6892528769121364,3302588.014853011
2244.0613040411304,3,2,22,18.953404633841657,2297635.4774480495
2307.734409781387,2,4,11,10.99320209932269,2643676.081008557
1021.0365106552051,2,3,41,6.786466019077794,1734461.853050364
4624.171515,1,2,30,6.840752082148848,3089943.6339491857
1000.5597857599436,2,2,11,15.044906699897533,1509054.6769863383
3452.120380773646,2,2,31,13.605331276286657,2663626.4829654074
2418.055707,4,1,24,14.616653816243169,2561367.6951456093
2384.7253171239463,3,3,50,5.134610538042281,2704343.3659054446
3590.0280809198093,2,2,28,3.486904701251273,2949948.8645391967
895.2124235714664,3,2,18,14.465007095221583,1732978.9879856189
3212.3054449863125,3,2,21,6.03976651,3045030.3103911993
3996.939858278361,4,1,23,4.526479456375835,3557613.2581159812
4244.136134701014,3,1,32,4.370709219247684,3339326.801069871
1350.3337133326113,2,2,35,3.0531785579600745,1803776.2036114214
4548.643820343964,3,1,44,8.593631548,3347122.1973175784
3487.042804128746,1,3,39,5.2928766429964575,2707336.787308761
4480.161123611004,1,1,45,17.887922956819963,2521995.021
2735.2351552848722,4,2,15,13.81387877333685,2981012.9202800165
2984.946718427689,2,3,1,14.90285468988842,2754089.183520394
4643.768418926153,4,1,7,8.131848792826515,3888920.151710863
4559.601990760556,1,2,12,12.044169410802336,3043590.525268549
2571.907842823609,2,4,29,10.065877030010544,2704309.298915911
1807.4155791969997,3,4,0,3.4322840643980577,2899735.0264148563
2329.9499120827622,2,3,11,1.0522885315106119,2653602.1035154867
2306.1630455308987,5,3,48,13.70201724934271,3103714.0958829126
1862.2142499242934,2,3,6,2.511331938629114,2415553.404293882
1781.750259065053,3,1,47,1.2412481488239675,2095723.0846603643
4388.676920510766,5,3,13,8.893159920165072,4416148.179956398
907.3924510125114,4,1,41,14.786724763170508,1717634.6483471629
3581.4892012382143,2,2,34,15.400481940724227,2677407.88
1360.4082264083902,4,1,27,17.48204517364946,1960236.127835523
2115.825930933878,2,1,11,4.064359047725407,2086298.7026167482
870.7893501932822,1,2,39,19.713925436911584,910789.0844627267
1787.884002164033,1,4,47,15.287860532085466,1817857.7085446245
3981.0527129158654,3,1,23,3.2285455844084403,3275628.3628740814
4494.067428007938,1,1,0,16.830353591308675,2775099.560282113
1574.719468370415,5,2,16,10.029289522448625,2771446.8618405527
2639.610492739256,5,3,37,1.4242727239924722,3570992.7099940963
2669.425810923708,2,2,27,2.7276312594022896,2509833.198378126
4443.7313453428305,4,4,32,8.734476309994683,4251849.064575839
3956.3158326535436,5,3,23,10.657085550921206,4114689.123412665
2857.5397608194194,2,4,46,18.955099098563906,2584340.816542749
3551.287682075803,4,1,44,4.392678202713427,3232463.195
4328.362237201214,1,4,5,9.534679753831897,3413160.4416282866
641.9713977123978,2,4,20,4.595200438620012,1893754.608188116
2372.716136620214,4,2,44,11.212173709636703,2706787.5122216907
4591.869936019146,3,3,3,18.19542965213845,3781699.2930711214
3857.377335713386,3,1,32,11.398236366141191,3005396.858638187
2988.5020470699283,5,1,9,10.250403725402562,3308915.867
2930.435918954587,4,1,35,15.027575197671865,2754339.3736281735
2130.188429459526,3,3,12,3.0375095461166963,2809016.9419117467
2890.2903480226637,5,3,35,18.121738309656138,3372383.325922527
3483.686077639194,2,4,47,11.594916062020106,3039617.6356835123
2440.7973690866897,2,4,8,13.75755736144344,2669920.455418794
3742.2738441255656,4,3,30,16.397319137619544,3557863.457414709
4389.421799945698,4,1,3,12.737253212873727,3689638.753819692
1280.613332013389,4,3,19,12.859983186685566,2452779.9203773006
2586.8069003966675,4,2,7,14.619466675221465,2930687.034798222
2395.2884016543567,3,3,26,1.1395074732377992,2909526.9694667403
3624.845137818804,3,3,35,7.705989112647652,3347975.7047607666
1699.4168471348892,5,1,8,19.262441223105775,2489132.5172096468
3417.1040257900154,3,4,42,5.232923517089835,3458566.4606575286
4460.952663618547,2,2,23,10.890883420647924,3262331.581500633
2439.779039,5,2,36,3.591006497862882,3232742.3076930298
4608.469079908568,3,2,40,6.533158874043843,3638244.280577725
4969.9204513073055,4,3,39,14.369892850555834,4167235.286746853
1066.805019770989,3,1,29,12.897571078934462,1595124.0064111226
1625.434027133378,1,3,25,8.344895600574194,1785492.0196595225
4781.670907,5,4,3,18.767716209401428,4665154.047176893
4816.641820518102,3,1,0,15.523431628115691,3562525.1958010546
1029.9120117017374,3,2,19,5.431684198,1975995.2400017078
665.9934016594013,2,3,27,9.362381640046223,1575421.9861330932
1308.840102328258,4,1,44,17.57288666547487,1847635.2359589487
4982.456246881892,4,3,23,0.5470358578319682,4529960.324388623
1391.998313087022,2,1,27,11.671179068887348,1492248.4932700812
2811.209469576902,2,2,27,4.716012182012295,2540957.4092525225
4333.037996294249,1,4,4,1.3700203452792956,3583791.509345856
689.7670870281079,5,4,31,18.26593553223995,2489237.7509735725
3259.7515219372217,4,3,29,16.34403215936623,3322668.0358856036
1818.9119750263471,2,2,20,3.787341820212337,2098382.069213244
4394.273632334819,2,3,41,16.75523514425232,3221705.0313866804
1847.2290567619484,5,3,15,3.013905392,3253009.338655276
3621.7251692403993,2,1,7,9.575611061190891,2749023.2815006995
3566.566382768546,1,1,11,14.542888679516935,2302098.3358982517
1574.5716149824161,5,1,31,10.722731373133445,2482504.0981328567
753.1164794207405,1,2,24,17.030536231344257,980620.4331878026
2400.698124655748,3,2,2,12.375869448883021,2607504.591454531
1872.4498686498266,4,3,25,8.695837779025215,2801981.0968487263
4159.502098300318,2,1,35,18.510725595560096,2699209.4553432744
4121.602429203519,5,2,16,0.8222636737606993,4229028.859230863
2610.905389647552,1,3,26,9.819137288442665,2243742.8671592404
3268.653791422163,4,2,21,13.249552649807077,3229008.7608192577
3258.741870342471,4,3,44,16.73756196931889,3239292.613889175
4239.495853081543,2,4,37,10.869014846183124,3482040.5477214265
2470.010622142069,4,1,34,17.72180262529405,2475242.176669471
1811.965391,2,4,45,8.582909030381401,2273997.4330358095
1766.153639818409,3,3,6,6.4108588433281115,2589532.561
2959.2460288416983,2,3,2,19.478859744344174,2644718.737638283
2576.2520920217353,1,1,5,13.376901080801419,1860260.9424991566
2536.5313923337194,4,1,12,8.572985881720017,2801478.896636777
1001.0042919947118,4,3,45,17.57597576612615,2088655.549
3761.8564590368605,4,2,14,13.69330024,3501735.1428321856
1540.441427120407,2,1,25,12.794900643866258,1553995.6187871958
1466.595972918374,5,3,47,14.597904803407381,2671012.808495357
2416.136609220531,2,1,32,14.792032881579608,1916900.5650829908
1602.2247031183263,1,1,14,9.910369398098194,1397577.8817015165
3168.9763761552676,2,4,38,8.444220472,2990276.696745608
2234.4386930716746,4,4,40,18.19472535515634,2917997.757537028
2575.2115794082765,3,2,46,9.995230017291803,2522374.107
2963.545015057727,1,1,13,4.394850594,2193548.413749165
1495.5562989199414,3,3,18,10.479895437918662,2312853.1588059147
1285.307140608331,1,3,27,0.7849997882814621,1756626.4926428536
4473.856372643861,1,1,23,14.494035204019363,2696720.4003458605
2508.3842924582527,4,1,49,2.626982775,2721325.408828038
2413.2118823831725,2,2,40,2.3233128803171708,2324812.6016895603
756.6934612005025,4,2,32,18.93248725,1804369.9037194666
2791.095731,4,2,11,15.473877961028704,2995743.224576009
3038.3467750884006,4,3,9,8.343152649192008,3471983.252664678
3058.8998322005327,3,4,6,4.867565233871671,3466771.5295271506
3710.9371450206913,1,2,45,16.88546056248635,2357432.279364936
1380.9200739604519,5,3,0,19.37481848785397,2767636.5853274637
1709.7817906147227,2,2,14,10.21624668168099,1945238.879778059
4167.214047013816,4,3,0,11.643513837708419,4015409.664857057
4767.550714110934,1,1,44,4.936764481,2929712.986
1198.1040884162107,2,3,19,11.826080254831743,1832203.3572157877
2789.65804,5,1,1,8.071892937,3293064.0792713054
1542.375512054182,5,3,2,16.92701213907225,2887320.431349964
864.3219407619227,4,4,35,7.604549094486509,2469742.9065955486
2032.2146877549958,5,3,15,13.010705054488632,3145566.160892043
1232.225550810536,5,1,28,4.1489736674487405,2457806.220160611
3723.7055231106838,2,4,43,1.9043894336399392,3373437.8909868607
2948.3918201543556,2,3,35,0.9030688765204625,2845807.4506510864
1232.871672357368,4,3,43,8.371344202878419,2398681.8702254333
640.6629889842632,1,2,38,3.3542215556889294,1127919.9814826702
4155.891015706536,4,4,2,19.870255786303215,4035213.310231521
1375.2553871226892,3,1,36,15.987829429682996,1652544.023072002
3267.3532257713705,5,4,43,13.898125719013253,3805387.0166097376
2082.4564175376804,1,1,11,16.086037500824983,1529180.376856658
3176.1381285861567,2,2,19,5.328670446240552,2751168.5734725846
1988.8759587222257,3,2,22,17.597353259416284,2197163.8322771043
982.5340670459184,3,1,21,19.913164260569168,1452676.6664158932
1580.980037654116,5,1,31,5.868103934522631,2582800.858240923
1427.4576925079325,2,1,6,19.69450887594772,1454511.5868393292
2483.285150734433,1,2,21,6.475891272184209,2071797.6680278496
3496.448647075092,2,4,43,0.3332900421641838,3291231.441
1760.7467297639732,5,2,1,7.407559748773452,2991895.088010835
653.1077153,3,3,13,19.950548518247686,1727215.805400723
2883.3244027649303,5,2,15,12.739509969275636,3376544.92
3265.341753179477,4,3,23,13.939903444829886,3403545.7257974586
4836.630173607962,3,3,6,4.843108326532298,4156125.8383776527
3193.671533610286,5,2,3,3.0038098963927005,3786432.4869816066
2673.159261263824,1,2,36,17.721657707773574,1866819.394580758
3122.967153949897,1,2,45,8.326504873094832,2234626.397617369
4682.762771392919,1,4,40,0.1817409398288716,3602419.4850041997
4244.863840647244,4,2,4,5.9554944862121815,3947994.948703696
2021.1064268007551,2,1,1,3.9950689554532572,2090324.7523956296
1643.919200091404,1,2,4,12.115067924414845,1624331.1596617224
1755.587894410724,4,3,2,15.146851081952518,2729529.843670629
2819.4525747469374,1,4,41,10.000220139727174,2469394.8026832426
3873.817585405742,4,4,7,3.7993906220935845,4190593.8983653174
2814.164511605033,1,3,25,1.2534928252977828,2521685.3174008788
898.3041416436954,2,4,9,6.339326691098957,2042038.455104186
3783.7550819359158,5,4,33,16.138670993246183,4068777.039207352
4146.268566152197,1,1,45,8.448319349205672,2543840.8141963026
1873.7906065267664,5,1,35,5.119796939621848,2724172.2825752636
3522.153252846742,1,4,11,0.5124230711144881,3160501.083105399
2477.004364639331,2,2,19,9.971634839654405,2308742.4036308946
4512.125165200749,5,4,28,13.727959952931563,4506176.301646059
4318.992455907255,4,1,13,3.8875563211605466,3781418.0196347344
2911.900792562426,1,4,47,10.790057907363133,2469822.1562382677
3642.6244015798156,1,2,4,8.472700661,2696531.105673078
4486.738684497257,4,2,47,14.108558764792985,3690871.0850570863
2781.154844344412,2,1,26,17.226037563944008,2080729.5889976432
1978.3032581508166,3,4,3,6.210272798700965,2914619.091205707
3916.1310068021576,1,1,28,18.104944437171387,2320639.532761968
1568.2915210526437,4,3,2,14.168340785617696,2655451.862918285
2309.537051226585,3,1,32,0.839605646,2442649.330805584
4409.199843269892,1,1,29,15.84573366139687,2607358.166511326
3787.4582971849863,5,1,35,9.943078564124257,3584540.495414326
2376.7684230889968,4,4,8,18.914671747061334,3134763.694707589
1544.8758105967727,5,3,0,6.5402667950938325,3106305.4875008273
2166.2609196618405,2,4,47,11.865151816813816,2375500.3415989615
1850.0582566007051,3,2,22,19.127309044308724,2097155.8655184954
1374.7928669529572,4,3,2,5.496078687249268,2732147.777835811
3870.6648196888896,1,1,31,9.491875533554252,2455167.8172776774
1709.1075021407546,1,1,23,15.074660142180552,1302733.4663310838
2598.336868738161,3,1,5,13.852863833760324,2461784.0757981916
2297.7815660788797,5,4,12,16.790195005091576,3417759.801041926
4921.140465996776,5,2,48,10.443953920626814,4276364.072690168
2320.8058742521703,4,3,14,6.446531718461282,3126145.220861177
951.9229243057212,4,3,29,10.748183736608105,2280670.705525016
995.2333113171698,5,4,11,7.064204629637338,2966005.4811701556
3199.3163739534853,4,2,39,3.610967685088413,3297111.751379292
3237.1996276483687,5,3,47,11.14389708222459,3625394.79
2442.5395581236817,3,4,34,1.0627730203532626,3094687.236759093
2500.1122461729306,4,2,27,0.8278485295749534,3063172.070599284
837.3033644998334,5,2,3,1.3850134348685068,2640624.331656864
2872.804645712754,4,3,6,13.484962339594235,3301375.9941688096
2820.8536916735475,1,3,46,8.199038325768745,2281118.997425716
1258.017001650556,1,2,42,9.932892128839796,1285023.5763527993
1056.8932988880813,2,3,15,6.933637368907331,1879446.8201702114
1143.718958637758,5,4,21,5.147360868567776,3028585.180051841
1044.5242845615376,2,2,45,7.230272731910951,1517329.6057468671
3282.716060361743,5,3,44,3.948225573778528,3807066.4368096185
1464.5236705728419,4,3,40,13.607282372363233,2424789.1059434735
1706.2926696248392,5,4,24,2.124536341136293,3355328.526094011
1363.7174342663347,1,3,49,10.386324236667539,1493805.150504134
4814.475339573413,4,3,2,9.588857182511523,4370133.444240794
4360.316837868076,1,3,21,6.108279993126765,3217665.737
1614.1772843466917,4,1,30,2.1355588500303013,2379050.3832770577
2041.2916932573544,5,4,36,14.096818438409914,3223382.395964796
1523.5285061419875,5,4,21,11.433853195837454,3092760.1072585625
2764.2542216276242,1,1,26,16.208579388695718,1792628.4411442152
686.2863428867158,3,4,1,4.7869217417219945,2307077.6547132353
3554.0192391459013,5,3,21,15.852125898965785,3819640.0196979525
2901.8958591976234,3,3,16,5.909719907645776,3117426.4495502138
4554.011284524854,4,3,47,2.3405555474704736,4159867.449417335
1323.3278110450221,3,4,19,2.784834143411297,2575640.140758603
4138.0806826689795,1,4,23,4.499063759448154,3328731.9842498447
4084.6284636535493,2,2,44,13.680335032670424,2913380.4492776836
1159.5972325543025,2,1,30,4.954838527923901,1495374.7638229905
2353.660586234161,1,4,42,12.117031996972088,2189162.5712819565
1348.6716210358743,2,2,7,5.2048033165112795,1899912.6622920288
1720.770202013215,1,1,4,7.367946959952687,1557699.079911871
1758.2831692543953,5,1,1,17.805453064793273,2582705.4414356495
3047.440134,3,3,3,10.057204583563562,3172248.8932897463
2410.208099746048,2,3,34,12.045011231165205,2358876.7433540374
4770.024337627743,5,2,33,3.8666089052709722,4407352.908812769
1156.0286245668226,2,2,2,2.716970789337324,1878347.814600982
4884.245393340874,4,3,47,8.322287135156152,4205349.872071631
1614.8100169427614,1,3,19,17.12217143274519,1634634.4979207942
4000.6453200801534,1,1,8,4.894380852856049,2727107.9610872734
2091.4676751604143,5,1,5,12.47167985834517,2835973.1585176215
1229.5581398361812,4,4,46,17.454714730762973,2400357.6934071486
4374.712415083455,3,3,4,18.694767435737518,3658133.7769312947
1958.9879566404381,4,1,40,19.87642631814939,2146638.3700615484
3498.963778598106,4,2,37,15.282847484251256,3223497.8577183452
3092.352214381157,3,1,34,1.5927013438307092,2808994.998418282
2675.727761319847,3,3,30,17.442093666725583,2703694.9254297297
2781.605679653572,4,1,12,17.724173816551335,2740992.2816000767
3821.8468220060654,2,3,25,11.189928500114341,3126797.7591050635
986.2008221431386,2,1,21,1.4418900516265405,1523935.5281433556
3539.9949126147826,4,4,31,9.585639694189991,3787957.580527909
4541.573246153746,2,4,14,4.292930713974542,3879600.927
854.2680668874023,3,2,10,8.897930643825099,1863848.3386715164
1218.8746926281337,3,2,15,14.51011690524598,1908907.9263134648
3753.180521488938,2,3,46,13.384257866487062,2943578.0215190453
2524.0392522763173,3,3,5,15.621837608106928,2789255.7920803376
2375.613931580229,1,3,45,9.582802538626725,2035823.8331218972
1202.6531919946378,3,1,10,10.26476245811239,1810704.2649393885
2829.7881791582677,4,1,9,18.720215834415658,2760162.690995138
1156.7993692640598,5,1,15,12.660555306920394,2314861.496597939
2697.1300077663777,2,2,11,14.976058549558758,2358716.7509963308
3959.9073154312896,2,3,6,13.323893006984203,3248148.7156802784
1736.3631747035195,3,1,38,12.845659730039188,1885941.3108552934
2715.45914,3,2,26,18.27948877375285,2526812.7126246607
4964.870265346077,5,4,23,7.194067308145903,4888226.704614437
3621.261862757764,5,3,49,8.611037601269961,3858083.097
4301.969793742874,4,4,14,7.657033021448608,4292517.154546782
2425.3294688664014,1,2,5,15.327418423937187,1945789.2840587741
3978.588061753763,4,3,18,17.381550345554196,3716335.942070115
778.2403609418161,2,1,7,7.214297763272714,1374507.143309771
1140.809203185878,3,2,46,2.9327066723502466,1946423.3862502512
1493.5106088482735,4,4,35,9.932721737191002,2737773.787784634
2368.588468306966,3,4,49,19.68813807882088,2610204.3906813827
4321.277464633358,3,4,12,4.153267123845751,4082246.3079440817
2123.570623466894,4,2,32,9.094818667269934,2684561.8564923657
3480.333251468037,4,2,31,5.5005973855605745,3439827.596127124
3720.9828971353268,5,3,27,18.46130978434005,3820938.171
3179.2023579887023,1,3,39,11.063254420574037,2438009.008687188
2171.864659948599,5,4,50,11.617014735420845,3268264.953
3139.034703539595,1,2,48,0.2643988079389983,2388902.293715335
2105.9686082748835,4,3,9,13.090317133498635,2910850.8795717866
969.0444496288532,1,2,32,6.196413186020183,1265266.8791983402
4968.337504018464,2,1,0,10.316985242002024,3442501.9652735093
1159.602795983048,5,2,20,10.668240919045292,2531109.497714936
918.3328888786524,5,4,4,11.885268082749919,2866134.0008886456
4465.535296511486,5,2,0,16.488433872053296,4167671.8889189945
1928.0725079287386,3,4,20,6.048799307728726,2807733.1859141123
3461.3066859234336,3,3,24,5.197611545655807,3371374.0301529183
2047.6252105138246,4,3,19,15.936596072068157,2774753.6019198666
2322.398791495673,4,3,44,14.402499556155792,2817822.3227290385
1753.2970768739046,3,1,8,4.589737263061448,2209526.711280041
2109.393625489245,5,4,15,0.11664349187374584,3642036.861011465
2407.0817625807895,3,1,27,13.352132723357974,2266171.144927553
3769.8307040063087,1,1,39,3.2278427354241708,2490031.4153989884
2850.759254633084,5,3,45,19.144226008006953,3282168.0252607204
4751.686955490699,3,4,48,12.127704939568373,3957962.2970582996
784.2737328906122,4,2,35,17.00807124832437,1841648.3595831362
2813.5006195809237,3,2,38,16.131868213216617,2558785.863630447
3170.589071,2,4,48,11.200174721072216,2885963.959112653
4648.866738726805,3,2,23,8.823179200989838,3697642.703447923
816.2975039342814,5,3,15,9.986288321107592,2598095.903649306
3123.3981737149506,3,3,13,16.079475935091885,3039782.486259955
4355.971685523011,4,1,47,12.844969040345536,3450759.380058912
1664.482003724641,1,3,33,4.193771902064267,1848038.4819253525
4455.686333505325,2,2,23,12.22616688134521,3232992.7472300758
683.7910008,5,1,46,8.152864920828707,2013511.1200911852
3822.8003681884106,4,4,10,1.3198203949564928,4199676.694299393
4705.698173142074,2,4,44,7.687256956014582,3743776.865555063
3491.6697112162738,3,1,35,4.6292704714516395,2942922.3642834215
2531.728673513971,2,3,0,16.787832222304946,2494780.610415204
797.4764724799593,1,1,46,2.1894892922605864,989621.3684990853
4648.5007786195665,2,1,11,7.276406641138169,3288395.174591338
2669.303379842929,2,3,20,13.940290428024129,2520518.7994652996
727.5856750781712,3,4,8,17.958099163032017,2029303.7723827625
3635.2127138465526,3,1,38,6.772802530160498,2956823.224424384
2720.083915735536,5,4,2,12.168126663406367,3771352.3427039576
1147.1193967466072,3,2,15,7.535626842389456,2012520.079629832
1542.795960965142,2,3,3,4.137334594099628,2238324.206704896
883.7589940057236,1,2,25,6.581784239528972,1249916.7303165998
3126.8915747177234,3,4,45,12.754453048302999,3148029.644497119
3336.9297087088407,5,2,12,14.355152838384441,3586034.715691049
2825.2661127639553,5,2,19,7.475051548827501,3432804.943509745
4195.249385211506,2,2,18,3.135387778781225,3309589.855134446
4388.438814,3,1,26,2.8771944958818545,3471348.435
3308.747345405757,3,1,1,16.27102058130895,2788626.1791810174
656.1285107126944,5,3,9,13.100143067082538,2485734.312119014
3659.0104852900367,3,4,24,14.58781305194596,3482421.8997104163
2439.196554449547,2,4,18,9.816258930881162,2697946.016711468
3088.452926196103,1,3,14,9.200663640975257,2554886.108382864
3455.9546488830915,2,4,38,4.301887612017506,3216612.490305513
2141.041103039138,3,4,46,3.4499600939923107,2836194.268
4635.233422755895,2,2,48,3.1628755566271134,3379032.118349723
1189.4894136990374,4,2,23,19.836594084082492,2047685.743272186
3554.6519520365646,4,4,15,16.435745527322457,3738283.983576151
619.1821518089539,3,3,16,12.55997918,1843064.4103951403
4668.464863782796,3,3,15,4.366637940949454,4036572.5911767264
1095.0181862476027,1,4,17,6.8194102707786355,1790793.8058125458
1017.4906126493283,2,3,48,7.080635753307148,1691805.5093628385
2065.2335854298744,1,3,3,9.60570078,2090175.6952255073
2243.6916585719546,3,2,1,8.497736206380969,2611564.0232626754
1542.9203182206659,3,3,48,18.689648364715993,2022340.1099203303
3174.535308079349,5,1,48,14.44411228522824,3123058.326439427
2548.8220313846396,1,2,30,1.7199643553963522,2154684.647
750.3725917807847,3,1,1,7.2631403213421555,1689596.4075678664
2006.4690739233229,4,4,1,2.7459563269547824,3307988.3285268834
4165.90482,5,3,14,5.659155643186082,4364442.215101571
3634.686753392222,2,1,47,19.181970766746147,2363376.879465505
3789.431755751474,5,3,42,14.134744548982315,3866693.905000408
3671.7144659675037,2,1,28,0.2562587013827113,2855404.9770604153
1968.2812940853464,4,2,33,6.644339719606242,2650926.770754866
1038.5212571378138,2,4,39,8.830164566984886,1912330.2553335263
1798.8556097456224,1,1,31,12.089778437752068,1367305.1542220872
4259.8553208147005,2,2,20,10.044567657894541,3193709.225353777
4914.071510245513,2,4,29,1.4884777369983706,4046939.1184871066
2772.926865,5,1,23,10.359394626801285,3128948.457999727
642.6815616613858,4,1,43,2.6921595934561915,1817170.5070658864
1216.1971733906078,2,2,13,10.432075397759641,1699129.9968444284
2017.1545313915694,1,4,27,4.996765338444896,2238314.8770312043
3145.7755338089787,5,4,13,2.9694267516064334,4113172.149976678
930.4120415433815,4,2,43,5.829666488199349,2098285.6091120206
4750.772114323479,4,3,33,2.0824793627734355,4333409.3880105885
2206.3681624513633,3,2,13,5.751276094064297,2587831.477448713
4615.370558869221,1,4,24,17.351960820933492,3305318.981120258
4034.295932130896,5,2,11,6.212696873553704,4102566.946698691
3923.923999068557,5,3,40,9.457418479495225,4037486.5480486914
3269.566151041821,1,2,39,10.44418633,2295572.267053824
3357.8487950281165,4,2,19,3.6479861107557148,3475637.5934032616
3407.2142349514916,2,1,47,8.891510733946825,2455449.8209011266
3366.3741029125613,1,3,41,17.074324319494057,2401373.4831707175
3036.4042181527893,5,4,6,1.7024887680634202,4118825.251819444
4940.221681324711,1,3,14,18.464110473334053,3295501.549299992
3822.078496673063,4,4,8,17.43516002144245,3887008.9660119996
4018.564108927093,3,4,3,17.131007421961844,3716334.8241286273
4438.836386368166,3,1,30,4.051001235842266,3453071.086571555
1548.8149559937362,2,3,22,9.737840610478056,2034323.5838916244
968.7383000182674,2,1,5,12.361493863067436,1376812.1908521021
2724.735521033834,4,2,27,2.0890034878337578,3150260.609
2861.955060724802,2,3,11,11.181225699458388,2717025.934477551
4248.399831779638,3,2,46,16.816859949203693,3222535.6350100623
2552.647748842277,4,3,50,18.737423388467644,2816248.324756103
3111.753312394976,4,4,21,5.638737678237616,3702774.8207370536
2919.1121294592167,4,2,23,5.8459125170665285,3192310.7324925954
768.0922485325207,1,3,33,5.487539285661233,1373968.256657353
3306.9455450264213,2,3,18,3.1536564549668156,3065072.561518192
4243.390457,5,2,23,8.671203700929878,4097944.072789075
1293.0024115335368,3,1,19,15.710930080095528,1701955.5222691752
3215.0596292770215,2,3,33,14.27056394830216,2721791.453776785
3211.886395564223,3,1,46,18.016355091227403,2480289.0140618808
1322.4138418479783,2,1,26,7.179255505927732,1552294.7289097519
1143.2397244152385,5,1,43,11.487163109928643,2191549.5181133635
4912.228549096533,3,1,28,15.354056342186713,3473706.066
2332.364346473365,5,1,0,17.973648751317185,2871382.1163146566
1600.655606383529,3,4,45,17.447910808600238,2291042.5051240767
1353.8279955992498,1,1,35,9.363800129148512,1179310.913320972
3537.447539766234,1,4,42,18.146470890327084,2660467.2701808927
3281.559308240027,3,3,38,8.93670961,3136718.3800257514
3431.629341144637,3,4,44,18.066361137977275,3199160.3659170903
987.2265210503899,5,4,45,15.56171905720465,2622051.7974854195
4531.5521673931225,4,1,6,4.510793651633341,3910233.128768212
2312.7721459598124,3,3,42,18.600386715646884,2439051.256771286
1978.8253882935749,2,3,19,4.925045359582934,2360584.705059446
2634.3903678900524,2,3,19,18.17755724739889,2423316.957101366
2316.2906892895644,2,2,24,12.340670482036016,2156004.853108379
4399.7388138122415,1,4,42,13.380784533293074,3186926.634344577
4688.748290870725,5,1,20,2.2757363120529934,4263532.3372986205
1935.1941523782673,1,2,8,1.408246465940483,1964105.0649746414
4401.317552823801,2,1,26,19.36998638437209,2847931.966828776
4038.7017699454955,3,2,27,6.8048617419420605,3412926.568238224
4695.553758316952,2,3,24,16.902985291922207,3454390.091424349
1681.3013736179064,3,2,35,14.119061458782912,2047942.3757376121
3138.620260532308,5,3,33,12.122353784953278,3626535.9726714063
1807.9961728579565,4,2,1,13.735678047048934,2588957.4435923174
4226.015758131247,3,1,8,1.8788046872079815,3500104.7034257813
623.4264385126827,1,1,18,8.306665401644043,920252.8293277777
3085.204316700143,2,2,14,12.180820172960205,2593658.672995185
2092.4950975964393,2,4,20,17.364502802615718,2363630.4108502227
2019.8083111424091,2,4,49,14.322278257064566,2243131.5085342308
3437.587825005635,3,2,15,5.130864606528319,3205849.5384765686
4346.531576981573,5,4,1,19.700033168829034,4438938.043218523
3280.4597221306353,3,1,25,12.896428157321072,2721974.2160232137
4353.961106045579,1,4,43,10.076200700062014,3225129.457125867
1764.227292276532,2,2,28,15.649438390836918,1793797.7964258448
2885.808160965917,3,4,32,12.093738049051508,3105702.237606246
2582.3607718951343,2,2,33,14.228772068754504,2206277.8626767946
651.2375578136233,1,1,45,12.38095146104314,717672.6677902662
3049.9734298192566,4,3,26,3.658876682212547,3486482.0993696945
3510.7070262431694,4,1,6,10.91278561066882,3271770.7190125254
3204.4233794439083,4,1,48,5.733712954452068,3012210.349
3839.6315546470546,2,2,14,11.44874005967076,2985513.8942344296
3113.8939251935394,3,1,16,2.5975205208877075,2889669.4702833327
893.7011213433304,2,1,8,4.716118596949773,1477201.106836987
1112.3603059727302,5,4,12,16.193579609639592,2836981.478897891
3224.4881411933907,3,2,31,8.164883818439275,2958619.3123322274
1809.9084446840168,1,4,1,13.50831922433436,2094460.7559596384
950.4385677529697,4,2,31,10.007184972220273,2084748.5025363965
2490.2520711736056,3,4,46,6.879875087,2942201.4519414753
3039.0194315680837,3,4,19,9.953987483,3290102.884222764
2046.482348738269,4,3,42,16.292632916461113,2652061.4341442296
3769.908289793423,1,1,18,5.703853208905922,2545549.9988229102
3432.5906756454765,2,4,45,8.486727877172811,3086233.6983835995
2064.4007888033566,2,3,26,4.131407360532395,2384245.165295348
3921.4391271976665,3,4,35,7.088660420476873,3708619.273293613
3454.258187145356,4,4,29,17.713683209972302,3592528.3474775497
3404.759666358769,5,3,10,15.735877991418581,3802335.1914553302
3035.0818834630995,1,3,15,7.534944325590228,2556514.973324063
650.1145395896323,2,3,25,2.7346522228399817,1710037.143442334
3664.6316072983122,1,1,29,8.457403475604501,2382840.6522413837
2254.5838808802887,1,1,1,15.457275871800405,1677819.3411084537
4747.482724698085,1,4,33,0.9716398394618359,3653981.4836641233
4199.132992739704,4,1,40,14.932279552630504,3365593.8234215593
3185.8556659377737,4,3,21,13.63020762309846,3379996.598611235
1709.6007200047854,4,2,30,1.3865139555081911,2641742.9989965465
1496.356530421733,3,1,20,12.749241757224814,1857866.3481706874
2097.693285781216,4,3,35,6.043251354684195,2917654.5339012416
2696.8989517520813,3,3,39,3.6279778746534777,2945562.8364872886
1902.6882441713672,2,3,22,7.759150830730575,2250834.0235753893
2865.6897797269244,2,3,25,4.187216437501639,2788773.4792177468
1327.6298722580182,2,4,17,16.508661979616914,2013314.6146409882
4901.936376,2,3,14,14.865810065820185,3648324.905004014
1074.868041845973,2,3,33,19.616983713045922,1544767.2647663853
4700.554214479237,4,4,21,10.728089443825638,4395388.236467424
4619.743250171858,5,1,27,1.8751958533313864,4202040.626123618
2911.586120005791,4,2,42,7.418595570741646,3062094.0666923802
3789.6051960787713,5,4,48,16.78887727354241,3983697.970672855
2518.6125110793864,4,4,6,7.997577895531572,3434027.615733379
3372.152141186728,2,1,39,9.167935029,2472390.2881258554
2098.5341246529224,1,1,41,8.298220168874545,1542975.5770532878
1925.0996870559595,5,3,23,4.784035932360854,3216542.0429850803
3144.2110591458604,1,1,34,1.5565847052355637,2235646.753572536
2791.770566409514,2,2,12,3.6931504456287345,2626695.1923964997
3149.9600242599167,5,4,48,7.342467246652307,3852803.5853012297
1861.3065576629012,1,2,12,4.984210014923494,1835641.996637298
2214.6144599947793,4,3,30,11.49743047981125,2892031.5385054825
969.1510268,2,2,18,12.316722652147408,1512913.9784449695
830.0160379977052,4,3,28,11.444314889258449,2210794.639318001
1715.2113705612715,4,2,21,1.7898888144826597,2681480.8270953004
926.6861810544013,2,4,40,13.370520367332595,1760605.601284866
1056.608717992859,5,2,20,7.753131745164763,2537914.6421974516
4176.884983733323,3,1,15,17.57535966743634,3126608.216622252
771.0442668734329,3,2,29,10.559725942811315,1694000.5326848074
3499.348293312868,2,4,4,1.7818419102708365,3458710.226555335
1799.2540947877624,3,3,40,0.2834399810610892,2558631.165876977
4434.800995115756,1,2,40,14.079994618714094,2800473.5232879138
2733.966052140998,5,2,5,8.070163651926217,3445252.671136292
1944.5364210424332,4,1,20,5.831117886192683,2520318.7709016805
2877.611317033512,4,3,41,8.998862914436238,3218501.318332349
2280.6152837991826,2,3,49,1.540618595040435,2429168.188
3082.924684547253,4,3,10,7.900488261378596,3498125.495150372
1103.9446206359323,1,4,23,6.362525190215876,1774394.724617966
4986.7582123752245,1,4,27,16.02376387470372,3502576.7467978555
2472.445861865557,2,1,14,3.579594752939766,2259303.9539783006
2132.214814712422,4,2,38,15.150706380209911,2537766.1978563303
3724.9233325915657,3,4,45,10.058010397897641,3500974.3764421474
2201.157388579463,3,3,39,1.7295701867999986,2735660.208658049
4266.406942126534,5,2,50,19.39660311235964,3759944.3269203915
2598.791187185871,2,2,46,14.710772022428248,2139853.071248688
3766.0570183679138,5,2,18,5.275875919051994,3952183.908907234
1072.7941523443008,3,1,49,11.676890443156545,1522532.1854133366
4322.924416442492,3,4,16,18.008717043298038,3785960.7854596027
3837.1591418236835,3,4,2,18.623058660167274,3600791.3158128136
1531.553825232649,5,2,2,14.65004499994381,2727448.930721766
1239.2584428814612,2,1,38,14.580636076594631,1302689.4180131552
1991.6863343927473,1,1,27,5.619488815779581,1613126.3089850994
4894.710578540379,1,4,30,19.796262828722153,3366102.950800064
1730.058928095058,3,4,41,4.945275976279418,2625796.862626258
2606.9597193651866,2,1,48,1.879187976570894,2190569.0182554927
732.0889931562798,2,3,46,19.54986545532576,1309720.105575942
2347.801130091423,4,1,7,3.1416247376176605,2840740.988397676
3113.808067905652,4,3,16,10.480108219209368,3431974.787672956
4793.748295035047,5,4,34,9.418043736138452,4703186.191
2873.6385977362834,4,1,35,16.979299867759746,2686906.2196172643
4204.072235181826,5,1,26,7.993518603281421,3876838.663629602
3007.3616273031625,1,1,39,10.093411052607864,1971485.5107037413
779.4540591162796,3,1,44,0.9703802188146818,1614992.3432861634
1986.0364108350057,2,2,32,4.235962451614542,2112971.874489529
3132.4178344568545,1,2,49,16.676613600282153,2052349.5633271015
4782.613450096947,1,4,10,9.619387927345704,3613591.884605877
4380.173582905427,5,4,20,4.695541228226772,4660848.884992495
1604.7647023869297,3,1,5,7.441256137905509,2093230.1465396718
1568.4832520843195,5,2,47,5.773402899158383,2698446.486
1485.1610553011633,1,4,20,11.168794065765892,1883877.564439581
4658.995143731014,2,3,50,1.1237757626179372,3621694.9747174657
4351.731073647571,4,2,27,4.5769000298463975,3914000.454331175
4009.4871019129746,5,2,16,7.163803418601703,4046140.4006887707
2328.0345025866013,1,2,17,18.571460662908134,1772260.9561394553
2819.275098914574,4,1,10,12.503236369256719,2874245.74
2643.0596770986726,4,3,45,10.134647746689346,3058509.801719867
1714.9516732612396,1,1,43,3.897386730210955,1429201.020130718
2822.1234030545747,3,4,24,11.201275101769946,3131709.117596206
734.1848105521196,1,3,29,18.58729005561546,1115019.522268068
1179.9656433888204,2,1,24,11.369555160856029,1407264.636581607
4500.994223143364,4,2,6,3.3790037334001477,4117589.955007997
3907.3909749382624,2,3,48,19.942668044237028,2879515.044688708
2460.620999859983,5,2,36,10.027265939965192,3114438.099235005
2875.461594,4,4,45,6.459149741,3448220.720301409
2227.9950982239006,3,3,26,10.11718503349114,2646326.766546445
3859.4314155069587,1,4,25,5.347446825266074,3162439.6893524756
4050.423589,5,4,12,0.7044260389339074,4615796.191636214
3958.454837,2,4,23,17.80147363684592,3272870.863814349
3779.491589271578,5,3,11,8.634601173627491,4126726.6892675566
1499.8190902483016,3,4,13,15.082564734885173,2447931.168530765
2087.0679086581067,1,1,8,19.427982059868576,1479647.2312359991
2667.3199139281696,5,1,30,12.68849277193128,2994563.019629777
2055.489162281685,2,4,3,13.863165138070856,2500154.196483743
3921.7368806966474,5,2,18,18.870494857197386,3758131.461308693
2049.1555066998008,1,4,0,10.379433475729792,2281662.0019396218
1208.2211818554836,5,4,28,6.466007570195351,2999463.3576281522
2355.777989012538,2,2,44,18.435546707403184,1953850.9784625224
4911.623504242473,1,3,5,1.472982764680966,3666025.014931935
1593.878216907734,3,3,0,4.370698279421883,2574198.0609697467
3293.498099350208,3,4,24,6.891166481054636,3453598.638158329
2505.0814192947078,4,1,26,15.66402126049477,2573933.202541776
912.5080976570372,5,1,21,18.087638789699202,2054174.1911388517
2746.6570663914617,2,1,16,9.090552340239896,2276190.4044952504
3689.523046052575,5,4,28,5.7939410643306095,4253555.619843993
2858.1678936424023,1,1,2,7.128893413925321,2141178.996647012
4437.266680484957,4,1,16,13.165291553292265,3640000.427280951
1871.3228732933637,2,3,1,3.2443416204112445,2430447.522342774
979.4963537374457,5,4,31,10.993872638837196,2779543.6421962962
4720.888691295227,2,3,21,11.810021630569734,3583916.8311405363
2264.063937924164,1,2,38,14.186329433134983,1722978.2984036996
3136.184426395987,4,3,32,12.117568374849116,3330413.763805329
4084.813754972862,2,4,21,2.0294168671760358,3661491.458247228
2026.9801210525545,1,1,46,13.807097865646616,1372021.0213176624
3751.123967981489,3,4,3,0.5327738697328905,3914579.4247004045
1195.8429391984434,2,3,37,7.867145191879982,1820251.4838659395
1881.6924877042231,4,4,12,8.399552460501365,3077528.1127464017
1236.7267990006876,2,4,22,2.4209465916037267,2224617.385772587
4169.414456965975,2,3,12,0.29615707476392106,3583457.005092026
1579.6566349978557,1,3,19,1.5161206428232372,1929178.8227467805
3756.5756437829255,5,2,32,8.981369251,3803333.354966638
4750.512947880871,5,2,33,4.883049415158298,4377268.403741587
2922.197719903059,2,3,37,1.4727099162821682,2811317.579730204
2976.1284459470257,4,4,28,5.2024676778572765,3608687.787520685
2628.547699630373,4,3,31,10.623564853335724,3111475.470852789
2033.916630932028,1,1,10,14.868562895124112,1534259.975667849
2692.882136069635,2,2,17,8.298826805264405,2460137.450033847
3252.3531419737415,2,1,44,12.301664311494326,2324816.2028613016
4938.362917550901,5,4,20,11.97561701598443,4794342.036560079
4726.164061000187,1,1,11,17.936658703847243,2814021.774527466
4393.4730164897355,3,3,38,3.6699460349260637,3798010.505650664
4512.174357101377,4,3,19,9.580965826,4134140.780141388
2658.536406484989,4,3,6,12.673411657198605,3210472.888
3492.7550395808453,2,1,26,10.442474268587878,2572200.9525229824
4538.293580919342,1,1,6,9.061797558650845,2922583.7573909718
2328.9833659619535,3,1,1,19.47183375608346,2234727.9259636253
4831.754904720063,4,3,42,18.846075305961655,3993628.8643451156
2429.458673104405,1,3,32,12.267963356552439,2074042.9875254713
3244.7637277301487,3,3,20,8.847556616,3210103.6496448014
3723.1407383984365,2,1,28,15.132104214000679,2583601.203023522
4782.604857534128,5,1,31,10.30740145369391,4094827.3177975034
1676.3116058299706,4,4,44,19.91183546674237,2584592.0116844554
3882.976304250026,4,2,11,13.750152174928795,3576158.026730755
2891.5885790339617,3,3,12,1.4563851869731237,3221339.503881836
1781.6514187308208,5,1,38,8.098022022572414,2603538.1870182795
4017.0700951041185,1,2,43,14.632267486521172,2565562.6159259533
3029.778032764925,2,1,48,16.86314796,2102298.9752677074
3508.2848108585736,1,1,39,16.286053049461284,2098094.2625443786
2020.7647017427644,3,3,2,19.547030714255285,2474114.654690594
2717.605388041462,4,2,38,9.833497850350929,2936805.655
3316.358704347495,4,1,50,2.887334140003002,3115105.587478005
2381.6075827873137,1,2,7,13.0796393,1958883.9234605602
1472.8391753298858,2,2,45,1.507903252456702,1845934.4407201263
4831.218166187337,3,3,45,19.473113755744507,3665819.726083096
2850.457176187517,2,2,1,15.194808097835073,2481005.3442413746
3829.2496292658825,3,4,5,19.644752093889707,3561402.6908594645
2408.6076516466555,2,4,47,7.607334521237139,2581830.0535029024
2162.579761713152,1,3,40,0.4143542305545183,2137675.7143498026
2391.522913,5,3,14,10.47366499227516,3380961.0748864897
2400.465232656859,3,4,50,2.5115471,2964674.5924418774
2994.3925101445957,1,3,46,13.624591164170726,2259377.35
2991.267427917998,4,2,11,10.001273356476135,3205281.1649337937
2787.4767898846353,4,1,40,15.09359482708018,2656539.4165050318
1193.0574536367276,2,3,47,5.892268979187092,1808356.2653389391
2782.732105402337,4,4,31,16.60039473,3269031.0761999683
1344.0571618508666,5,1,5,13.051328854867254,2450674.921932406
1154.9974597013668,3,2,26,19.755423486028064,1717063.1782344393
4703.641156301138,2,1,46,3.6532849473786397,3213427.797307314
3261.7800578498986,3,4,12,1.1183377714059277,3613196.1916011483
3501.756255748171,3,1,22,17.035893772793003,2764833.170522543
2367.8921494668007,1,4,9,6.835180595711504,2466915.3809234877
4599.515924425403,4,3,13,8.681802643743046,4225794.827442158
3406.8941541505283,3,3,2,18.520798420092678,3187704.0267777285
3984.347425903785,5,4,11,8.869866556044267,4424449.299935325
2221.6748637219407,5,3,24,6.030579619,3334898.7575867507
4824.052275604152,4,2,0,1.2839603421061914,4351019.849064269
4210.029676696586,4,1,31,8.914413243492605,3536399.4915827583
4357.3732372639915,2,4,23,13.133535366294604,3565688.829410421
1357.6547766733188,2,4,47,5.456583649,2099368.6334615634
1792.238114633366,2,4,41,14.383810006334253,2168115.7752943155
1856.757038607739,4,2,8,9.617452565845838,2660702.386
1792.000582286233,3,2,49,17.17633511311057,1972146.5069852225
4363.795913258867,1,2,0,3.3185756982922054,3180199.3607679065
740.2930989178053,2,4,41,15.165885298974631,1626501.7615837276
934.8399515154069,1,2,38,18.65779627656887,968936.9683306434
1805.2254307715764,5,3,9,14.853818929617388,3025209.254897758
1479.441088457552,4,1,43,8.178152848,2125830.4053741004
1620.1823010845328,5,3,42,4.686069762191845,2971042.673402747
4110.950033,2,3,40,2.057511592293975,3378997.702615698
3077.7570131250063,3,2,29,12.883156985257074,2800888.284961679
625.3909096890592,2,4,4,2.9428008804707066,1998512.3553394326
2489.020169098459,1,3,3,16.782249911011597,2158538.0044333152
2394.6936781415793,2,1,44,19.218673119639334,1757646.2947823203
1101.3591855559914,3,2,7,2.802204647033956,2124308.417941634
3575.0238698464113,3,3,15,7.583453729036545,3425515.778446792
3689.227628869761,4,2,0,18.751714898838458,3434252.434562429
3771.930164,4,1,48,9.467021185380036,3221297.5763113317
3805.272160457805,3,2,14,10.754779521686093,3282213.407899498
600.2324385021059,3,4,23,14.975568379380183,1950277.7697677666
4797.251536925578,1,3,14,4.289614877084383,3507506.3890254186
4182.518575040517,2,3,49,19.585066507897285,3019230.8754666303
4577.519464992855,4,4,5,15.639582267052905,4315641.005259686
668.8304993527101,1,1,1,3.3113300591955794,1127861.5665967609
4708.978701457253,2,1,4,2.3102845856585597,3452956.577119773
4163.069526,4,2,50,18.705589117054938,3422095.898877049
4283.764229018274,1,3,38,13.732053217549959,2941913.968262455
1010.4644927766615,5,1,40,0.8674893918500478,2352555.3766556475
3850.623327,5,4,33,2.925545688416472,4366473.667956903
4823.633434,4,4,38,1.0518019799944696,4565453.595717029
3585.6083022399066,1,4,31,19.484225957736722,2712792.550069536
3110.4701803482685,2,1,28,10.00723289445829,2379763.350389286
4760.770582095587,2,4,28,9.296753929371892,3819123.130564673
2548.9233356315185,1,3,23,19.119997446959236,2041734.636980892
3236.8916917661063,5,1,45,10.142256309822733,3255273.637790916
2695.8884913752113,1,1,30,10.403321454498553,1854550.7347019517
4704.5233739853165,5,3,23,19.683533550731337,4308263.934082349
934.7727978,5,4,14,2.3175011132711543,3015709.295
2804.926683631532,2,1,11,19.716520456080996,2117805.8507984634
3622.590742095929,4,3,19,3.3969902064360262,3813028.4850235614
4084.388769057842,3,3,3,9.510938126,3701648.540114448
3165.282049,1,2,12,6.818512224464567,2450943.6979921265
4599.238074134398,5,4,40,19.11288284711253,4382034.298229266
4744.7623662890355,1,4,43,9.761515845542416,3426823.7843379867
883.0045820517674,4,3,9,0.557988884,2550015.4314474445
2370.430373982047,4,1,40,4.511653572450377,2659655.033646334
703.2196955730795,3,2,22,8.673159717115402,1732819.571548549
2049.433292447549,3,2,6,13.560169111816847,2388186.182091755
2962.2201590706495,5,1,11,11.281869667263486,3265145.6042943727
4607.497694243775,3,2,47,17.01319494535874,3393157.866
4324.839018847772,5,1,14,16.58582840185503,3825375.8594911033
1160.9987973567372,2,2,6,11.85113508039697,1678149.6151747466
1009.3336488599411,5,1,7,11.469167235494126,2304956.3978244057
3192.776290529335,3,3,6,5.635477848550514,3318351.5063979747
2941.319078818644,1,3,42,19.162326713390712,2142085.923245825
1772.0616222921049,3,2,3,1.6293416209997478,2503116.8968303753
4557.593572036875,4,2,49,8.000902143139928,3838451.6612599567
4680.412201630836,3,3,50,13.250634203557961,3689866.3348485758
2371.4903286967156,2,4,6,18.918695691705693,2542044.1686185612
4517.331251299489,5,1,44,10.08044243062188,3901729.6951416247
2289.3751347570796,4,4,40,17.92879459748178,2950784.5935332216
3841.9940600506807,5,2,29,2.185515582122115,3996959.6364872158
2694.145757209986,5,3,17,10.678525077138739,3513175.295166536
1139.3658886316052,3,2,29,6.389406138846674,1961567.7396431866
4682.910485442895,1,4,6,15.93436556195686,3457440.849586628
2598.0250108611613,4,3,47,8.955396756848181,3049577.4883979345
3831.742977418576,2,3,22,9.557524474194492,3179393.917329716
2215.5647834976853,2,3,36,1.3891636810412817,2464672.0362323346
683.0758657354326,1,1,6,8.816400218651937,999882.8465989949
1042.333578244078,1,2,37,1.708491068955686,1366669.8858472425
2783.3657097556675,3,4,28,6.061286149997754,3195130.049982196
3635.8431713559944,2,1,33,2.6249412307834294,2765095.679166646
2072.835436948828,4,4,38,6.756170396303442,3075967.228652663
3660.1492203816615,1,1,40,4.625028061803594,2402246.9670590763
3673.9965935006067,1,3,44,5.775081083282562,2766169.5931889694
3697.3179922424556,1,1,48,3.0528782180091745,2412274.3498653616
2767.096157690237,4,2,48,8.848191498991788,2931257.1669695997
4625.4990605346175,2,2,46,10.001771822094087,3247387.011929745
2752.4646791147084,4,4,17,16.749289093961885,3320919.475782434
2581.166851385208,4,3,46,10.82262551,3008803.8335398133
1477.2756036467588,3,3,42,4.652274827177744,2300265.223384142
1953.6823843678806,1,4,24,14.744324362976673,2026627.623028724
786.2717670805347,2,2,26,6.01521026,1507504.5964400964
3387.555291911149,3,2,26,15.152291276264991,2925404.7385345926
1693.5572732792086,3,4,11,7.804564758301425,2700360.259577893
1938.2831197360465,5,3,22,10.322133745465074,3117371.803063039
3991.583895323013,1,4,16,10.124735804994895,3177970.149665926
2039.773205910397,2,4,43,19.117153204465218,2187216.456970211
1665.6619248578256,2,1,6,3.1579397718060997,1904345.0850971083
1343.8540961883052,2,4,23,18.777256411313708,1946054.8379721956
4009.376969600606,1,2,6,11.283572888043357,2813689.9451437537
1170.7075351561182,2,4,28,19.874402769256225,1812538.6302972517
2596.5165451015555,4,3,27,11.505451692772523,3097822.1567996447
2830.4925107396552,4,3,22,13.161884577057105,3206681.481933003
3624.5156158171444,1,2,9,15.016526641635286,2531600.193180184
3386.447322,2,3,15,16.453604667529678,2853824.485886314
4167.170960958769,5,4,42,9.603515833981302,4346188.081904075
796.9063092754478,5,2,47,13.604018352976745,2156045.705682507
1904.3391890293476,5,3,33,12.33617161845125,3005119.080249966
1832.590122611671,4,4,24,8.201031241742541,2996947.354575302
1242.474384605276,5,3,1,16.433872566639174,2752232.6590741724
1872.3843169683498,2,1,49,3.929726209032224,1777270.5524078477
1962.967382228775,2,3,4,3.425901156409811,2457638.586090509
2896.2916324809044,5,2,13,14.755120468482641,3352716.324975117
3520.2997072755265,3,4,30,12.785957742941099,3419103.616883259
2276.842259891982,5,4,39,6.421443264173768,3479665.182766833
3765.6690177788773,3,2,5,12.739085099878954,3267725.724996177
2079.127489750152,1,1,27,15.435879049431016,1460519.081990773
1877.2481801849456,1,4,8,4.417626946286244,2274944.469271065
2981.2274457709073,2,2,5,11.669743222916308,2596891.776531445
704.3519853454786,4,3,16,16.51085142030052,2106631.8823710466
951.0721439896016,2,1,39,8.283646914685502,1279536.0518054082
2439.065991780719,2,2,34,11.477560480682161,2184654.704381034
4748.815930123728,4,3,11,1.662860515022127,4450823.672865739
3774.651831311064,2,4,44,16.626327680407297,3099472.2801517034
987.7569058024541,4,4,17,15.942914740888448,2454693.0761877755
4323.799256235844,2,1,42,9.179463615,2932983.2739295857
3822.1233906759962,1,3,33,2.4730433627459285,2961273.7461873973
3288.164713091674,3,2,45,13.241935803374872,2818916.5585826566
4209.289026680381,2,4,0,11.502304384273014,3639271.343759048
2378.0833300690115,3,2,14,18.39764995968889,2415761.5839450452
1574.6046237569522,5,2,17,5.668189743101819,2853611.435120757
2852.9029120785412,2,2,21,0.7432966409187242,2671258.4413252133
3014.903724611285,1,1,17,5.169318239950068,2183738.415610958
2968.636036843613,4,2,48,8.615348889722956,3036683.958731665
3086.3246825124634,1,1,0,3.1933443481433326,2343968.3723976826
4774.301640252395,3,1,45,19.59672538589295,3234889.2305126563
4569.880741623418,4,3,19,4.525581417192117,4264101.660572184
4453.154960859333,1,4,47,13.58943100112201,3184461.7785115438
4126.233968,1,2,35,9.136842458,2770053.052933577
4751.083671967255,1,3,37,11.147442311050817,3232265.9078669287
1033.3764233893744,4,3,24,18.660331848139275,2188154.4928362193
1766.5423503612537,1,3,15,10.677921448877681,1859385.6643073906
2778.2461608801736,1,3,19,6.1740071486435735,2435315.8555715326
4324.751769742983,3,3,37,4.494204719389548,3752164.708588018
2822.729130700023,1,2,46,17.850658114283664,1889024.3211686553
3891.352853,1,3,32,19.735828806863793,2655632.7685185364
1211.4235830952314,5,4,6,5.1114599620095404,3138155.510411742
1710.6207770968647,4,1,22,14.466481388917288,2220653.678874404
3819.8148181657584,5,1,10,10.164474468062751,3721290.837825942
1324.8296391059857,3,4,32,14.001801659385503,2287051.704
2145.9661124816776,5,2,39,19.287869998135815,2756898.574
1765.4115343797143,2,1,45,5.594125895582816,1710496.167382518
2139.3914545789053,4,4,4,14.824925042986838,3117870.1445340333
3716.6258159430695,1,4,44,8.815141531580437,2926682.995444244
2218.5275970283246,5,3,46,13.085428856005976,3082228.139
3043.158619474937,5,1,40,8.192373126104286,3222404.7653197004
1039.7002590394025,1,3,7,14.195886005302935,1465605.3275179598
4142.077850232362,1,2,50,6.8162814087179155,2749386.215
2227.5099528517494,3,1,16,9.818266442095494,2302062.5656882827
3453.5502997467065,5,1,50,14.20499353,3257348.197306851
3791.7142473120634,5,4,17,0.9498652780559884,4456532.736199229
1522.5080572914817,2,1,49,6.628981672350145,1548347.3133030552
4492.569934,2,2,26,10.969075582272314,3261576.3733562413
3311.386707070593,5,2,30,1.5752900435264616,3738860.4707690845
2486.3906237065185,2,1,3,14.092819742919449,2111011.8350991877
1402.274807744166,5,4,1,16.284410434184768,3035122.1132927053
4746.1241267653095,4,2,4,3.350213460280997,4250730.712281352
3922.3000981791506,3,3,16,14.695913721099588,3451904.692771901
1515.308076026295,2,2,38,12.95938268173262,1673139.3024828124
2085.927408786588,5,1,31,8.276481729375794,2787106.987910095
4162.566735587522,2,3,28,3.3832638276917097,3438291.0093442444
3660.9817181474914,3,1,15,19.10207940945534,2838122.1889889566
3969.4508879491873,4,1,0,9.333818452,3562721.993048858
2541.2848497369027,1,1,11,3.7545047004746506,2005225.2489632757
3752.4955556255345,1,4,18,14.391468490790544,2963091.3261012738
2300.572381,2,4,8,12.197169315435977,2631015.722096208
1529.5568345280642,5,2,47,16.342339999024205,2467604.5353878657
3383.7789533019836,3,1,6,19.922324562878696,2728115.903497735
4894.461272634694,4,3,29,0.9928566089505999,4447046.422242653
1966.6442741394503,4,3,14,14.812383602657832,2781747.3831208865
2628.2662057351745,4,3,43,19.783704693223747,2868131.927
3565.6060327073556,1,4,3,10.81080961534575,3016259.7421510806
2982.6276413389464,3,4,5,14.342470879424374,3244137.3211853034
4311.082301119816,1,1,37,8.878099248347402,2657652.0836972776
3951.667908,2,3,46,7.199796908769428,3166510.9341618638
856.5076969943709,4,3,34,13.959516027554393,2143736.446050415
4993.053429264605,3,4,1,19.762979141740388,4160940.0499018123
3910.570796365656,4,4,4,1.924161672137748,4261475.0828443905
4401.174591694098,1,3,7,8.50021746,3260255.864743435
3465.269933219524,1,3,50,18.818314178315923,2370941.601147761
4367.654563405754,1,2,29,2.3446860217013823,3056606.479373167
1094.4850896863213,4,4,47,13.053572899783008,2415844.004951818
2130.0464764609887,3,1,18,8.660279732,2266490.561704123
4456.252151859768,3,1,29,7.600159108,3395795.811877475
1487.2829295743259,2,3,30,4.267851504,2072957.3528045285
944.2652338,4,4,15,3.609052026554262,2689624.494449282
4067.7233357589635,2,1,37,10.374105323611918,2806052.479511561
4276.139084830504,2,4,21,7.611000541859622,3645522.449682377
1315.6697600355626,2,3,32,9.881733239033043,1864873.1333414377
4359.122324243948,2,3,49,3.9991554267896774,3419250.971690498
3621.7783006275463,1,3,21,7.069014866205629,2829181.771093978
2888.363806152969,2,4,7,19.92871164997929,2775280.5881812163
4253.100848238094,3,1,36,7.424609479487652,3262731.1526336116
2444.6966970034496,2,2,11,8.312912325,2365763.0201060832
1453.5734073829478,1,1,49,0.49553363871504597,1336548.9490214903
1853.351777,5,4,4,7.678433357325539,3417780.1395011563
2822.721680490585,5,1,24,15.29148768814397,3050204.0045867306
2937.855487761973,5,2,28,10.360376241540484,3386393.137154494
4144.555636341428,4,1,12,13.175203785449423,3513446.660566043
4081.9519840702715,3,2,25,11.175387555001988,3357141.1590394136
3158.0128517001294,1,4,21,2.1992721014476686,2894693.901925429
4035.456126808096,5,3,28,6.709673389154714,4208207.513725271
1443.8032164921524,1,2,11,13.915238332145528,1453269.7597074828
820.2839192104951,1,4,47,11.00398419556839,1419735.193798197
4443.988819592681,4,3,45,13.531725273001683,3891032.8224406242
932.4397725561861,5,2,42,7.267591716236429,2375540.9700576817
1685.4290908735882,2,3,27,3.9544127787491017,2193299.2079661293
3659.403378347292,1,1,8,16.613299333638043,2322108.620605203
2401.570926,5,4,9,7.588393071882021,3668690.5194467567
4455.781467628239,1,4,47,13.13471878225693,3194869.276273298
1911.111096513986,4,4,50,7.6868026224504264,2916492.4139123023
652.2339253451809,4,4,41,18.55234578980313,2114742.964980845
1922.884818467274,2,2,25,19.839592361033876,1804323.480117277
3143.5302164132595,4,1,35,13.013683132982745,2901164.3636512924
2254.1288517744906,5,3,39,12.082809060530582,3155081.1627809512
2953.440125338523,4,4,10,16.832456893772743,3454743.842898124
4457.031722874082,2,4,5,10.373012725502635,3760728.5250313063
4614.934238613621,3,2,3,17.40316742040584,3609076.689003011
1770.2858844780933,1,2,26,8.317471932,1653466.4217001304
2633.418082387563,1,2,23,0.7347520564790705,2251686.9181685178
3016.2336670623854,5,1,4,18.539147720340655,3182006.7972286968
4776.094810308287,2,3,49,14.458416574660383,3418551.9917652532
4993.916204323293,2,1,2,10.264265706630287,3446345.706133358
1635.791894902717,2,4,6,18.90338538485976,2174501.1578584807
3798.7114339215877,1,2,23,17.74668408728476,2494094.953319416
2263.336673826059,4,4,21,2.257676947935013,3346187.716058647
635.6760662993382,1,3,11,12.52550915284177,1277000.7681971511
640.7110987179703,1,3,34,10.808272340946491,1198863.0206443726
2626.490433273925,1,1,16,15.551828057484077,1786881.5735915983
2748.673617219072,4,1,2,6.085281847477805,3007304.0897642975
699.3066649231477,3,2,10,0.26150148343044094,1959096.2208972822
3622.4806338069307,5,2,5,3.7894520614215943,3975124.193779351
1893.6149098177937,3,4,42,4.297717620947387,2715526.0205942662
3063.5296467581775,3,2,35,5.899185797752755,2903454.0255283513
1924.0439219278426,1,2,16,7.470817681346583,1797278.5254413069
1335.3909854249516,3,4,21,14.160440399205063,2344159.602832692
2391.564449835051,1,3,0,1.5774730119216687,2428905.6827834095
1622.0028050782034,1,2,43,9.782290785653068,1465028.5049303577
2953.1242984443393,5,2,2,10.023009259326443,3530774.882139958
1474.8455332605117,2,4,15,12.355808732650145,2179979.5100815697
2836.986297236359,1,4,34,6.279894400122848,2587568.179
1292.4654654230173,3,4,13,5.269799020570406,2540509.6704044184
3552.2887217374537,5,4,48,9.729309722871415,4006231.084515616
3917.325811542266,3,4,50,13.226198979658818,3508811.844282274
1085.7346306997085,2,2,6,0.9873822187894491,1857792.5890783826
2658.3306129642924,4,1,25,5.942278648855898,2849992.651609346
911.8354828814438,2,1,42,15.767475267171376,1095241.1542016116
3232.0027603848107,5,1,47,9.735371886201525,3250966.8605726925
1763.3789108904396,2,2,30,19.04133348767972,1715535.7037959427
2921.5476100903147,2,3,23,17.36408041242131,2563165.114901049
2876.828441290881,5,2,18,6.944505076169703,3474197.037226364
4667.159123252722,5,1,36,14.552792810355031,3927196.6235235776
3015.9661793023806,3,1,0,5.558738874500003,2861481.2302655075
3165.1933107605887,1,4,24,3.5884001482157277,2855501.5705202976
2367.273753363273,4,4,9,17.632305292283768,3150663.6889402787
4775.950254004394,4,4,17,7.069960672759515,4526248.8316513235
4019.6180015342825,4,2,41,4.148019049105818,3686521.5378893428
1855.7832773325028,2,3,0,19.30303234301165,2106503.909910336
4314.522177415421,5,3,28,0.7174732451809959,4467584.541908407
2502.543984814396,5,4,12,7.401297059225072,3707918.969327014
4246.135431547813,5,3,3,0.8645160944961304,4555450.311988302
4220.707500491409,1,1,11,10.13159590880964,2717394.750173829
1431.0288217565594,5,1,47,8.083390880670452,2383519.511369188
3685.0209780877385,5,4,18,14.44131055453872,4128357.1960574123
1878.829064948737,2,4,25,19.085286324958002,2197381.7240795256
1908.967748,3,4,43,10.441807898958631,2595320.634109015
1903.9315382745551,4,3,37,5.779451591172763,2816049.655
3792.500289263772,2,2,15,17.45629521224464,2836797.1584913107
1611.2345838871588,2,4,43,12.130341636970172,2112683.3773084935
603.9856751,2,3,24,11.114342469671856,1524378.9062522787
3747.0421553235856,4,4,9,3.852635765652597,4116141.2804530584
1353.2128728745513,2,2,36,0.9077711180750825,1843123.9321800913
1059.7225393544725,3,4,27,9.281958402,2273895.0197381545
1645.0709306138647,5,1,27,10.608133846250608,2540045.7064862377
2271.5622982198975,3,4,24,2.629165126010214,3027870.7646940616
2693.987840882083,5,1,24,1.2819929170526776,3266026.9802043056
796.1081791355756,5,1,50,4.399998960718606,2124727.028457733
4870.522663560386,2,3,11,1.3556564764937564,3917821.120354635
3750.6774350460555,2,3,7,1.2171515102532864,3380668.6054222793
2022.053887427079,4,1,35,8.938907965479897,2421921.7025082586
2002.2679320557481,1,1,38,16.223859288745754,1351329.6983572762
2573.587217221221,3,4,23,13.313365730510652,2970199.212104715
3355.477220157345,4,4,22,13.620331779836635,3660004.892586258
1244.0414929914582,4,1,36,5.322487618989321,2100243.912
1431.2911805657902,3,3,10,0.32097328030564176,2523899.0427810997
4381.512164467624,3,4,16,9.067867167809808,3994071.656981933
1727.5216651119192,5,4,27,7.604770622276028,3241338.3382147565
2272.857991090781,1,4,2,18.94997648537425,2212102.383942223
4433.596144180515,2,3,1,1.533188296349003,3745807.224267595
3517.850449359219,1,1,50,15.550744524672949,2062583.252290468
2103.532269103429,1,4,28,7.769781933778471,2221043.413980462
3608.2780011883315,2,3,33,16.609434566641927,2871623.2273656446
686.6061476782203,1,3,13,9.948667136909165,1344002.6492052441
3836.827704050007,4,3,32,16.42798599005127,3594527.050328295
2742.8705782714537,4,3,47,9.390282526245594,3113302.5567151327
4178.001448051629,2,4,46,8.097004219597462,3461733.557738183
4800.405668828461,2,1,17,19.277799122734415,3094319.77
4673.469617776101,3,1,28,7.440276073790629,3512602.2055165553
4600.766191203499,3,3,1,16.125470547095116,3837546.6027641646
2853.5478061091035,1,1,10,1.433948786,2212767.8454409516
2184.6253022113274,1,4,30,1.3467074990316938,2380051.4192293473
2646.155429,2,1,48,8.818353054748147,2071383.5714168346
3635.5424145787874,1,1,12,11.752846452277407,2387387.1963481633
4489.590218233222,5,2,43,12.20980639714569,4050271.899278015
1510.739733200526,4,1,25,0.8240831197938215,2378561.122308704
4640.049897231494,1,1,33,13.965125084688443,2740395.365026295
4186.793020667512,1,3,49,2.6855274021316164,3059358.8803954413
4906.966466784233,3,3,9,19.11136510159646,3890928.8494645045
4473.107802439424,5,2,11,6.737620218074422,4311474.415
1831.7242506443893,1,4,48,5.302756126557354,2034479.9208953648
1066.2060099138098,4,2,21,5.896193745650736,2274852.0481482074
1093.8607167629898,1,1,45,18.753333463178002,811536.6072222522
1881.3826017444148,2,1,30,9.708540089306428,1761193.417190396
3302.4083855319727,5,4,18,8.750127036778924,4050874.5701347254
4139.009434827559,1,4,44,11.361374540494108,3086950.144708215
4556.701350718885,5,3,23,18.62216187051544,4255580.356053451
3344.514891224624,1,1,24,6.235963272301183,2292211.0982706062
624.7777760914364,4,1,34,3.698318206785041,1833095.4420143347
1419.7938166815475,4,1,7,11.950269562346865,2200564.435198154
1038.795296954819,5,1,4,9.884327968529675,2366384.0072111334
2198.627692503644,3,1,21,1.3331684834831048,2432323.3946864773
2805.944371988482,3,1,27,10.486552764862079,2522914.0488013173
790.9475857456678,2,1,11,11.292115736053056,1279304.3962560901
2133.3030935008833,3,1,32,13.91359714253986,2093052.5220039617
1388.3905683514195,5,3,15,19.911287383888727,2685642.4546022527
3447.1087315390455,3,2,25,8.489460875168204,3093438.066370476
2642.798425027096,2,1,11,10.253045132449206,2226011.227968882
2779.3976465091987,1,3,22,1.5925460093043613,2512520.8211728297
2481.8438673472288,3,1,48,16.648602544644994,2132622.800885032
4806.4867261408945,5,4,25,2.053300365753288,4901850.273859698
1544.8345505348782,5,1,40,18.683217443638792,2263425.8444989803
2873.322743313047,2,2,12,7.035156805344762,2600631.153653946
3838.476420807478,2,3,22,6.817891113520788,3237553.306237641
3050.1154177920753,4,4,30,6.639318715829315,3606944.252683769
4687.691897153924,4,4,35,19.014742957067572,4153224.0075399284
2263.0607648216505,4,1,26,19.60414535503658,2374120.393414411
2640.173545401983,1,2,35,19.46748429338879,1820410.004937533
989.4981869448051,5,2,46,14.125264285086022,2246916.7258749995
3279.596088628485,4,1,41,2.3100573792213197,3153269.814834134
1868.1326611716665,5,1,22,7.788608319830193,2732967.0822935468
1305.359773868503,2,3,37,5.857253357675325,1915207.7378850623
2995.9376887798358,1,3,2,14.196951814884908,2468702.7261965373
2942.1651588716068,2,1,29,9.903824261651621,2292679.0123070884
933.8352213858092,5,1,31,12.368376840565663,2129222.9919859082
3672.1479953756802,4,4,14,0.2737484070745204,4125271.947650667
3344.5976388637528,2,2,37,15.678994835670569,2538391.8408227824
1431.6760440845876,3,3,10,19.04583155,2149594.3091461957
2665.5133934777928,1,1,1,13.42052845752162,1924019.0456927812
3769.420832505664,5,1,25,17.053554195329845,3483312.2504505524
2929.5172583816166,4,3,33,9.617182734963999,3272087.8925958457
2340.151935207709,2,4,0,0.5021407778445588,2924706.0701512806
2018.289215556152,1,4,10,19.81033752411253,2027610.775400143
3285.7330132338357,4,1,4,1.2707597848535839,3362124.229024164
4732.078272565059,2,2,25,3.936206655230826,3526987.9212822304
3555.677298100927,5,2,5,1.1435589966403081,3994640.387221975
928.8819759997882,3,1,34,12.536672170526801,1508380.4626936754
2627.0138833213887,3,3,4,11.70629496370293,2924053.960490953
4519.626178646761,5,2,8,4.272426118073878,4399037.485
1015.6346735247823,1,3,27,19.137399501878598,1254742.2648291364
4951.053133,5,3,18,18.278377285020433,4484631.9391065035
4775.905332039853,2,3,4,5.6682201659678295,3819261.180804888
944.4077152114538,1,4,22,13.211408805048974,1562648.5996090646
4707.018609978042,3,2,43,17.119143409780968,3460799.3548977193
2197.7833971416335,2,4,43,7.259982321277016,2503364.9702495937
4316.720335133795,4,2,15,5.146291564475437,3945107.254381706
2440.8866859383947,4,1,6,5.198179853788167,2851152.6639977517
2539.7624958910696,4,3,13,16.427084101825876,3041012.484013335
3390.6696003011875,3,2,21,9.315097327050621,3068705.771713899
4007.7006448143266,5,2,8,14.33522683231216,3941818.7038652375
748.6722642,1,1,46,13.040985689883518,748189.3364
3209.886380319391,3,4,22,6.193891498746144,3435738.278
1421.6251740284324,2,2,42,4.240726390865566,1780670.9773012223
2122.177878598093,2,2,3,2.603131652543154,2358699.2243525004
2131.0621310829524,4,4,42,0.5753238067420832,3208697.5075109517
2663.865496973076,1,4,25,1.7170026978759665,2637265.6126333363
2070.200212255163,4,2,40,5.199308821753137,2695786.8477968364
1072.3889211829382,2,4,5,14.300632156029772,1989854.7355751907
1240.7664495119864,2,1,30,3.182886830201641,1571398.4062562776
747.1271364688298,5,1,16,10.515567979015273,2147925.1267584264
2669.095975446519,5,3,8,4.978128160653605,3659658.3426145045
4799.569857,5,2,26,10.285014657505291,4328757.553630787
1108.9709840517128,4,1,5,15.025222391783167,1993653.9622945103
4763.563769213561,1,1,5,5.393024476188081,3113594.3131873365
3826.7906648212115,5,1,3,7.023186354,3822604.523444913
3404.994732910318,3,3,42,14.487711302370672,3067416.058512063
3439.2221234236767,5,4,2,10.97212811,4154841.418
4237.601652943641,4,3,23,1.9818758664141687,4128836.2272478547
1070.447403271214,1,3,17,15.187269958012271,1411151.220579679
2820.9190236883837,5,3,31,5.621035952,3607711.7109063943
3667.2010083473374,1,3,47,7.7626489173832365,2708020.443930322
3182.009958,3,2,20,4.979020793371909,3056097.4813987194
4264.227912502496,2,2,47,10.912804707388934,3043530.780207787
917.9955196499466,1,1,28,14.184589222229993,899978.8934846907
3639.084574,5,3,31,16.084005592069616,3807535.0931610903
2949.722013692758,4,3,24,18.450233308851573,3150529.258773665
2268.307801511751,4,1,11,7.248411367913918,2698858.591501915
2097.209921829736,4,4,45,18.65902319026531,2815097.415213879
3331.663584206449,4,2,8,12.377399411267628,3342956.7219821895
4520.379648434765,1,3,6,7.852931425450494,3337804.114
2783.1740748449074,4,4,13,17.757151569086595,3336116.9241450396
4228.781921938448,2,4,19,11.634627155487754,3551371.3359637866
2369.4880801134573,3,3,19,9.140242220727426,2771612.113746498
1050.5356362899768,1,3,9,0.3288808515100033,1738363.1192191055
870.6252404180096,1,4,10,14.37840701282257,1562417.3980568706
825.8712338241813,4,2,38,1.6392250945069515,2154824.033126269
2272.6606246137476,4,2,18,5.858917277636493,2893824.884858461
2083.8461036777053,1,3,18,19.23771742,1831841.621621788
3758.922903939306,4,3,42,3.188740791948723,3770359.554234996
3868.4146069734097,4,1,5,6.3045086818775955,3547790.0479534706
823.7574628684553,4,1,7,18.653553260122546,1768480.584336094
1572.9423567116658,4,2,0,6.819907980326785,2614745.936853615
1806.7521406991586,4,1,22,6.640632013517854,2425236.3481835397
3009.4927302283613,5,4,39,12.994296279273595,3714533.357633026
1235.866985190581,5,4,36,2.7140090733103412,3048326.2292334014
1189.3413653600016,5,4,9,19.45775902357015,2825188.420312915
4752.671112515015,1,4,1,5.5729506365825685,3724549.4616301735
4138.492792110236,3,3,35,15.735207756955015,3444215.1590203354
1394.8815692011494,1,4,1,5.823525565,2040643.1913962304
2388.8983547841603,5,2,14,5.579910947627022,3277523.8765438576
2164.7367967332884,1,1,19,1.244502890402258,1827151.2586629165
4080.417925887792,3,2,41,2.4744811284144093,3450392.258479925
2844.936832503737,4,3,20,10.487149458006588,3277398.3451960543
1162.5388427712548,2,1,29,11.579179323969946,1369358.7530105459
3851.5650778874733,5,1,23,16.335286069173733,3548749.7356645796
2346.3071041896433,5,1,1,1.2982822739537767,3206860.8247200637
1756.866689581447,3,4,37,7.1873886949278205,2614358.488996485
2252.1939368911685,4,3,21,4.083161128011057,3104106.6639896804
2790.128879870344,4,2,28,7.221762463364212,3075302.108772205
2109.7082722348414,2,4,13,7.150702658,2611513.0010540327
1664.3853994037345,4,1,4,7.1501674379991265,2433862.269046202
2353.4089267375134,3,2,23,6.261705332786895,2601143.2748173364
684.3608072995522,4,2,25,15.30316414371179,1875790.0388798576
3998.9905228237812,3,2,1,13.825155110420612,3382665.0773077956
1352.1575316973774,5,3,45,6.895237649440538,2777846.9309641956
793.1802999748039,5,4,44,3.0151132381551893,2780960.8033286156
3476.2742487823484,5,3,33,10.413779310085747,3829534.4562937766
4005.318966824158,1,1,22,18.385067644066545,2389631.0486350656
4180.848179,5,1,40,2.5588308831120528,3903920.3899463313
2771.4404037066397,3,2,34,15.085293974202964,2578687.240473578
1503.6200126359354,2,2,14,12.027643336468962,1805930.0576929057
3843.8017798992378,4,2,2,11.812943488381032,3640314.9382863156
3678.7375394790834,5,3,11,18.69967774360499,3875048.1329717594
1683.5912300539624,1,4,37,19.12321768722505,1739004.1793867974
4574.994125796289,1,3,50,4.952410803230433,3203121.7649378534
1059.2344155644475,3,1,16,16.18869295117512,1590516.2668630388
4923.828254201833,2,2,37,12.453904640254805,3392508.952400138
4385.090368300845,5,2,26,8.236027242495645,4162497.557404827
3626.754040107931,5,3,18,13.34586406556498,3921132.6568469834
4730.499508431265,1,1,48,19.123738847930806,2607447.895361334
3778.1691406243144,3,4,47,10.385819202865257,3511041.1043591695
1438.010786932202,1,2,20,18.80758874831707,1307526.5366040769
2545.4870076963716,1,2,39,12.893455990036749,1884547.302151768
914.6133070591956,2,1,23,9.709893892009195,1312781.6937937313
2314.492658067708,3,2,23,12.91899176020734,2448539.4119340247
3863.053286843718,2,4,18,12.09056679670611,3364388.2255920544
2300.3507440955964,3,3,30,8.491777084627627,2695012.748459563
2053.294372,5,1,39,11.292960834813911,2670460.8874379345
3219.565179045372,4,2,19,14.094648591925457,3197562.535788494
4437.699927595138,4,2,14,16.793439218956426,3777654.0975227584
809.3660472028947,3,4,39,6.156181642872101,2151232.3088483224
2296.069912678836,4,3,34,0.39149374738547627,3134877.999496026
1296.259263987156,1,4,47,11.069236247739816,1656417.8251430988
3659.5587032202266,5,3,34,9.836754967472563,3927717.170364979
1065.1880658969935,5,4,32,1.1785561837350795,3013695.827378113
3525.154137753076,4,3,39,12.686877559345367,3478512.435793949
1859.1958315107922,3,2,40,18.833867111127418,2017593.4916371652
1475.2339804437886,1,2,43,8.104412541421924,1425201.6574977732
4719.951254429936,3,2,17,17.897767765616347,3581693.190006959
681.5081376822059,4,1,16,16.28071702801773,1699812.6463850657
2526.2199963141034,5,3,7,3.318154128697185,3626419.833687425
695.1587668318926,5,1,19,15.766868711925804,2001914.9272817473
2727.809411659048,3,3,10,10.382451022633754,2970928.6034811665
2804.608462,2,2,29,18.380707556583257,2254362.998120372
2015.3148741368868,3,1,26,3.869582085642355,2264938.7134599136
1181.5118211101042,2,1,38,2.5884242836537377,1513660.3429862945
2256.105166031691,3,4,13,4.901479951085003,3029695.902098463
3557.9569357032906,2,3,41,1.2865715379012932,3112919.955197937
4042.5415580356203,2,4,14,6.469593966753628,3586551.8177870554
2935.302650507826,2,1,11,5.731877070455226,2462686.701949126
3195.2713355349247,2,1,19,8.382680476821976,2499654.976
1482.712032948472,1,2,16,9.313246338029431,1539764.0078179645
1864.2534662016576,2,4,39,2.9799389154506613,2442200.872896133
1312.340684230377,2,4,25,12.425541179884211,2047332.4366218215
1696.8995400202898,5,4,13,4.548991236318891,3357142.863388085
1589.5018329923398,1,3,24,2.526380512030319,1888896.2243598807
2885.5746601214455,2,1,25,14.205340744238546,2198353.433280269
3075.8305254792094,4,4,46,0.5524317433087225,3661539.545977748
4757.768652,1,2,24,7.430482218821765,3174947.599535192
1460.5108472467014,5,1,24,2.973625261,2615455.8365137246
3423.373124710582,3,2,26,17.667574769697975,2893007.9850656493
4195.940783545101,5,1,42,16.50672208,3622508.868189532
3065.0624406454313,5,2,11,1.3044813769542725,3716114.510887948
1722.016071004733,1,4,19,11.053976287829792,2009601.4278500879
1755.2210120880009,1,4,15,5.977575253165126,2147731.919085015
772.7134335123997,4,2,24,3.9316562133670243,2152396.510593177
1943.9545968133195,4,3,26,6.2996188588027975,2880657.839334921
3876.2561876148725,1,2,17,16.33615844965184,2591077.8429187173
809.0781317112857,1,1,9,1.251321880469749,1199185.546350565
1564.899243021255,1,2,50,12.999844343162671,1337125.6527516914
3707.4229935398407,3,2,49,18.276065891930134,2907863.0970356353
4043.666876420657,5,1,29,9.016321313387403,3761179.930046898
2603.401004272485,4,4,0,18.040127210748782,3305570.8760255845
3671.527089306055,4,1,3,18.145328538577225,3222529.8919858006
2306.989542081525,2,2,22,12.230955863246786,2163548.571880144
1303.6182781061611,3,1,6,9.171226615,1903057.5248488344
2351.8577715007887,1,2,29,14.779506615651696,1800011.6715416776
3151.8584088938287,1,4,25,18.33283050697679,2548945.5124116964
4771.434440152717,3,2,0,13.63270335375235,3777736.0711056287
902.5041891901802,4,2,28,4.271182892,2190501.354854174
2832.5340129178267,1,4,24,16.41910935443146,2432557.7374746017
2047.2470241271872,2,1,39,19.035513860500863,1612586.1529578937
2836.571454817456,4,3,25,8.264470095508758,3292669.2436028705
705.4919684567394,5,3,16,13.982034569980115,2457778.210933085
1977.3115606869578,3,2,30,10.411510345810923,2295098.491531578
4207.419849118822,4,2,7,2.3289828205287457,3986803.1862531533
3037.343628960405,5,4,4,7.061856084537353,4022107.610893773
2582.5629683909165,2,1,0,3.3602092090005344,2388750.218119765
1856.3103155474942,3,3,14,13.504109831295368,2452745.879252157
1911.387100281966,1,3,35,11.683684512746556,1811692.7779903691
2285.646307798572,1,4,6,0.7673346014642195,2562149.379974319
4276.511123844066,5,4,45,1.3259775938826925,4551408.928148696
4855.738109956381,4,3,43,5.289770396171247,4271746.565159082
2530.0836779416477,2,1,26,14.922704689649688,2001260.6632821474
2330.752490490152,5,1,34,2.6240383912037633,3007568.395525318
4324.823413607396,2,1,26,4.175004611062054,3113584.5326867746
2478.383410799736,2,2,19,18.16176525789055,2145629.3183463747
3028.879958100865,2,1,17,10.968136341588322,2374750.1703229835
1616.1433242344756,3,2,39,12.454907885296674,2028646.4225156214
3871.411157427931,5,2,1,9.169746293,4011983.5709629813
2940.7486,3,4,29,6.065442711365836,3268738.364072721
4159.752021057503,4,2,37,5.0576926779274585,3758395.075
4035.2240121261466,4,2,29,11.825469766600898,3600775.528835373
1546.0209803881257,1,4,6,9.472408402358335,2018235.2402512133
3748.7964224541547,1,1,38,8.120359159441207,2386663.946
4120.239394986034,1,1,12,13.918264770651444,2586427.320184306
2122.871859442538,4,3,32,8.142667749,2903255.4928512443
1359.480096770008,2,3,39,0.8309345806345128,2032794.274876631
611.5814846,2,2,29,16.809431673424154,1189275.026910928
2583.976073609852,5,3,29,6.436228474355106,3482936.385422141
2150.704018770903,4,4,22,18.93339452485652,2951357.036992639
3041.603268831799,1,3,44,17.60320605688323,2213410.4313825523
1427.3808073906573,4,3,23,4.754933260438564,2668264.656590875
4382.528409732491,2,2,19,19.312873196399426,3074679.6590425745
1734.1229487636824,2,4,27,17.08585911333211,2155017.2102195164
1596.2902623856598,3,3,18,19.70182742767995,2178781.5007435484
2715.141848531166,3,1,48,13.591174257307497,2310420.3572237506
2794.9445044748068,5,4,12,18.62146230996042,3629715.9241425125
1546.3750066544085,4,4,15,13.832853128829123,2786203.358854939
1796.1871975940294,3,2,14,17.11635846997273,2150439.3475018777
1346.7030522830778,3,4,10,12.247542924320195,2443073.585759452
3761.224784621934,4,4,11,18.590570014341246,3818473.9101284593
3988.3917375179603,2,4,21,10.409929422026192,3445670.1984227737
2634.2453888208433,5,4,24,14.757717640616578,3566641.2597024078
3741.982899814077,5,4,2,18.34751299665424,4158714.108078271
3838.115725,5,4,23,8.505563363003635,4298619.513106625
1208.4123217823578,3,4,24,0.625401291,2536371.053183859
4851.183309271962,2,1,8,2.3496375673552867,3503271.8213931923
4212.540567224297,5,4,27,19.44103769,4247122.447899992
1499.7272292616235,4,2,45,17.47673057035428,2140001.9213280436
1419.126157282709,5,1,29,9.720007051947094,2434835.856
1152.909040550164,1,4,6,19.221898300159516,1626689.472376209
1208.865675184441,2,3,10,3.7935503609348786,2043234.748
3891.911915726263,1,2,9,2.3082307131941717,2919464.2617035657
2666.4787305871437,2,1,2,12.06865755051476,2246539.132387594
4044.910360055416,4,2,18,7.704193910992137,3743044.2199121825
3883.521535140904,3,1,1,6.861415755544433,3264205.3705638805
3260.295939422975,3,3,16,14.709622713779748,3120628.434
3620.013069,2,2,28,3.085261384913826,2972974.224879136
680.7651872682238,5,2,1,15.591135553523301,2288232.800667963
1971.8216459420967,1,1,15,7.2530473570905105,1630522.7939335553
3406.417588741405,4,1,48,19.736077403378733,2833160.164407445
641.1177953394745,5,3,9,16.194047129281834,2416350.873188418
745.0985522,3,4,3,12.959848885752105,2163025.2164909807
4348.307122869686,5,1,42,4.665980772,3935506.8641053867
3609.7093914451157,1,1,25,19.13288655427808,2161869.8827413134
1767.6268257295135,3,1,48,0.7549097913652932,2093388.1351417683
3627.036497,2,3,23,4.544660622185747,3172297.9539217628
4086.8093442127583,4,4,11,0.83183661,4336440.858013922
1949.8948456844455,4,4,20,19.33367197686221,2852946.901409296
758.5644609964248,3,3,41,17.441845440955916,1690118.2397834114
4704.228148626032,2,4,15,19.046942549447916,3660848.1414283747
2118.791288500774,1,2,35,14.329196216755125,1662484.6380196018
1068.519758452708,4,3,34,0.6457389093562849,2516018.0191435455
2764.1702341298483,3,1,8,18.636890602480126,2434020.223119639
3981.258300922189,4,4,5,8.476960156448254,4160762.865436447
1575.2481843172602,2,2,43,7.427197294,1788753.0643791587
1785.7562205867987,1,3,0,5.754234022499086,2042466.3479477349
1667.9459419137659,2,3,13,5.807276762946111,2217500.353802278
4963.361432459384,5,1,23,16.032508185176386,4110703.4706304814
1468.5764284143872,2,1,9,5.201951619545693,1749922.099920597
3132.2889546509455,2,3,17,4.521024943,2955396.896569261
4671.164423290643,4,2,44,13.99059059399319,3800443.317869775
1246.3449030622287,2,1,8,5.8205150142095174,1631435.0693512412
4871.758470617881,3,3,26,0.3613056592962089,4163326.040227334
4768.899831340748,4,3,18,18.642151102825455,4086279.811718182
4492.1167430563555,4,1,35,6.339921350971615,3708932.8626130633
1544.0486938520098,5,4,2,15.311111292175163,3120475.039186819
3389.8422464483265,3,2,37,9.432847813697503,2985937.0850545308
3947.922481029457,2,4,8,2.7681883892735386,3643270.390833575
4938.522884,5,4,9,13.272371945624728,4823486.921223968
1393.8648171580298,3,2,8,4.708040556570549,2227444.5155519214
3970.5139578849044,5,2,16,5.829565711207129,4053338.582822627
2090.725147679297,1,1,41,0.7448866448462945,1690137.759
1372.7564484992101,2,1,37,0.42642666726276873,1657522.609008667
2454.0585413409617,5,1,47,10.321027198565702,2850281.6448034844
4092.878013453912,1,2,48,1.250118686761139,2846109.5510960505
2645.3391362978296,2,4,42,4.2674096828847325,2791994.2925955374
2965.1016408934133,5,2,19,18.483762320165305,3282548.4921477176
4978.701404880533,5,1,6,1.7488236261695607,4489047.148021192
2356.0809180526744,5,4,3,5.886711022571812,3709979.156679218
3307.7633207206554,5,1,9,14.557910426549567,3382396.369933654
2207.0744871076363,4,4,20,17.698069240523445,3014248.7768476666
2328.2568438463018,5,1,13,1.0196018754007585,3143409.302519453
3660.8193151597957,4,2,24,3.790246436245857,3599277.6469592983
4726.702694817487,4,3,16,7.818880458748007,4291646.656338101
2986.3793821662143,1,3,27,7.283785280541509,2477186.9035765943
3980.9596873746314,2,4,13,5.841662122628238,3573319.5193390683
992.5088587946408,4,2,12,4.921921047392096,2302488.926553796
1529.0953647004785,3,1,33,5.446310811963689,1955294.3842152827
2809.379220045943,4,4,40,2.7551689865223477,3514259.148396842
688.0515839666091,3,4,2,3.3501997884891086,2331694.7143178396
1712.5619065552587,1,1,3,12.174661306396636,1462460.6452540138
2876.565675229851,3,1,43,5.914603323,2569663.689258505
665.8292723277232,1,1,14,8.053736880486143,966512.8166584561
1764.0036593945836,1,2,19,8.298131175,1685712.1243004955
2861.7356056938256,1,3,7,2.283776184549328,2614865.197260244
3121.8566911174808,3,4,49,16.407926418144076,3052442.7353001763
4673.307449443344,3,4,4,19.131557386683422,3998695.495092321
3439.5207423026745,1,3,1,5.344482960116976,2872543.6300533153
2424.8375311319724,1,4,27,5.958762695730722,2422916.429755689
4693.545179385498,2,2,21,13.893760883042475,3328570.290136217
4053.4851269062947,1,1,8,1.7037087865847806,2817341.305825769
1480.0392528960895,5,3,27,18.155726421860287,2706578.0161151565
1175.706389934807,2,2,45,2.4997272139086872,1677531.568793547
3573.571197268025,2,1,0,14.668043171117578,2658097.6533159786
3063.485928538729,2,3,35,5.901150010930859,2803392.8821550645
4074.563900688125,5,2,48,6.532967893777636,3931295.510572827
3850.7422203462206,2,3,41,2.902808441,3226987.859452919
3350.9307489730663,2,3,1,12.962122796959823,2975895.836651654
4940.081555167126,3,2,37,15.920387787941648,3631305.939929047
2947.794812485798,3,4,25,19.009807351894445,3033374.1773093278
1097.6653286075673,1,2,30,6.6978337491678195,1329548.9074247447
4244.403685190348,1,3,50,12.461500112658156,2887644.7584463283
1708.1547943211197,4,3,40,8.358359671,2651583.121848899
4020.1294518332406,5,2,50,11.201089087541646,3800715.862270105
4811.271222400226,3,1,18,3.3423414116192935,3713461.701072045
3665.9002614431015,1,1,30,11.676882531838197,2314085.3981891037
3222.5327081791247,5,1,8,16.99673715767395,3296004.529040401
2625.6991729701786,2,1,2,17.286697768968533,2121788.549210036
2203.4034103797744,5,2,37,9.719447619,2986985.670907167
2153.2209042760796,3,4,5,4.7913546623844665,3020456.276994668
3400.0399051221984,4,1,48,16.749911584085787,2889694.638983701
3905.601714526082,3,3,44,19.98862748496607,3197701.225668037
3585.4751057314234,1,1,44,7.605476874313281,2285300.9334837636
1473.004445251676,1,4,6,18.49493723,1801276.3960743253
2773.543592631361,5,2,40,19.670856470254645,3058027.585014905
4083.2163176054773,3,4,24,7.972704387461895,3826826.989157818
2693.0979440318474,1,4,24,14.35405989731191,2404140.692174003
2961.142430836173,2,4,49,11.663740813263464,2766969.3172571347
3992.9986119516175,2,1,0,14.471654405064571,2871739.1359788347
3509.5673475664025,4,1,21,3.167639418379825,3351103.8035199223
2401.1176518825273,5,4,19,7.397724809177309,3622277.247862035
4539.815929254563,1,2,12,1.3496810109873576,3247587.262511852
1315.2951021193057,4,1,39,12.303001121267778,1981260.4467386145
4980.272373797428,2,2,20,18.541258935164183,3383983.9262997485
1122.9513452954436,4,1,22,11.249636588085265,1991155.8589903337
665.7798728586512,4,2,40,1.4995992485527458,2067570.869562588
4516.083165054564,1,1,32,18.61451025799312,2590424.295471737
1677.7954368102069,1,4,8,2.746001721864622,2208650.602072128
3810.678360765572,1,3,28,17.67053443788995,2676601.4097293047
4168.467649701105,5,3,31,14.313122190455312,4107644.299145764
4379.540120541314,4,2,10,12.763718329908285,3849168.6117768087
4963.014636922334,4,2,35,11.778267192736847,4035614.8927107477
1893.774724175996,5,4,28,2.7098693753450567,3417362.8926854143
3725.070704,2,4,47,10.066790672256841,3190872.4568991507
1107.759376435644,3,2,30,4.0141914632458455,1988268.7770572223
2389.9608819701375,2,3,13,11.478499054736451,2465083.377994657
4331.075450575398,5,4,49,9.002140513673838,4405167.833118538
2217.6954026600765,4,2,24,13.625543679610937,2681009.745842137
3200.819674356702,4,4,25,19.651690894257975,3447048.937397509
2816.603152,1,4,21,7.284206532,2622290.363659455
3442.1867368929984,1,1,8,12.372598577165263,2298314.315007511
4880.735313305858,4,4,32,17.301697838018548,4299006.617996875
845.2363166061693,4,2,22,1.9492400076631224,2238306.276
3125.4306770071707,1,4,34,16.02489661922218,2536890.324223459
4397.326628701253,1,2,19,4.864556917533034,3071045.094104283
2718.083931693081,2,1,32,10.851492769957668,2146685.0285517043
945.5196181429204,4,1,34,19.83087862684618,1670815.154638854
3066.3731506337917,4,3,45,19.682636367488374,3079206.766071446
2061.12512,5,1,29,6.384373025683738,2822548.017403048
1281.743855486918,2,1,45,2.7220828276629354,1526103.1892945177
4335.751858447281,3,2,29,18.769882231581597,3312151.2026963257
2895.037857160935,3,3,21,17.88123575647864,2849567.131555212
4706.416214467893,3,1,44,12.359034735124608,3350700.330635772
4146.472620253504,1,4,0,0.7449667378667144,3523009.893473735
3649.0758926041362,3,3,14,15.050478449428669,3318201.2954178127
622.1122148073725,5,1,24,3.3010187435038874,2189708.6506379256
2482.423209,1,3,19,18.866123306840084,2033562.0565716657
1468.939639268942,1,1,6,8.759008788961895,1393962.5619595505
4607.5108086150185,3,2,15,12.34080060264968,3646612.310358833
1368.1695325759852,1,3,22,5.693490778252951,1724887.868827251
1858.6642273008563,2,3,20,9.554010059971779,2202924.831
2874.081778031796,2,1,0,15.117246514070105,2299368.8768388135
1758.7999235915488,3,3,46,9.891129593176943,2316250.2880365527
1523.404580028133,5,1,19,16.95922685643186,2392190.6709897467
3236.0370304521107,1,4,46,14.289245976391504,2566906.513802543
991.2899001,4,3,18,1.6394554888604707,2537528.7583881607
855.9381383720688,3,3,5,12.176024545478683,2024121.496380778
2237.8792988187142,1,2,37,12.290728709940256,1752797.9933148695
3770.9235998345944,3,2,31,7.679877213,3241537.173769964
3041.149736405371,3,3,0,6.522206158,3254803.663145418
2460.656461253827,5,2,29,1.3514631208050711,3322971.8863151297
3089.3068825881624,4,3,15,8.978513920927284,3454756.0809798534
2207.9865324744037,1,1,26,6.798269511244073,1702700.7941166377
4719.043875901297,3,3,17,19.02614991271659,3758671.857800634
841.58152,3,3,12,13.51607019872249,1955142.274133571
3562.922507731275,1,4,43,9.255222070296895,2846029.730564017
4521.643725242102,3,2,49,15.116778414375514,3378159.212437858
4137.092718435115,3,2,27,15.597515788071371,3286268.9615604472
1409.7805532143657,3,4,9,9.661072242,2531341.749864855
1902.0759355132689,2,1,13,1.6075802612677739,2018559.2806355965
3755.010930311261,2,1,28,15.632967531744729,2589519.0326250535
970.7904603953683,4,1,10,1.8966524514780838,2162135.0992724397
4172.191479,5,4,49,16.965385847451252,4166460.940786977
3763.1905562610773,1,3,26,6.749722162911463,2881273.752976627
3810.269256635507,5,1,43,12.800995192124779,3498787.6425795755
1041.062029177402,5,1,16,14.83404861294983,2208522.960434022
3758.146397191416,2,4,2,0.8003300599874124,3617739.5155002773
3591.199750967868,4,2,30,7.753824686319447,3455196.2998618623
4256.058959616143,5,4,20,12.122445859187943,4450253.481
783.0222075284659,5,2,32,16.978070521209123,2156622.611444368
701.6869412582856,3,1,0,14.383616695290144,1527844.0548276573
2241.2312394656674,1,1,5,17.93320916775804,1601624.3544819902
1254.6684489362726,4,3,50,1.7461811559760843,2507083.519452932
3056.8917013089763,1,3,3,1.5292578438956506,2747533.611880893
4636.335166629695,2,2,21,14.299146321441855,3291857.5749903275
2322.5108134696693,5,1,12,8.030711995856539,3005314.0849220213
4317.7816599994585,5,1,43,9.684462098893697,3814874.506126173
601.0598478786125,1,4,29,12.125889108619546,1377685.0598712326
1341.4644312204105,2,1,39,19.720235088771485,1246000.4319390927
733.8635744779767,3,1,25,1.436606495,1677872.5754396059
2043.847594266302,3,4,38,2.267008299581081,2851256.549245847
4596.034221064612,5,4,38,16.60333339,4440623.360862061
1026.589343835546,5,1,6,0.5084327970090845,2537798.934081909
3268.2030176727217,4,3,13,9.06405133,3552493.4003307736
2586.5821321255544,1,3,25,15.504953963673534,2122864.9048936237
4729.260134409575,5,1,17,3.985849538578451,4264585.994537536
1139.084227163213,2,3,50,3.8215012500049337,1807785.0066858253
1532.9225422098073,1,4,23,6.274021652,1990653.7561648143
729.9846618905704,4,3,50,3.0852057444074004,2217961.1341614546
2509.3150983780447,3,1,24,13.603201789065618,2327266.4315120275
1822.464758084479,4,3,49,4.082737274799592,2749250.551650565
4427.586109117412,1,1,31,4.614465027011693,2831176.6721227895
3261.739578070122,3,3,5,11.541209447026691,3239718.518198845
3301.9992470930874,2,1,15,19.350087460081273,2353670.7924492355
2940.407066277731,3,1,2,18.28626319013397,2559151.187440504
1004.1414838084844,3,3,20,17.303484919575748,1920673.9616170444
2558.082208391563,2,3,31,10.66538428322363,2475406.3366356264
4997.822834717473,5,4,1,6.025261132543842,5038079.112812176
4275.008879722465,5,2,46,14.14476684763798,3889282.0210127905
4531.219838,3,1,19,7.852587867606044,3478231.079919852
4222.195980684598,3,1,10,15.580388770281061,3214163.1330409953
1053.3834510963238,4,1,50,0.42221056298854376,2032920.4323927083
1600.7723178851184,5,1,17,10.637846815239357,2567302.1407420896
613.7352659682024,2,3,10,6.813274850447707,1685275.0540794644
1935.4445494636905,3,3,34,5.056077206131997,2561273.6487135226
1077.8725703245673,3,2,35,13.270553068725096,1763198.141892099
2680.2907193269652,4,1,37,13.201629338861089,2655785.6909905784
3579.3609497251687,4,2,11,0.8376368410775391,3682600.656145351
4447.823298167539,4,4,30,18.95920783171616,4059400.410553763
3896.555526399952,1,2,35,7.300875419395343,2691933.1729163867
4729.7766214254225,2,2,29,18.356415506539783,3217432.9186862335
837.1524777326707,1,4,43,11.716027764584588,1433928.6016789607
653.5912758327823,3,4,3,13.086550410180356,2114737.5478171017
3509.8877008793356,4,2,1,19.214260008567585,3330331.5683726333
1873.1506049778834,4,4,43,16.46172586535289,2757013.703286201
1715.404470865402,4,2,12,2.8866966996019436,2704641.2195449797
2055.9031858526946,5,3,25,0.2038971556073497,3363546.5679185176
1787.1026547264023,2,3,28,6.240888868800927,2193406.468
2850.320187726984,1,2,47,9.821898128313709,2058395.049401535
2536.653167786183,2,4,35,14.66978283415155,2564603.845314378
2854.6856260572877,4,4,27,13.254862769416759,3391918.475744626
3559.939890601919,3,3,7,6.325837811060528,3483126.1071840664
2303.3742394730525,5,3,4,10.885720184350797,3378645.6341538276
1705.7538234254898,2,4,31,13.053572988892997,2201478.3700392027
1331.2823619584801,3,4,29,10.323629020671676,2378841.518670124
2137.6861259435523,4,4,13,13.81058849124039,3092304.211251286
3863.948491083157,4,4,46,9.755843253571875,3871530.298574459
3929.501604490466,4,2,42,10.640731638973902,3506609.0875700726
3534.383701410525,4,4,9,18.821428326667476,3710436.2022762303
1629.7239713502481,5,3,9,7.844246739822705,3077649.9689829876
3187.5794817606698,5,3,5,15.138575889440512,3730691.141195842
3111.034510938131,2,1,15,6.760063268699937,2509988.908199384
2730.7712716827923,4,4,25,6.703905254,3470980.4488601116
3019.9075400890024,5,2,20,18.540764777813994,3303811.3925925386
2763.8787835441394,3,1,35,14.003562957910734,2391541.050718173
3088.008010726076,5,1,40,18.586269930753673,3036951.524852282
3748.2262003329665,5,2,41,19.892171093989557,3535942.5963910096
1082.3640553751347,2,1,29,0.10404298736856665,1558774.0860445132
3898.353309455704,5,1,4,19.664689955669317,3600555.773718783
1197.8990605614144,3,3,9,2.1073273216040507,2376475.9019529438
893.1631930056487,4,1,47,1.5011884507641189,1946230.7455918593
4894.7506193744575,1,2,30,15.379415114635988,3054459.9254988264
4810.763783029943,2,4,10,7.0686735523480655,3978681.3385723275
865.9207977384818,3,4,37,18.364457536351036,1945344.1662465371
2550.3151424898333,2,4,6,10.935680721739189,2791116.8749144506
1419.477728519009,4,3,11,7.783621710651736,2663739.3481507874
2735.5175473914396,5,3,44,1.5614037345056966,3581203.6171099236
4252.779869198184,5,3,48,9.346253450356409,4164137.7836962817
4782.691808868717,3,2,40,5.630164908,3743415.5243867715
3390.7116751867643,4,4,7,1.6246007119153802,3992536.741459392
2157.184935731995,1,2,27,13.440731742505536,1739450.7511202043
3254.632488836233,1,2,15,19.549003981604578,2226009.082890342
1972.8057468771815,5,1,2,7.640398259,2888267.8263550834
4603.2240196610655,4,4,36,6.015571919843826,4365973.489537973
4429.762037665682,4,1,31,1.8902077871791212,3786749.781193576
3056.2197012305082,3,3,20,4.540589899991069,3201970.971
2029.1152276735863,1,3,44,5.770947770988274,1943811.576521345
1890.9145725651047,3,2,17,6.949094695437687,2386148.310478116
747.0391767022617,2,2,47,12.715944260065246,1248873.6212541433
4189.611744511299,4,1,45,2.385966293471093,3586759.464490545
2581.686137371635,1,1,10,1.2626358771213502,2080263.269247708
2030.5848849611634,3,2,49,18.618578164114933,2062593.7973026005
2672.885561990117,5,4,7,16.003854967068758,3646038.5997580006
4202.447158000469,2,2,11,5.63661953,3298164.107
1148.3025139130932,3,4,50,12.811964577431619,2132584.8835122315
4373.686348,5,1,1,11.890596368018123,4008704.1648759753
4549.038874476758,1,3,40,14.88591061231405,3041474.1430964153
4765.514826149108,1,3,21,17.199960126466845,3198431.1286495347
2348.9471666595623,2,1,8,7.219265802,2154761.185403811
1555.4177777657562,5,1,13,13.250556456233937,2512370.677862517